date,structure,mold_index,risk_share,drying_share,uptime_share,trust_ok,pts_mold,pts_risk_zone,pts_drying,pts_system,score,grade
2025-05-13,Katto 1,0.0,0.0,1.0,0.0,True,40.0,20.0,20.0,5.0,85.0,Certified dry
2025-05-14,Katto 1,0.0,0.0,1.0,0.0,True,40.0,20.0,20.0,5.0,85.0,Certified dry
2025-05-15,Katto 1,0.0,0.0,1.0,0.0,True,40.0,20.0,20.0,5.0,85.0,Certified dry
2025-05-16,Katto 1,0.0,0.0,1.0,0.0,True,40.0,20.0,20.0,5.0,85.0,Certified dry
2025-05-17,Katto 1,0.0,0.0,1.0,0.0,True,40.0,20.0,20.0,5.0,85.0,Certified dry
2025-05-18,Katto 1,0.0,0.0,1.0,0.0,True,40.0,20.0,20.0,5.0,85.0,Certified dry
2025-05-19,Katto 1,0.0,0.0,1.0,0.0,True,40.0,20.0,20.0,5.0,85.0,Certified dry
2025-05-20,Katto 1,0.0,0.0,1.0,0.0,True,40.0,20.0,20.0,5.0,85.0,Certified dry
2025-05-21,Katto 1,0.0,0.0,1.0,0.0,True,40.0,20.0,20.0,5.0,85.0,Certified dry
2025-05-22,Katto 1,0.0,0.0,1.0,0.0,True,40.0,20.0,20.0,5.0,85.0,Certified dry
2025-05-23,Katto 1,0.0,0.0,1.0,0.0,True,40.0,20.0,20.0,5.0,85.0,Certified dry
2025-05-24,Katto 1,0.0,0.0,1.0,0.0,True,40.0,20.0,20.0,5.0,85.0,Certified dry
2025-05-25,Katto 1,0.0,0.0,1.0,0.0,True,40.0,20.0,20.0,5.0,85.0,Certified dry
2025-05-26,Katto 1,0.0,0.0,1.0,0.0,True,40.0,20.0,20.0,5.0,85.0,Certified dry
2025-05-27,Katto 1,0.0,0.0,1.0,0.0,True,40.0,20.0,20.0,5.0,85.0,Certified dry
2025-05-28,Katto 1,0.0,0.0,1.0,0.0,True,40.0,20.0,20.0,5.0,85.0,Certified dry
2025-05-29,Katto 1,0.0,0.0,1.0,0.0,True,40.0,20.0,20.0,5.0,85.0,Certified dry
2025-05-30,Katto 1,0.0,0.0,1.0,0.0,True,40.0,20.0,20.0,5.0,85.0,Certified dry
2025-05-31,Katto 1,0.0,0.0,1.0,0.0,True,40.0,20.0,20.0,5.0,85.0,Certified dry
2025-06-01,Katto 1,0.0,0.0,1.0,0.0,True,40.0,20.0,20.0,5.0,85.0,Certified dry
2025-06-02,Katto 1,0.0,0.0,1.0,0.0,True,40.0,20.0,20.0,5.0,85.0,Certified dry
2025-06-03,Katto 1,0.0,0.0,1.0,0.0,True,40.0,20.0,20.0,5.0,85.0,Certified dry
2025-06-04,Katto 1,0.0,0.0,1.0,0.0,True,40.0,20.0,20.0,5.0,85.0,Certified dry
2025-06-05,Katto 1,0.0,0.0,1.0,0.0,True,40.0,20.0,20.0,5.0,85.0,Certified dry
2025-06-06,Katto 1,0.0,0.0,1.0,0.0,True,40.0,20.0,20.0,5.0,85.0,Certified dry
2025-06-07,Katto 1,0.0,0.0,1.0,0.0,True,40.0,20.0,20.0,5.0,85.0,Certified dry
2025-06-08,Katto 1,0.0,0.0,1.0,0.0,True,40.0,20.0,20.0,5.0,85.0,Certified dry
2025-06-09,Katto 1,0.0,0.0,1.0,0.0,True,40.0,20.0,20.0,5.0,85.0,Certified dry
2025-06-10,Katto 1,0.0,0.0,1.0,0.0,True,40.0,20.0,20.0,5.0,85.0,Certified dry
2025-06-11,Katto 1,0.0,0.0,1.0,0.0,True,40.0,20.0,20.0,5.0,85.0,Certified dry
2025-06-12,Katto 1,0.0,0.0,1.0,0.0,True,40.0,20.0,20.0,5.0,85.0,Certified dry
2025-06-13,Katto 1,0.0,0.0,1.0,0.0,True,40.0,20.0,20.0,5.0,85.0,Certified dry
2025-06-14,Katto 1,0.0,0.0,1.0,0.0,True,40.0,20.0,20.0,5.0,85.0,Certified dry
2025-06-15,Katto 1,0.0,0.0,1.0,0.0,True,40.0,20.0,20.0,5.0,85.0,Certified dry
2025-06-16,Katto 1,0.0,0.0,1.0,0.0,True,40.0,20.0,20.0,5.0,85.0,Certified dry
2025-06-17,Katto 1,0.0,0.0,1.0,0.0,True,40.0,20.0,20.0,5.0,85.0,Certified dry
2025-06-18,Katto 1,0.0,0.0,1.0,0.014,True,40.0,20.0,20.0,5.213,85.2,Certified dry
2025-06-19,Katto 1,0.001,0.011,1.0,0.048,True,39.992,19.773,20.0,5.724,85.5,Certified dry
2025-06-20,Katto 1,0.0,0.017,1.0,0.082,True,40.0,19.659,20.0,6.236,85.9,Certified dry
2025-06-21,Katto 1,0.0,0.023,1.0,0.116,True,39.997,19.545,20.0,6.747,86.3,Certified dry
2025-06-22,Katto 1,0.0,0.028,1.0,0.151,True,40.0,19.432,20.0,7.259,86.7,Certified dry
2025-06-23,Katto 1,0.0,0.034,1.0,0.185,True,39.999,19.318,20.0,7.77,87.1,Certified dry
2025-06-24,Katto 1,0.001,0.057,1.0,0.218,True,39.991,18.867,20.0,8.272,87.1,Certified dry
2025-06-25,Katto 1,0.0,0.068,1.0,0.252,True,40.0,18.64,20.0,8.782,87.4,Certified dry
2025-06-26,Katto 1,0.0,0.071,1.0,0.286,True,40.0,18.584,20.0,9.292,87.9,Certified dry
2025-06-27,Katto 1,0.0,0.079,1.0,0.318,True,39.998,18.423,20.0,9.775,88.2,Certified dry
2025-06-28,Katto 1,0.0,0.09,1.0,0.352,True,40.0,18.197,20.0,10.282,88.5,Certified dry
2025-06-29,Katto 1,0.0,0.101,1.0,0.386,True,40.0,17.972,20.0,10.789,88.8,Certified dry
2025-06-30,Katto 1,0.0,0.101,1.0,0.42,True,40.0,17.972,20.0,11.296,89.3,Certified dry
2025-07-01,Katto 1,0.0,0.104,1.0,0.454,True,40.0,17.915,20.0,11.803,89.7,Certified dry
2025-07-02,Katto 1,0.0,0.104,1.0,0.487,True,40.0,17.915,20.0,12.31,90.2,Certified dry
2025-07-03,Katto 1,0.0,0.104,1.0,0.52,True,40.0,17.921,20.0,12.795,90.7,Certified dry
2025-07-04,Katto 1,0.0,0.104,1.0,0.553,True,40.0,17.921,20.0,13.301,91.2,Certified dry
2025-07-05,Katto 1,0.0,0.107,1.0,0.586,True,40.0,17.859,20.0,13.789,91.6,Certified dry
2025-07-06,Katto 1,0.001,0.129,1.0,0.618,True,39.988,17.416,20.0,14.27,91.7,Certified dry
2025-07-07,Katto 1,0.0,0.143,1.0,0.65,True,39.992,17.143,20.0,14.748,91.9,Certified dry
2025-07-08,Katto 1,0.0,0.16,1.0,0.685,True,39.998,16.798,20.0,15.281,92.1,Certified dry
2025-07-09,Katto 1,0.0,0.168,1.0,0.717,True,40.0,16.639,20.0,15.756,92.4,Certified dry
2025-07-10,Katto 1,0.0,0.171,1.0,0.751,True,40.0,16.583,20.0,16.261,92.8,Certified dry
2025-07-11,Katto 1,0.0,0.174,1.0,0.784,True,39.998,16.527,20.0,16.765,93.3,Certified dry
2025-07-12,Katto 1,0.0,0.184,1.0,0.816,True,39.999,16.313,20.0,17.235,93.5,Certified dry
2025-07-13,Katto 1,0.0,0.193,1.0,0.849,True,40.0,16.145,20.0,17.737,93.9,Certified dry
2025-07-14,Katto 1,0.0,0.201,1.0,0.88,True,39.998,15.989,20.0,18.203,94.2,Certified dry
2025-07-15,Katto 1,0.0,0.215,1.0,0.913,True,39.995,15.698,20.0,18.701,94.4,Certified dry
2025-07-16,Katto 1,0.0,0.223,1.0,0.947,True,40.0,15.531,20.0,19.204,94.7,Certified dry
2025-07-17,Katto 1,0.0,0.226,1.0,0.98,True,40.0,15.475,20.0,19.707,95.2,Certified dry
2025-07-18,Katto 1,0.0,0.226,1.0,1.0,True,40.0,15.475,20.0,20.0,95.5,Certified dry
2025-07-19,Katto 1,0.0,0.218,1.0,1.0,True,40.0,15.642,20.0,20.0,95.6,Certified dry
2025-07-20,Katto 1,0.0,0.215,1.0,1.0,True,40.0,15.698,20.0,20.0,95.7,Certified dry
2025-07-21,Katto 1,0.0,0.212,1.0,1.0,True,40.0,15.754,20.0,20.0,95.8,Certified dry
2025-07-22,Katto 1,0.0,0.218,1.0,1.0,True,39.998,15.63,20.0,20.0,95.6,Certified dry
2025-07-23,Katto 1,0.0,0.218,1.0,1.0,True,40.0,15.63,20.0,20.0,95.6,Certified dry
2025-07-24,Katto 1,0.0,0.202,1.0,1.0,True,40.0,15.955,20.0,20.0,96.0,Certified dry
2025-07-25,Katto 1,0.0,0.197,1.0,1.0,True,40.0,16.067,20.0,20.0,96.1,Certified dry
2025-07-26,Katto 1,0.0,0.197,1.0,1.0,True,40.0,16.067,20.0,20.0,96.1,Certified dry
2025-07-27,Katto 1,0.0,0.197,1.0,1.0,True,40.0,16.067,20.0,20.0,96.1,Certified dry
2025-07-28,Katto 1,0.0,0.194,1.0,1.0,True,40.0,16.124,20.0,20.0,96.1,Certified dry
2025-07-29,Katto 1,0.0,0.191,1.0,1.0,True,39.996,16.18,20.0,20.0,96.2,Certified dry
2025-07-30,Katto 1,0.0,0.195,1.0,1.0,True,40.0,16.102,20.0,20.0,96.1,Certified dry
2025-07-31,Katto 1,0.0,0.201,1.0,1.0,True,39.998,15.989,20.0,20.0,96.0,Certified dry
2025-08-01,Katto 1,0.0,0.209,1.0,1.0,True,40.0,15.819,20.0,20.0,95.8,Certified dry
2025-08-02,Katto 1,0.0,0.22,1.0,1.0,True,39.999,15.593,20.0,20.0,95.6,Certified dry
2025-08-03,Katto 1,0.0,0.229,1.0,1.0,True,40.0,15.424,20.0,20.0,95.4,Certified dry
2025-08-04,Katto 1,0.0,0.239,1.0,1.0,True,39.994,15.211,20.0,20.0,95.2,Certified dry
2025-08-05,Katto 1,0.0,0.234,1.0,1.0,True,39.992,15.324,20.0,20.0,95.3,Certified dry
2025-08-06,Katto 1,0.0,0.228,1.0,1.0,True,40.0,15.437,20.0,20.0,95.4,Certified dry
2025-08-07,Katto 1,0.0,0.22,1.0,1.0,True,40.0,15.606,20.0,20.0,95.6,Certified dry
2025-08-08,Katto 1,0.001,0.228,1.0,1.0,True,39.99,15.437,20.0,20.0,95.4,Certified dry
2025-08-09,Katto 1,0.0,0.237,1.0,1.0,True,39.999,15.268,20.0,20.0,95.3,Certified dry
2025-08-10,Katto 1,0.0,0.245,1.0,1.0,True,39.998,15.099,20.0,20.0,95.1,Certified dry
2025-08-11,Katto 1,0.0,0.242,1.0,1.0,True,40.0,15.155,20.0,20.0,95.2,Certified dry
2025-08-12,Katto 1,0.0,0.248,1.0,1.0,True,39.996,15.042,20.0,20.0,95.0,Certified dry
2025-08-13,Katto 1,0.0,0.248,1.0,1.0,True,40.0,15.042,20.0,20.0,95.0,Certified dry
2025-08-14,Katto 1,0.0,0.244,1.0,1.0,True,39.999,15.112,20.0,20.0,95.1,Certified dry
2025-08-15,Katto 1,0.0,0.25,1.0,1.0,True,39.996,15.0,20.0,20.0,95.0,Certified dry
2025-08-16,Katto 1,0.0,0.258,1.0,1.0,True,39.997,14.846,20.0,20.0,94.8,Certified dry
2025-08-17,Katto 1,0.0,0.266,1.0,1.0,True,40.0,14.678,20.0,20.0,94.7,Certified dry
2025-08-18,Katto 1,0.0,0.266,1.0,1.0,True,40.0,14.678,20.0,20.0,94.7,Certified dry
2025-08-19,Katto 1,0.0,0.272,1.0,1.0,True,40.0,14.566,20.0,20.0,94.6,Certified dry
2025-08-20,Katto 1,0.0,0.277,1.0,1.0,True,40.0,14.454,20.0,20.0,94.5,Certified dry
2025-08-21,Katto 1,0.0,0.274,1.0,1.0,True,39.999,14.525,20.0,20.0,94.5,Certified dry
2025-08-22,Katto 1,0.0,0.278,1.0,1.0,True,40.0,14.438,20.0,20.0,94.4,Certified dry
2025-08-23,Katto 1,0.0,0.28,1.0,1.0,True,40.0,14.398,20.0,20.0,94.4,Certified dry
2025-08-24,Katto 1,0.0,0.291,1.0,1.0,True,39.992,14.19,20.0,20.0,94.2,Certified dry
2025-08-25,Katto 1,0.0,0.303,1.0,1.0,True,39.998,13.95,20.0,20.0,93.9,Certified dry
2025-08-26,Katto 1,0.0,0.305,1.0,1.0,True,39.998,13.894,20.0,20.0,93.9,Certified dry
2025-08-27,Katto 1,0.0,0.311,1.0,1.0,True,39.998,13.782,20.0,20.0,93.8,Certified dry
2025-08-28,Katto 1,0.0,0.318,1.0,1.0,True,39.993,13.631,20.0,20.0,93.6,Certified dry
2025-08-29,Katto 1,0.008,0.345,1.0,1.0,True,39.874,13.092,20.0,20.0,93.0,Certified dry
2025-08-30,Katto 1,0.017,0.37,1.0,1.0,True,39.721,12.591,20.0,20.0,92.3,Certified dry
2025-08-31,Katto 1,0.022,0.393,1.0,1.0,True,39.652,12.145,20.0,20.0,91.8,Certified dry
2025-09-01,Katto 1,0.018,0.401,1.0,1.0,True,39.71,11.978,20.0,20.0,91.7,Certified dry
2025-09-02,Katto 1,0.013,0.415,1.0,1.0,True,39.788,11.699,20.0,20.0,91.5,Certified dry
2025-09-03,Katto 1,0.009,0.422,1.0,1.0,True,39.854,11.556,20.0,20.0,91.4,Certified dry
2025-09-04,Katto 1,0.001,0.421,1.0,1.0,True,39.983,11.588,20.0,20.0,91.6,Certified dry
2025-09-05,Katto 1,0.0,0.429,1.0,1.0,True,39.993,11.421,20.0,20.0,91.4,Certified dry
2025-09-06,Katto 1,0.001,0.443,1.0,1.0,True,39.983,11.142,20.0,20.0,91.1,Certified dry
2025-09-07,Katto 1,0.001,0.447,1.0,1.0,True,39.977,11.061,20.0,20.0,91.0,Certified dry
2025-09-08,Katto 1,0.0,0.453,1.0,1.0,True,39.992,10.95,20.0,20.0,90.9,Certified dry
2025-09-09,Katto 1,0.0,0.461,1.0,1.0,True,39.996,10.782,20.0,20.0,90.8,Certified dry
2025-09-10,Katto 1,0.0,0.468,1.0,1.0,True,39.995,10.644,20.0,20.0,90.6,Certified dry
2025-09-11,Katto 1,0.0,0.464,1.0,1.0,True,40.0,10.726,20.0,20.0,90.7,Certified dry
2025-09-12,Katto 1,0.002,0.469,1.0,1.0,True,39.967,10.615,20.0,20.0,90.6,Certified dry
2025-09-13,Katto 1,0.001,0.479,1.0,1.0,True,39.984,10.42,20.0,20.0,90.4,Certified dry
2025-09-14,Katto 1,0.01,0.5,1.0,1.0,True,39.836,10.0,20.0,20.0,89.8,Certified dry
2025-09-15,Katto 1,0.018,0.521,1.0,1.0,True,39.714,9.58,20.0,20.0,89.3,Certified dry
2025-09-16,Katto 1,0.019,0.539,1.0,1.0,True,39.689,9.213,20.0,20.0,88.9,Certified dry
2025-09-17,Katto 1,0.014,0.557,1.0,1.0,True,39.782,8.852,20.0,20.0,88.6,Certified dry
2025-09-18,Katto 1,0.007,0.569,1.0,1.0,True,39.881,8.627,20.0,20.0,88.5,Certified dry
2025-09-19,Katto 1,0.002,0.585,1.0,1.0,True,39.975,8.291,20.0,20.0,88.3,Certified dry
2025-09-20,Katto 1,0.007,0.61,1.0,1.0,True,39.889,7.809,20.0,20.0,87.7,Certified dry
2025-09-21,Katto 1,0.001,0.612,1.0,1.0,True,39.979,7.753,20.0,20.0,87.7,Certified dry
2025-09-22,Katto 1,0.0,0.619,1.0,1.0,True,40.0,7.627,20.0,20.0,87.6,Certified dry
2025-09-23,Katto 1,0.0,0.613,1.0,1.0,True,40.0,7.74,20.0,20.0,87.7,Certified dry
2025-09-24,Katto 1,0.0,0.602,1.0,1.0,True,40.0,7.966,20.0,20.0,88.0,Certified dry
2025-09-25,Katto 1,0.0,0.598,1.0,1.0,True,39.998,8.045,20.0,20.0,88.0,Certified dry
2025-09-26,Katto 1,0.0,0.602,1.0,1.0,True,39.994,7.966,20.0,20.0,88.0,Certified dry
2025-09-27,Katto 1,0.0,0.605,1.0,1.0,True,39.996,7.91,20.0,20.0,87.9,Certified dry
2025-09-28,Katto 1,0.0,0.585,1.0,1.0,True,39.998,8.305,20.0,20.0,88.3,Certified dry
2025-09-29,Katto 1,0.0,0.556,1.0,1.0,True,40.0,8.87,20.0,20.0,88.9,Certified dry
2025-09-30,Katto 1,0.0,0.528,1.0,1.0,True,40.0,9.435,20.0,20.0,89.4,Certified dry
2025-10-01,Katto 1,0.0,0.508,1.0,1.0,True,40.0,9.831,20.0,20.0,89.8,Certified dry
2025-10-02,Katto 1,0.0,0.497,1.0,1.0,True,40.0,10.056,20.0,20.0,90.1,Certified dry
2025-10-03,Katto 1,0.0,0.48,1.0,1.0,True,40.0,10.395,20.0,20.0,90.4,Certified dry
2025-10-04,Katto 1,0.0,0.469,1.0,1.0,True,39.998,10.621,20.0,20.0,90.6,Certified dry
2025-10-05,Katto 1,0.002,0.477,1.0,1.0,True,39.975,10.452,20.0,20.0,90.4,Certified dry
2025-10-06,Katto 1,0.008,0.489,1.0,1.0,True,39.878,10.226,20.0,20.0,90.1,Certified dry
2025-10-07,Katto 1,0.008,0.496,1.0,1.0,True,39.871,10.085,20.0,20.0,90.0,Certified dry
2025-10-08,Katto 1,0.013,0.513,1.0,1.0,True,39.786,9.746,20.0,20.0,89.5,Certified dry
2025-10-09,Katto 1,0.008,0.517,1.0,1.0,True,39.867,9.661,20.0,20.0,89.5,Certified dry
2025-10-10,Katto 1,0.001,0.52,1.0,1.0,True,39.987,9.605,20.0,20.0,89.6,Certified dry
2025-10-11,Katto 1,0.0,0.52,1.0,1.0,True,40.0,9.605,20.0,20.0,89.6,Certified dry
2025-10-12,Katto 1,0.0,0.503,1.0,1.0,True,40.0,9.944,20.0,20.0,89.9,Certified dry
2025-10-13,Katto 1,0.0,0.485,1.0,1.0,True,40.0,10.31,20.0,20.0,90.3,Certified dry
2025-10-14,Katto 1,0.0,0.456,1.0,1.0,True,40.0,10.873,20.0,20.0,90.9,Certified dry
2025-10-15,Katto 1,0.0,0.439,1.0,1.0,True,39.996,11.211,20.0,20.0,91.2,Certified dry
2025-10-16,Katto 1,0.0,0.43,1.0,1.0,True,40.0,11.404,20.0,20.0,91.4,Certified dry
2025-10-17,Katto 1,0.0,0.408,1.0,1.0,True,40.0,11.831,20.0,20.0,91.8,Certified dry
2025-10-18,Katto 1,0.0,0.393,1.0,1.0,True,40.0,12.135,20.0,20.0,92.1,Certified dry
2025-10-19,Katto 1,0.0,0.372,1.0,1.0,True,40.0,12.563,20.0,20.0,92.6,Certified dry
2025-10-20,Katto 1,0.0,0.354,1.0,1.0,True,39.993,12.921,20.0,20.0,92.9,Certified dry
2025-10-21,Katto 1,0.0,0.345,1.0,1.0,True,40.0,13.109,20.0,20.0,93.1,Certified dry
2025-10-22,Katto 1,0.0,0.331,1.0,1.0,True,40.0,13.37,20.0,20.0,93.4,Certified dry
2025-10-23,Katto 1,0.002,0.354,1.0,1.0,True,39.965,12.925,20.0,20.0,92.9,Certified dry
2025-10-24,Katto 1,0.006,0.384,1.0,1.0,True,39.907,12.312,20.0,20.0,92.2,Certified dry
2025-10-25,Katto 1,0.013,0.409,1.0,1.0,True,39.798,11.811,20.0,20.0,91.6,Certified dry
2025-10-26,Katto 1,0.018,0.426,1.0,1.0,True,39.709,11.476,20.0,20.0,91.2,Certified dry
2025-10-27,Katto 1,0.022,0.443,1.0,1.0,True,39.653,11.142,20.0,20.0,90.8,Certified dry
2025-10-28,Katto 1,0.025,0.462,1.0,1.0,True,39.593,10.752,20.0,20.0,90.3,Certified dry
2025-10-29,Katto 1,0.029,0.49,1.0,1.0,True,39.536,10.195,20.0,20.0,89.7,Certified dry
2025-10-30,Katto 1,0.025,0.513,1.0,1.0,True,39.594,9.749,20.0,20.0,89.3,Certified dry
2025-10-31,Katto 1,0.03,0.546,1.0,1.0,True,39.524,9.081,20.0,20.0,88.6,Certified dry
2025-11-01,Katto 1,0.034,0.568,1.0,1.0,True,39.458,8.635,20.0,20.0,88.1,Certified dry
2025-11-02,Katto 1,0.039,0.599,1.0,1.0,True,39.37,8.022,20.0,20.0,87.4,Certified dry
2025-11-03,Katto 1,0.044,0.627,1.0,1.0,True,39.294,7.465,20.0,20.0,86.8,Certified dry
2025-11-04,Katto 1,0.05,0.635,1.0,1.0,True,39.196,7.298,20.0,20.0,86.5,Certified dry
2025-11-05,Katto 1,0.057,0.635,1.0,1.0,True,39.093,7.298,20.0,20.0,86.4,Certified dry
2025-11-06,Katto 1,0.062,0.641,1.0,1.0,True,39.014,7.187,20.0,20.0,86.2,Certified dry
2025-11-07,Katto 1,0.069,0.641,1.0,1.0,True,38.889,7.187,20.0,20.0,86.1,Certified dry
2025-11-08,Katto 1,0.076,0.65,1.0,1.0,True,38.788,7.0,20.0,20.0,85.8,Certified dry
2025-11-09,Katto 1,0.08,0.663,1.0,1.0,True,38.713,6.741,20.0,20.0,85.5,Certified dry
2025-11-10,Katto 1,0.08,0.685,1.0,1.0,True,38.722,6.295,20.0,20.0,85.0,Certified dry
2025-11-11,Katto 1,0.083,0.719,1.0,1.0,True,38.669,5.627,20.0,20.0,84.3,Good
2025-11-12,Katto 1,0.088,0.752,1.0,1.0,True,38.595,4.958,20.0,20.0,83.6,Good
2025-11-13,Katto 1,0.087,0.774,1.0,1.0,True,38.604,4.513,20.0,20.0,83.1,Good
2025-11-14,Katto 1,0.079,0.758,1.0,1.0,True,38.731,4.847,20.0,20.0,83.6,Good
2025-11-15,Katto 1,0.063,0.741,1.0,1.0,True,38.987,5.181,20.0,20.0,84.2,Good
2025-11-16,Katto 1,0.047,0.741,1.0,1.0,True,39.241,5.181,20.0,20.0,84.4,Good
2025-11-17,Katto 1,0.037,0.741,1.0,1.0,True,39.408,5.181,20.0,20.0,84.6,Good
2025-11-18,Katto 1,0.029,0.738,1.0,1.0,True,39.536,5.237,20.0,20.0,84.8,Good
2025-11-19,Katto 1,0.013,0.727,1.0,1.0,True,39.792,5.46,20.0,20.0,85.3,Certified dry
2025-11-20,Katto 1,0.0,0.729,1.0,1.0,True,40.0,5.419,20.0,20.0,85.4,Certified dry
2025-11-21,Katto 1,0.0,0.732,1.0,1.0,True,40.0,5.363,20.0,20.0,85.4,Certified dry
2025-11-22,Katto 1,0.001,0.712,1.0,1.0,True,39.983,5.754,20.0,20.0,85.7,Certified dry
2025-11-23,Katto 1,0.003,0.712,1.0,1.0,True,39.945,5.754,20.0,20.0,85.7,Certified dry
2025-11-24,Katto 1,0.0,0.696,1.0,1.0,True,40.0,6.089,20.0,20.0,86.1,Certified dry
2025-11-25,Katto 1,0.0,0.662,1.0,1.0,True,40.0,6.76,20.0,20.0,86.8,Certified dry
2025-11-26,Katto 1,0.0,0.628,1.0,1.0,True,40.0,7.43,20.0,20.0,87.4,Certified dry
2025-11-27,Katto 1,0.001,0.606,1.0,1.0,True,39.987,7.877,20.0,20.0,87.9,Certified dry
2025-11-28,Katto 1,0.005,0.606,1.0,1.0,True,39.918,7.877,20.0,20.0,87.8,Certified dry
2025-11-29,Katto 1,0.009,0.615,1.0,1.0,True,39.853,7.709,20.0,20.0,87.6,Certified dry
2025-11-30,Katto 1,0.009,0.612,1.0,1.0,True,39.85,7.765,20.0,20.0,87.6,Certified dry
2025-12-01,Katto 1,0.01,0.609,1.0,1.0,True,39.841,7.821,20.0,20.0,87.7,Certified dry
2025-12-02,Katto 1,0.007,0.603,1.0,1.0,True,39.887,7.933,20.0,20.0,87.8,Certified dry
2025-12-03,Katto 1,0.001,0.595,1.0,1.0,True,39.977,8.101,20.0,20.0,88.1,Certified dry
2025-12-04,Katto 1,0.0,0.573,1.0,1.0,True,39.994,8.547,20.0,20.0,88.5,Certified dry
2025-12-05,Katto 1,0.003,0.571,1.0,1.0,True,39.951,8.571,20.0,20.0,88.5,Certified dry
2025-12-06,Katto 1,0.006,0.571,1.0,1.0,True,39.9,8.571,20.0,20.0,88.5,Certified dry
2025-12-07,Katto 1,0.006,0.569,1.0,1.0,True,39.904,8.627,20.0,20.0,88.5,Certified dry
2025-12-08,Katto 1,0.009,0.569,1.0,1.0,True,39.859,8.627,20.0,20.0,88.5,Certified dry
2025-12-09,Katto 1,0.009,0.566,1.0,1.0,True,39.849,8.683,20.0,20.0,88.5,Certified dry
2025-12-10,Katto 1,0.003,0.549,1.0,1.0,True,39.945,9.02,20.0,20.0,89.0,Certified dry
2025-12-11,Katto 1,0.0,0.539,1.0,1.0,True,40.0,9.218,20.0,20.0,89.2,Certified dry
2025-12-12,Katto 1,0.0,0.506,1.0,1.0,True,40.0,9.888,20.0,20.0,89.9,Certified dry
2025-12-13,Katto 1,0.0,0.476,1.0,1.0,True,40.0,10.476,20.0,20.0,90.5,Certified dry
2025-12-14,Katto 1,0.0,0.48,1.0,1.0,True,39.995,10.391,20.0,20.0,90.4,Certified dry
2025-12-15,Katto 1,0.004,0.514,1.0,1.0,True,39.933,9.721,20.0,20.0,89.7,Certified dry
2025-12-16,Katto 1,0.008,0.545,1.0,1.0,True,39.871,9.106,20.0,20.0,89.0,Certified dry
2025-12-17,Katto 1,0.011,0.577,1.0,1.0,True,39.823,8.459,20.0,20.0,88.3,Certified dry
2025-12-18,Katto 1,0.008,0.605,1.0,1.0,True,39.87,7.899,20.0,20.0,87.8,Certified dry
2025-12-19,Katto 1,0.012,0.637,1.0,1.0,True,39.81,7.263,20.0,20.0,87.1,Certified dry
2025-12-20,Katto 1,0.015,0.662,1.0,1.0,True,39.755,6.76,20.0,20.0,86.5,Certified dry
2025-12-21,Katto 1,0.008,0.669,1.0,1.0,True,39.872,6.63,20.0,20.0,86.5,Certified dry
2025-12-22,Katto 1,0.0,0.663,1.0,1.0,True,40.0,6.741,20.0,20.0,86.7,Certified dry
2025-12-23,Katto 1,0.0,0.628,0.985,1.0,True,40.0,7.43,19.693,20.0,87.1,Certified dry
2025-12-24,Katto 1,0.0,0.609,0.985,1.0,True,40.0,7.821,19.694,20.0,87.5,Certified dry
2025-12-25,Katto 1,0.0,0.62,0.985,1.0,True,40.0,7.598,19.693,20.0,87.3,Certified dry
2025-12-26,Katto 1,0.001,0.637,0.985,1.0,True,39.987,7.263,19.697,20.0,86.9,Certified dry
2025-12-27,Katto 1,0.0,0.637,0.985,1.0,True,40.0,7.263,19.701,20.0,87.0,Certified dry
2025-12-28,Katto 1,0.0,0.606,0.985,1.0,True,40.0,7.877,19.699,20.0,87.6,Certified dry
2025-12-29,Katto 1,0.0,0.571,0.985,1.0,True,40.0,8.571,19.698,20.0,88.3,Certified dry
2025-12-30,Katto 1,0.0,0.541,0.973,1.0,True,40.0,9.188,19.461,20.0,88.6,Certified dry
2025-12-31,Katto 1,0.0,0.51,0.957,1.0,True,40.0,9.804,19.144,20.0,88.9,Certified dry
2026-01-01,Katto 1,0.0,0.482,0.947,1.0,True,40.0,10.364,18.938,20.0,89.3,Certified dry
2026-01-02,Katto 1,0.0,0.457,0.925,1.0,True,40.0,10.868,18.5,20.0,89.4,Certified dry
2026-01-03,Katto 1,0.0,0.447,0.89,1.0,True,40.0,11.067,17.806,20.0,88.9,Certified dry
2026-01-04,Katto 1,0.0,0.415,0.853,1.0,True,40.0,11.709,17.062,20.0,88.8,Certified dry
2026-01-05,Katto 1,0.0,0.381,0.845,1.0,True,40.0,12.381,16.893,20.0,89.3,Certified dry
2026-01-06,Katto 1,0.0,0.347,0.839,1.0,True,40.0,13.053,16.789,20.0,89.8,Certified dry
2026-01-07,Katto 1,0.0,0.317,0.809,1.0,True,40.0,13.669,16.187,20.0,89.9,Certified dry
2026-01-08,Katto 1,0.0,0.285,0.77,1.0,True,40.0,14.302,15.4,20.0,89.7,Certified dry
2026-01-09,Katto 1,0.0,0.274,0.737,1.0,True,40.0,14.525,14.747,20.0,89.3,Certified dry
2026-01-10,Katto 1,0.0,0.249,0.697,1.0,True,40.0,15.028,13.939,20.0,89.0,Certified dry
2026-01-11,Katto 1,0.0,0.249,0.663,1.0,True,40.0,15.028,13.267,20.0,88.3,Certified dry
2026-01-12,Katto 1,0.0,0.249,0.64,1.0,True,40.0,15.014,12.792,20.0,87.8,Certified dry
2026-01-13,Katto 1,0.0,0.246,0.617,1.0,True,40.0,15.07,12.338,20.0,87.4,Certified dry
2026-01-14,Katto 1,0.0,0.213,0.614,1.0,True,40.0,15.742,12.273,20.0,88.0,Certified dry
2026-01-15,Katto 1,0.0,0.179,0.594,1.0,True,40.0,16.415,11.883,20.0,88.3,Certified dry
2026-01-16,Katto 1,0.0,0.146,0.594,1.0,True,40.0,17.087,11.883,20.0,89.0,Certified dry
2026-01-17,Katto 1,0.0,0.118,0.594,1.0,True,40.0,17.647,11.883,20.0,89.5,Certified dry
2026-01-18,Katto 1,0.0,0.084,0.593,1.0,True,40.0,18.315,11.857,20.0,90.2,Certified dry
2026-01-19,Katto 1,0.0,0.051,0.593,1.0,True,40.0,18.989,11.857,20.0,90.8,Certified dry
2026-01-20,Katto 1,0.0,0.037,0.593,1.0,True,40.0,19.27,11.857,20.0,91.1,Certified dry
2026-01-21,Katto 1,0.0,0.037,0.594,1.0,True,40.0,19.27,11.883,20.0,91.2,Certified dry
2026-01-22,Katto 1,0.0,0.037,0.596,1.0,True,40.0,19.27,11.923,20.0,91.2,Certified dry
2026-01-23,Katto 1,0.0,0.037,0.558,1.0,True,40.0,19.27,11.154,20.0,90.4,Certified dry
2026-01-24,Katto 1,0.0,0.025,0.521,1.0,True,40.0,19.494,10.415,20.0,89.9,Certified dry
2026-01-25,Katto 1,0.0,0.011,0.482,1.0,True,40.0,19.775,9.649,20.0,89.4,Certified dry
2026-01-26,Katto 1,0.0,0.0,0.447,1.0,True,40.0,20.0,8.939,20.0,88.9,Certified dry
2026-01-27,Katto 1,0.0,0.0,0.412,1.0,True,40.0,20.0,8.243,20.0,88.2,Certified dry
2026-01-28,Katto 1,0.0,0.0,0.374,1.0,True,40.0,20.0,7.476,20.0,87.5,Certified dry
2026-01-29,Katto 1,0.0,0.0,0.349,1.0,True,40.0,20.0,6.987,20.0,87.0,Certified dry
2026-01-30,Katto 1,0.0,0.0,0.346,1.0,True,40.0,20.0,6.921,20.0,86.9,Certified dry
2026-01-31,Katto 1,0.0,0.0,0.343,1.0,True,40.0,20.0,6.855,20.0,86.9,Certified dry
2026-02-01,Katto 1,0.0,0.0,0.331,1.0,True,40.0,20.0,6.624,20.0,86.6,Certified dry
2026-02-02,Katto 1,0.0,0.0,0.332,1.0,True,40.0,20.0,6.645,20.0,86.6,Certified dry
2026-02-03,Katto 1,0.0,0.0,0.337,1.0,True,40.0,20.0,6.731,20.0,86.7,Certified dry
2026-02-04,Katto 1,0.0,0.0,0.327,1.0,True,40.0,20.0,6.541,20.0,86.5,Certified dry
2026-02-05,Katto 1,0.0,0.0,0.311,1.0,True,40.0,20.0,6.22,20.0,86.2,Certified dry
2026-02-06,Katto 1,0.0,0.0,0.303,1.0,True,40.0,20.0,6.055,20.0,86.1,Certified dry
2026-02-07,Katto 1,0.0,0.0,0.309,1.0,True,40.0,20.0,6.188,20.0,86.2,Certified dry
2026-02-08,Katto 1,0.0,0.0,0.31,1.0,True,40.0,20.0,6.207,20.0,86.2,Certified dry
2026-02-09,Katto 1,0.0,0.0,0.32,1.0,True,40.0,20.0,6.392,20.0,86.4,Certified dry
2026-02-10,Katto 1,0.0,0.0,0.346,1.0,True,40.0,20.0,6.921,20.0,86.9,Certified dry
2026-02-11,Katto 1,0.0,0.0,0.379,1.0,True,40.0,20.0,7.571,20.0,87.6,Certified dry
2026-02-12,Katto 1,0.0,0.0,0.366,1.0,True,40.0,20.0,7.319,20.0,87.3,Certified dry
2026-02-13,Katto 1,0.0,0.0,0.333,1.0,True,40.0,20.0,6.667,20.0,86.7,Certified dry
2026-02-14,Katto 1,0.0,0.0,0.324,1.0,True,40.0,20.0,6.471,20.0,86.5,Certified dry
2026-02-15,Katto 1,0.0,0.0,0.294,1.0,True,40.0,20.0,5.878,20.0,85.9,Certified dry
2026-02-16,Katto 1,0.0,0.0,0.258,1.0,True,40.0,20.0,5.155,20.0,85.2,Certified dry
2026-02-17,Katto 1,0.0,0.0,0.23,1.0,True,40.0,20.0,4.599,20.0,84.6,Good
2026-02-18,Katto 1,0.0,0.0,0.191,1.0,True,40.0,20.0,3.83,20.0,83.8,Good
2026-02-19,Katto 1,0.0,0.0,0.149,1.0,True,40.0,20.0,2.979,20.0,83.0,Good
2026-02-20,Katto 1,0.0,0.0,0.113,1.0,True,40.0,20.0,2.263,20.0,82.3,Good
2026-02-21,Katto 1,0.0,0.0,0.112,1.0,True,40.0,20.0,2.247,20.0,82.2,Good
2026-02-22,Katto 1,0.0,0.0,0.146,1.0,True,40.0,20.0,2.921,20.0,82.9,Good
2026-02-23,Katto 1,0.0,0.0,0.158,1.0,True,40.0,20.0,3.154,20.0,83.2,Good
2026-02-24,Katto 1,0.0,0.0,0.171,1.0,True,40.0,20.0,3.424,20.0,83.4,Good
2026-02-25,Katto 1,0.0,0.0,0.189,1.0,True,40.0,20.0,3.78,20.0,83.8,Good
2026-02-26,Katto 1,0.0,0.0,0.23,1.0,True,40.0,20.0,4.603,20.0,84.6,Good
2026-02-27,Katto 1,0.0,0.003,0.278,1.0,True,40.0,19.944,5.556,20.0,85.5,Certified dry
2026-02-28,Katto 1,0.0,0.014,0.324,1.0,True,40.0,19.721,6.482,20.0,86.2,Certified dry
2026-03-01,Katto 1,0.0,0.025,0.366,1.0,True,39.998,19.499,7.315,20.0,86.8,Certified dry
2026-03-02,Katto 1,0.0,0.031,0.403,1.0,True,40.0,19.387,8.061,20.0,87.4,Certified dry
2026-03-03,Katto 1,0.0,0.036,0.442,1.0,True,40.0,19.276,8.839,20.0,88.1,Certified dry
2026-03-04,Katto 1,0.0,0.036,0.479,1.0,True,40.0,19.276,9.588,20.0,88.9,Certified dry
2026-03-05,Katto 1,0.0,0.036,0.508,1.0,True,40.0,19.276,10.15,20.0,89.4,Certified dry
2026-03-06,Katto 1,0.0,0.036,0.535,1.0,True,40.0,19.274,10.692,20.0,90.0,Certified dry
2026-03-07,Katto 1,0.0,0.036,0.567,1.0,True,40.0,19.274,11.349,20.0,90.6,Certified dry
2026-03-08,Katto 1,0.0,0.039,0.6,1.0,True,40.0,19.218,12.0,20.0,91.2,Certified dry
2026-03-09,Katto 1,0.0,0.039,0.622,1.0,True,40.0,19.218,12.439,20.0,91.7,Certified dry
2026-03-10,Katto 1,0.0,0.039,0.653,1.0,True,40.0,19.218,13.061,20.0,92.3,Certified dry
2026-03-11,Katto 1,0.0,0.042,0.672,1.0,True,40.0,19.164,13.444,20.0,92.6,Certified dry
2026-03-12,Katto 1,0.0,0.05,0.688,1.0,True,40.0,18.997,13.75,20.0,92.7,Certified dry
2026-03-13,Katto 1,0.0,0.05,0.679,1.0,True,40.0,18.997,13.59,20.0,92.6,Certified dry
2026-03-14,Katto 1,0.0,0.05,0.719,1.0,True,40.0,18.997,14.386,20.0,93.4,Certified dry
2026-03-15,Katto 1,0.0,0.05,0.757,1.0,True,40.0,18.997,15.135,20.0,94.1,Certified dry
2026-03-16,Katto 1,0.0,0.05,0.773,1.0,True,40.0,18.997,15.467,20.0,94.5,Certified dry
2026-03-17,Katto 1,0.0,0.05,0.788,1.0,True,40.0,19.0,15.758,20.0,94.8,Certified dry
2026-03-18,Katto 1,0.0,0.05,0.817,1.0,True,40.0,19.0,16.34,20.0,95.3,Certified dry
2026-03-19,Katto 1,0.0,0.05,0.842,1.0,True,40.0,19.0,16.838,20.0,95.8,Certified dry
2026-03-20,Katto 1,0.0,0.05,0.866,1.0,True,40.0,19.0,17.328,20.0,96.3,Certified dry
2026-03-21,Katto 1,0.0,0.053,0.915,1.0,True,40.0,18.944,18.304,20.0,97.2,Certified dry
2026-03-22,Katto 1,0.0,0.053,0.933,1.0,True,40.0,18.944,18.661,20.0,97.6,Certified dry
2026-03-23,Katto 1,0.0,0.053,0.933,1.0,True,40.0,18.944,18.661,20.0,97.6,Certified dry
2026-03-24,Katto 1,0.0,0.056,0.94,1.0,True,40.0,18.889,18.796,20.0,97.7,Certified dry
2026-03-25,Katto 1,0.0,0.056,0.953,1.0,True,40.0,18.889,19.07,20.0,98.0,Certified dry
2026-03-26,Katto 1,0.0,0.056,0.981,1.0,True,40.0,18.889,19.621,20.0,98.5,Certified dry
2026-03-27,Katto 1,0.0,0.056,1.0,1.0,True,40.0,18.886,20.0,20.0,98.9,Certified dry
2026-03-28,Katto 1,0.0,0.056,1.0,1.0,True,40.0,18.886,20.0,20.0,98.9,Certified dry
2026-03-29,Katto 1,0.0,0.053,1.0,1.0,True,40.0,18.942,20.0,20.0,98.9,Certified dry
2026-03-30,Katto 1,0.0,0.042,1.0,1.0,True,40.0,19.164,20.0,20.0,99.2,Certified dry
2026-03-31,Katto 1,0.0,0.033,1.0,1.0,True,40.0,19.331,20.0,20.0,99.3,Certified dry
2026-04-01,Katto 1,0.0,0.025,1.0,1.0,True,40.0,19.499,20.0,20.0,99.5,Certified dry
2026-04-02,Katto 1,0.0,0.019,1.0,1.0,True,40.0,19.61,20.0,20.0,99.6,Certified dry
2026-04-03,Katto 1,0.0,0.019,1.0,1.0,True,40.0,19.61,20.0,20.0,99.6,Certified dry
2026-04-04,Katto 1,0.0,0.02,1.0,1.0,True,40.0,19.609,20.0,20.0,99.6,Certified dry
2026-04-05,Katto 1,0.0,0.019,1.0,1.0,True,40.0,19.61,20.0,20.0,99.6,Certified dry
2026-04-06,Katto 1,0.0,0.019,1.0,1.0,True,40.0,19.61,20.0,20.0,99.6,Certified dry
2026-04-07,Katto 1,0.0,0.019,1.0,1.0,True,40.0,19.61,20.0,20.0,99.6,Certified dry
2026-04-08,Katto 1,0.0,0.019,1.0,1.0,True,40.0,19.61,20.0,20.0,99.6,Certified dry
2026-04-09,Katto 1,0.0,0.019,1.0,1.0,True,40.0,19.61,20.0,20.0,99.6,Certified dry
2026-04-10,Katto 1,0.0,0.017,1.0,1.0,True,40.0,19.666,20.0,20.0,99.7,Certified dry
2026-04-11,Katto 1,0.0,0.008,1.0,1.0,True,40.0,19.833,20.0,20.0,99.8,Certified dry
2026-04-12,Katto 1,0.0,0.008,1.0,1.0,True,40.0,19.833,20.0,20.0,99.8,Certified dry
2026-04-13,Katto 1,0.0,0.008,1.0,1.0,True,40.0,19.833,20.0,20.0,99.8,Certified dry
2026-04-14,Katto 1,0.0,0.008,1.0,1.0,True,40.0,19.833,20.0,20.0,99.8,Certified dry
2026-04-15,Katto 1,0.0,0.008,1.0,1.0,True,40.0,19.833,20.0,20.0,99.8,Certified dry
2026-04-16,Katto 1,0.0,0.008,1.0,1.0,True,40.0,19.833,20.0,20.0,99.8,Certified dry
2026-04-17,Katto 1,0.0,0.008,1.0,1.0,True,40.0,19.833,20.0,20.0,99.8,Certified dry
2026-04-18,Katto 1,0.0,0.008,1.0,1.0,True,40.0,19.833,20.0,20.0,99.8,Certified dry
2026-04-19,Katto 1,0.0,0.008,1.0,1.0,True,40.0,19.832,20.0,20.0,99.8,Certified dry
2026-04-20,Katto 1,0.0,0.006,1.0,1.0,True,40.0,19.888,20.0,20.0,99.9,Certified dry
2026-04-21,Katto 1,0.0,0.006,1.0,1.0,True,40.0,19.888,20.0,20.0,99.9,Certified dry
2026-04-22,Katto 1,0.0,0.006,1.0,1.0,True,40.0,19.888,20.0,20.0,99.9,Certified dry
2026-04-23,Katto 1,0.0,0.003,1.0,1.0,True,40.0,19.944,20.0,20.0,99.9,Certified dry
2026-04-24,Katto 1,0.0,0.003,1.0,1.0,True,40.0,19.944,20.0,20.0,99.9,Certified dry
2026-04-25,Katto 1,0.0,0.003,1.0,1.0,True,40.0,19.944,20.0,20.0,99.9,Certified dry
2026-04-26,Katto 1,0.0,0.003,1.0,1.0,True,40.0,19.944,20.0,20.0,99.9,Certified dry
2026-04-27,Katto 1,0.0,0.003,1.0,1.0,True,40.0,19.944,20.0,20.0,99.9,Certified dry
2026-04-28,Katto 1,0.0,0.003,1.0,1.0,True,40.0,19.944,20.0,20.0,99.9,Certified dry
2026-04-29,Katto 1,0.0,0.003,1.0,1.0,True,40.0,19.944,20.0,20.0,99.9,Certified dry
2026-04-30,Katto 1,0.0,0.003,1.0,1.0,True,40.0,19.944,20.0,20.0,99.9,Certified dry
2026-05-01,Katto 1,0.0,0.003,1.0,1.0,True,40.0,19.944,20.0,20.0,99.9,Certified dry
2026-05-02,Katto 1,0.0,0.003,1.0,1.0,True,40.0,19.944,20.0,20.0,99.9,Certified dry
2026-05-03,Katto 1,0.0,0.003,1.0,1.0,True,40.0,19.944,20.0,20.0,99.9,Certified dry
2026-05-04,Katto 1,0.0,0.003,1.0,1.0,True,40.0,19.944,20.0,20.0,99.9,Certified dry
2026-05-05,Katto 1,0.0,0.003,1.0,1.0,True,40.0,19.944,20.0,20.0,99.9,Certified dry
2026-05-06,Katto 1,0.0,0.003,1.0,1.0,True,40.0,19.944,20.0,20.0,99.9,Certified dry
2026-05-07,Katto 1,0.0,0.0,1.0,1.0,True,40.0,20.0,20.0,20.0,100.0,Certified dry
2026-05-08,Katto 1,0.0,0.0,1.0,1.0,True,40.0,20.0,20.0,20.0,100.0,Certified dry
2026-05-09,Katto 1,0.0,0.0,1.0,1.0,True,40.0,20.0,20.0,20.0,100.0,Certified dry
2026-05-10,Katto 1,0.0,0.0,1.0,1.0,True,40.0,20.0,20.0,20.0,100.0,Certified dry
2026-05-11,Katto 1,0.0,0.0,1.0,1.0,True,40.0,20.0,20.0,20.0,100.0,Certified dry
2026-05-12,Katto 1,0.0,0.0,1.0,1.0,True,40.0,20.0,20.0,20.0,100.0,Certified dry
2026-05-13,Katto 1,0.0,0.0,1.0,1.0,True,40.0,20.0,20.0,20.0,100.0,Certified dry
2026-05-14,Katto 1,0.0,0.0,1.0,1.0,True,40.0,20.0,20.0,20.0,100.0,Certified dry
2026-05-15,Katto 1,0.0,0.0,1.0,1.0,True,40.0,20.0,20.0,20.0,100.0,Certified dry
2026-05-16,Katto 1,0.0,0.0,1.0,1.0,True,40.0,20.0,20.0,20.0,100.0,Certified dry
2026-05-17,Katto 1,0.0,0.0,1.0,1.0,True,40.0,20.0,20.0,20.0,100.0,Certified dry
2026-05-18,Katto 1,0.0,0.0,1.0,1.0,True,40.0,20.0,20.0,20.0,100.0,Certified dry
2026-05-19,Katto 1,0.0,0.0,1.0,1.0,True,40.0,20.0,20.0,20.0,100.0,Certified dry
2026-05-20,Katto 1,0.0,0.0,1.0,1.0,True,40.0,20.0,20.0,20.0,100.0,Certified dry
2026-05-21,Katto 1,0.0,0.006,1.0,1.0,True,40.0,19.889,20.0,20.0,99.9,Certified dry
2026-05-22,Katto 1,0.0,0.014,1.0,1.0,True,39.998,19.721,20.0,20.0,99.7,Certified dry
2026-05-23,Katto 1,0.0,0.019,1.0,1.0,True,40.0,19.61,20.0,20.0,99.6,Certified dry
2026-05-24,Katto 1,0.0,0.019,1.0,1.0,True,40.0,19.61,20.0,20.0,99.6,Certified dry
2026-05-25,Katto 1,0.0,0.019,1.0,1.0,True,40.0,19.611,20.0,20.0,99.6,Certified dry
2026-05-26,Katto 1,0.0,0.019,1.0,1.0,True,40.0,19.611,20.0,20.0,99.6,Certified dry
2026-05-27,Katto 1,0.0,0.019,1.0,1.0,True,40.0,19.611,20.0,20.0,99.6,Certified dry
2026-05-28,Katto 1,0.0,0.019,1.0,1.0,True,40.0,19.611,20.0,20.0,99.6,Certified dry
2026-05-29,Katto 1,0.0,0.019,1.0,1.0,True,40.0,19.611,20.0,20.0,99.6,Certified dry
2026-05-30,Katto 1,0.0,0.019,1.0,1.0,True,40.0,19.611,20.0,20.0,99.6,Certified dry
2026-05-31,Katto 1,0.0,0.019,1.0,1.0,True,40.0,19.611,20.0,20.0,99.6,Certified dry
2026-06-01,Katto 1,0.0,0.019,1.0,1.0,True,40.0,19.611,20.0,20.0,99.6,Certified dry
2026-06-02,Katto 1,0.0,0.019,1.0,1.0,True,40.0,19.611,20.0,20.0,99.6,Certified dry
2026-06-03,Katto 1,0.0,0.019,1.0,1.0,True,40.0,19.611,20.0,20.0,99.6,Certified dry
2026-06-04,Katto 1,0.0,0.022,1.0,1.0,True,40.0,19.556,20.0,20.0,99.6,Certified dry
2026-06-05,Katto 1,0.0,0.025,1.0,1.0,True,39.999,19.5,20.0,20.0,99.5,Certified dry
2026-06-06,Katto 1,0.0,0.042,1.0,1.0,True,39.996,19.169,20.0,20.0,99.2,Certified dry
2026-06-07,Katto 1,0.0,0.047,1.0,1.0,True,40.0,19.058,20.0,20.0,99.1,Certified dry
2026-06-08,Katto 1,0.0,0.05,1.0,1.0,True,40.0,19.003,20.0,20.0,99.0,Certified dry
2026-06-09,Katto 1,0.0,0.056,1.0,1.0,True,39.996,18.889,20.0,20.0,98.9,Certified dry
2026-06-10,Katto 1,0.0,0.064,1.0,1.0,True,40.0,18.722,20.0,20.0,98.7,Certified dry
2026-06-11,Katto 1,0.0,0.069,1.0,1.0,True,39.999,18.611,20.0,20.0,98.6,Certified dry
2026-06-12,Katto 1,0.0,0.075,1.0,1.0,True,40.0,18.5,20.0,20.0,98.5,Certified dry
2026-06-13,Katto 1,0.001,0.089,1.0,1.0,True,39.99,18.222,20.0,20.0,98.2,Certified dry
2026-06-14,Katto 1,0.0,0.1,1.0,1.0,True,39.998,18.0,20.0,20.0,98.0,Certified dry
2026-06-15,Katto 1,0.0,0.111,1.0,1.0,True,40.0,17.778,20.0,20.0,97.8,Certified dry
2026-06-16,Katto 1,0.0,0.119,1.0,1.0,True,40.0,17.611,20.0,20.0,97.6,Certified dry
2026-06-17,Katto 1,0.0,0.133,1.0,1.0,True,40.0,17.333,20.0,20.0,97.3,Certified dry
2026-06-18,Katto 1,0.0,0.136,1.0,1.0,True,40.0,17.278,20.0,20.0,97.3,Certified dry
2026-06-19,Katto 1,0.0,0.136,1.0,1.0,True,40.0,17.278,20.0,20.0,97.3,Certified dry
2026-06-20,Katto 1,0.0,0.131,1.0,1.0,True,40.0,17.389,20.0,20.0,97.4,Certified dry
2026-06-21,Katto 1,0.0,0.128,1.0,1.0,True,40.0,17.444,20.0,20.0,97.4,Certified dry
2026-06-22,Katto 1,0.0,0.119,1.0,1.0,True,40.0,17.611,20.0,20.0,97.6,Certified dry
2026-06-23,Katto 1,0.0,0.119,1.0,1.0,True,40.0,17.611,20.0,20.0,97.6,Certified dry
2026-06-24,Katto 1,0.0,0.122,1.0,1.0,True,40.0,17.556,20.0,20.0,97.6,Certified dry
2026-06-25,Katto 1,0.0,0.125,1.0,1.0,True,39.999,17.5,20.0,20.0,97.5,Certified dry
2026-06-26,Katto 1,0.0,0.131,1.0,1.0,True,40.0,17.389,20.0,20.0,97.4,Certified dry
2026-06-27,Katto 1,0.0,0.136,1.0,1.0,True,40.0,17.278,20.0,20.0,97.3,Certified dry
2026-06-28,Katto 1,0.0,0.145,1.0,1.0,True,39.993,17.103,20.0,20.0,97.1,Certified dry
2026-06-29,Katto 1,0.0,0.153,1.0,1.0,True,40.0,16.936,20.0,20.0,96.9,Certified dry
2026-06-30,Katto 1,0.0,0.156,1.0,1.0,True,40.0,16.88,20.0,20.0,96.9,Certified dry
2026-07-01,Katto 1,0.0,0.156,1.0,1.0,True,40.0,16.88,20.0,20.0,96.9,Certified dry
2026-07-02,Katto 1,0.0,0.162,1.0,1.0,True,39.997,16.769,20.0,20.0,96.8,Certified dry
2026-07-03,Katto 1,0.0,0.178,1.0,1.0,True,39.996,16.435,20.0,20.0,96.4,Certified dry
2026-07-04,Katto 1,0.0,0.189,1.0,1.0,True,39.995,16.212,20.0,20.0,96.2,Certified dry
2026-07-05,Katto 1,0.001,0.212,1.0,1.0,True,39.988,15.766,20.0,20.0,95.8,Certified dry
2026-07-06,Katto 1,0.0,0.201,1.0,1.0,True,40.0,15.978,20.0,20.0,96.0,Certified dry
2026-07-07,Katto 1,0.0,0.209,1.0,1.0,True,39.995,15.81,20.0,20.0,95.8,Certified dry
2026-07-08,Katto 1,0.0,0.218,1.0,1.0,True,40.0,15.642,20.0,20.0,95.6,Certified dry
2026-07-09,Katto 1,0.0,0.22,1.0,1.0,True,39.993,15.599,20.0,20.0,95.6,Certified dry
2026-07-10,Katto 1,0.0,0.217,1.0,1.0,True,40.0,15.655,20.0,20.0,95.7,Certified dry
2026-07-11,Katto 1,0.0,0.218,1.0,1.0,True,39.998,15.642,20.0,20.0,95.6,Certified dry
2026-07-12,Katto 1,0.0,0.223,1.0,1.0,True,39.996,15.531,20.0,20.0,95.5,Certified dry
2026-07-13,Katto 1,0.0,0.221,1.0,1.0,True,40.0,15.587,20.0,20.0,95.6,Certified dry
2026-07-14,Katto 1,0.0,0.212,1.0,1.0,True,40.0,15.754,20.0,20.0,95.8,Certified dry
2026-07-15,Katto 1,0.0,0.201,1.0,1.0,True,40.0,15.978,20.0,20.0,96.0,Certified dry
2026-07-16,Katto 1,0.0,0.193,1.0,1.0,True,40.0,16.145,20.0,20.0,96.1,Certified dry
2026-07-17,Katto 1,0.0,0.184,1.0,1.0,True,40.0,16.313,20.0,20.0,96.3,Certified dry
2026-07-18,Katto 1,0.0,0.193,1.0,1.0,True,39.998,16.145,20.0,20.0,96.1,Certified dry
2026-07-19,Katto 1,0.0,0.204,1.0,1.0,True,40.0,15.922,20.0,20.0,95.9,Certified dry
2026-07-20,Katto 1,0.0,0.204,1.0,1.0,True,40.0,15.922,20.0,20.0,95.9,Certified dry
2026-07-21,Katto 1,0.0,0.204,1.0,1.0,True,39.998,15.922,20.0,20.0,95.9,Certified dry
2026-07-22,Katto 1,0.0,0.212,1.0,1.0,True,40.0,15.754,20.0,20.0,95.8,Certified dry
2026-07-23,Katto 1,0.0,0.221,1.0,1.0,True,39.999,15.587,20.0,20.0,95.6,Certified dry
2026-07-24,Katto 1,0.0,0.227,1.0,1.0,True,40.0,15.462,20.0,20.0,95.5,Certified dry
2026-07-25,Katto 1,0.0,0.235,1.0,1.0,True,39.997,15.294,20.0,20.0,95.3,Certified dry
2026-07-26,Katto 1,0.001,0.241,1.0,1.0,True,39.99,15.182,20.0,20.0,95.2,Certified dry
2026-07-27,Katto 1,0.0,0.252,1.0,1.0,True,39.995,14.958,20.0,20.0,95.0,Certified dry
2026-07-28,Katto 1,0.0,0.258,1.0,1.0,True,39.998,14.846,20.0,20.0,94.8,Certified dry
2026-07-29,Katto 1,0.0,0.255,1.0,1.0,True,40.0,14.902,20.0,20.0,94.9,Certified dry
2026-07-30,Katto 1,0.0,0.261,1.0,1.0,True,39.999,14.79,20.0,20.0,94.8,Certified dry
2026-07-31,Katto 1,0.001,0.277,1.0,1.0,True,39.99,14.454,20.0,20.0,94.4,Certified dry
2026-08-01,Katto 1,0.0,0.283,1.0,1.0,True,40.0,14.342,20.0,20.0,94.3,Certified dry
2026-08-02,Katto 1,0.0,0.275,1.0,1.0,True,40.0,14.51,20.0,20.0,94.5,Certified dry
2026-08-03,Katto 1,0.0,0.269,1.0,1.0,True,40.0,14.622,20.0,20.0,94.6,Certified dry
2026-08-04,Katto 1,0.0,0.252,1.0,1.0,True,40.0,14.958,20.0,20.0,95.0,Certified dry
2026-08-05,Katto 1,0.0,0.251,1.0,1.0,True,40.0,14.972,20.0,20.0,95.0,Certified dry
2026-08-06,Katto 1,0.0,0.243,1.0,1.0,True,39.998,15.14,20.0,20.0,95.1,Certified dry
2026-08-07,Katto 1,0.0,0.238,1.0,1.0,True,40.0,15.238,20.0,20.0,95.2,Certified dry
2026-08-08,Katto 1,0.0,0.238,1.0,1.0,True,40.0,15.238,20.0,20.0,95.2,Certified dry
2026-08-09,Katto 1,0.0,0.235,1.0,1.0,True,40.0,15.294,20.0,20.0,95.3,Certified dry
2026-08-10,Katto 1,0.001,0.254,1.0,1.0,True,39.988,14.916,20.0,20.0,94.9,Certified dry
2026-08-11,Katto 1,0.0,0.249,1.0,1.0,True,40.0,15.028,20.0,20.0,95.0,Certified dry
2026-08-12,Katto 1,0.0,0.246,1.0,1.0,True,40.0,15.084,20.0,20.0,95.1,Certified dry
2026-08-13,Katto 1,0.0,0.249,1.0,1.0,True,40.0,15.028,20.0,20.0,95.0,Certified dry
2026-08-14,Katto 1,0.0,0.254,1.0,1.0,True,40.0,14.916,20.0,20.0,94.9,Certified dry
2026-08-15,Katto 1,0.0,0.261,1.0,1.0,True,40.0,14.79,20.0,20.0,94.8,Certified dry
2026-08-16,Katto 1,0.0,0.269,1.0,1.0,True,39.998,14.622,20.0,20.0,94.6,Certified dry
2026-08-17,Katto 1,0.0,0.272,1.0,1.0,True,39.998,14.566,20.0,20.0,94.6,Certified dry
2026-08-18,Katto 1,0.0,0.269,1.0,1.0,True,39.999,14.622,20.0,20.0,94.6,Certified dry
2026-08-19,Katto 1,0.0,0.28,1.0,1.0,True,40.0,14.398,20.0,20.0,94.4,Certified dry
2026-08-20,Katto 1,0.001,0.294,1.0,1.0,True,39.99,14.118,20.0,20.0,94.1,Certified dry
2026-08-21,Katto 1,0.0,0.294,1.0,1.0,True,39.998,14.118,20.0,20.0,94.1,Certified dry
2026-08-22,Katto 1,0.001,0.311,1.0,1.0,True,39.981,13.782,20.0,20.0,93.8,Certified dry
2026-08-23,Katto 1,0.0,0.324,1.0,1.0,True,39.996,13.52,20.0,20.0,93.5,Certified dry
2026-08-24,Katto 1,0.0,0.335,1.0,1.0,True,39.995,13.296,20.0,20.0,93.3,Certified dry
2026-08-25,Katto 1,0.0,0.33,1.0,1.0,True,40.0,13.408,20.0,20.0,93.4,Certified dry
2026-08-26,Katto 1,0.0,0.325,1.0,1.0,True,39.998,13.501,20.0,20.0,93.5,Certified dry
2026-08-27,Katto 1,0.0,0.322,1.0,1.0,True,40.0,13.557,20.0,20.0,93.6,Certified dry
2026-08-28,Katto 1,0.0,0.328,1.0,1.0,True,39.998,13.445,20.0,20.0,93.4,Certified dry
2026-08-29,Katto 1,0.0,0.331,1.0,1.0,True,40.0,13.389,20.0,20.0,93.4,Certified dry
2026-08-30,Katto 1,0.001,0.336,1.0,1.0,True,39.987,13.277,20.0,20.0,93.3,Certified dry
2026-08-31,Katto 1,0.001,0.353,1.0,1.0,True,39.987,12.941,20.0,20.0,92.9,Certified dry
2026-09-01,Katto 1,0.001,0.361,1.0,1.0,True,39.992,12.773,20.0,20.0,92.8,Certified dry
2026-09-02,Katto 1,0.0,0.366,1.0,1.0,True,39.999,12.682,20.0,20.0,92.7,Certified dry
2026-09-03,Katto 1,0.0,0.372,1.0,1.0,True,40.0,12.57,20.0,20.0,92.6,Certified dry
2026-09-04,Katto 1,0.0,0.372,1.0,1.0,True,40.0,12.57,20.0,20.0,92.6,Certified dry
2026-09-05,Katto 1,0.0,0.377,1.0,1.0,True,39.998,12.458,20.0,20.0,92.5,Certified dry
2026-09-06,Katto 1,0.0,0.374,1.0,1.0,True,40.0,12.514,20.0,20.0,92.5,Certified dry
2026-09-07,Katto 1,0.0,0.374,1.0,1.0,True,39.999,12.514,20.0,20.0,92.5,Certified dry
2026-09-08,Katto 1,0.001,0.396,1.0,1.0,True,39.978,12.089,20.0,20.0,92.1,Certified dry
2026-09-09,Katto 1,0.004,0.409,1.0,1.0,True,39.937,11.811,20.0,20.0,91.7,Certified dry
2026-09-10,Katto 1,0.0,0.419,1.0,1.0,True,39.992,11.62,20.0,20.0,91.6,Certified dry
2026-09-11,Katto 1,0.001,0.419,1.0,1.0,True,39.98,11.62,20.0,20.0,91.6,Certified dry
2025-05-13,Katto 2,0.0,0.0,1.0,1.0,False,40.0,20.0,20.0,15.0,95.0,Certified dry
2025-05-14,Katto 2,0.0,0.0,1.0,1.0,False,40.0,20.0,20.0,15.0,95.0,Certified dry
2025-05-15,Katto 2,0.0,0.067,1.0,1.0,False,40.0,18.667,20.0,15.0,93.7,Certified dry
2025-05-16,Katto 2,0.0,0.071,1.0,1.0,False,40.0,18.571,20.0,15.0,93.6,Certified dry
2025-05-17,Katto 2,0.0,0.132,1.0,1.0,False,40.0,17.358,20.0,15.0,92.4,Certified dry
2025-05-18,Katto 2,0.0,0.154,1.0,1.0,False,40.0,16.923,20.0,15.0,91.9,Certified dry
2025-05-19,Katto 2,0.0,0.13,1.0,1.0,False,40.0,17.403,20.0,15.0,92.4,Certified dry
2025-05-20,Katto 2,0.0,0.112,1.0,1.0,False,40.0,17.753,20.0,15.0,92.8,Certified dry
2025-05-21,Katto 2,0.0,0.099,1.0,1.0,False,40.0,18.02,20.0,15.0,93.0,Certified dry
2025-05-22,Katto 2,0.0,0.088,1.0,1.0,False,40.0,18.23,20.0,15.0,93.2,Certified dry
2025-05-23,Katto 2,0.0,0.128,1.0,1.0,False,40.0,17.44,20.0,15.0,92.4,Certified dry
2025-05-24,Katto 2,0.0,0.131,1.0,1.0,False,40.0,17.372,20.0,15.0,92.4,Certified dry
2025-05-25,Katto 2,0.0,0.141,1.0,1.0,False,40.0,17.181,20.0,15.0,92.2,Certified dry
2025-05-26,Katto 2,0.0,0.143,1.0,1.0,False,39.995,17.143,20.0,15.0,92.1,Certified dry
2025-05-27,Katto 2,0.0,0.15,1.0,1.0,False,40.0,16.994,20.0,15.0,92.0,Certified dry
2025-05-28,Katto 2,0.0,0.141,1.0,1.0,False,40.0,17.189,20.0,15.0,92.2,Certified dry
2025-05-29,Katto 2,0.0,0.152,1.0,1.0,False,39.994,16.954,20.0,15.0,91.9,Certified dry
2025-05-30,Katto 2,0.001,0.167,1.0,1.0,False,39.983,16.651,20.0,15.0,91.6,Certified dry
2025-05-31,Katto 2,0.0,0.176,1.0,1.0,False,40.0,16.471,20.0,15.0,91.5,Certified dry
2025-06-01,Katto 2,0.0,0.167,1.0,1.0,False,40.0,16.652,20.0,15.0,91.7,Certified dry
2025-06-02,Katto 2,0.004,0.188,1.0,1.0,False,39.934,16.245,20.0,15.0,91.2,Certified dry
2025-06-03,Katto 2,0.0,0.195,1.0,1.0,False,39.998,16.109,20.0,15.0,91.1,Certified dry
2025-06-04,Katto 2,0.0,0.193,1.0,1.0,False,40.0,16.134,20.0,15.0,91.1,Certified dry
2025-06-05,Katto 2,0.0,0.199,1.0,1.0,False,40.0,16.014,20.0,15.0,91.0,Certified dry
2025-06-06,Katto 2,0.0,0.205,1.0,1.0,False,39.997,15.904,20.0,15.0,90.9,Certified dry
2025-06-07,Katto 2,0.0,0.21,1.0,1.0,False,40.0,15.803,20.0,15.0,90.8,Certified dry
2025-06-08,Katto 2,0.0,0.211,1.0,1.0,False,40.0,15.773,20.0,15.0,90.8,Certified dry
2025-06-09,Katto 2,0.002,0.219,1.0,1.0,False,39.963,15.623,20.0,15.0,90.6,Certified dry
2025-06-10,Katto 2,0.0,0.229,1.0,1.0,False,39.995,15.425,20.0,15.0,90.4,Certified dry
2025-06-11,Katto 2,0.009,0.255,1.0,1.0,False,39.856,14.901,20.0,15.0,89.8,Certified dry
2025-06-12,Katto 2,0.015,0.281,1.0,1.0,False,39.762,14.389,20.0,15.0,89.2,Certified dry
2025-06-13,Katto 2,0.005,0.286,1.0,1.0,False,39.92,14.278,20.0,15.0,89.2,Certified dry
2025-06-14,Katto 2,0.0,0.281,1.0,1.0,False,40.0,14.373,20.0,15.0,89.4,Certified dry
2025-06-15,Katto 2,0.0,0.279,1.0,1.0,False,40.0,14.429,20.0,15.0,89.4,Certified dry
2025-06-16,Katto 2,0.0,0.267,1.0,1.0,False,40.0,14.652,20.0,15.0,89.7,Certified dry
2025-06-17,Katto 2,0.0,0.275,1.0,1.0,False,40.0,14.5,20.0,15.0,89.5,Certified dry
2025-06-18,Katto 2,0.001,0.303,1.0,1.0,False,39.987,13.944,20.0,15.0,88.9,Certified dry
2025-06-19,Katto 2,0.002,0.331,1.0,1.0,False,39.973,13.389,20.0,15.0,88.4,Certified dry
2025-06-20,Katto 2,0.0,0.339,1.0,1.0,False,40.0,13.222,20.0,15.0,88.2,Certified dry
2025-06-21,Katto 2,0.002,0.361,1.0,1.0,False,39.966,12.778,20.0,15.0,87.7,Certified dry
2025-06-22,Katto 2,0.0,0.353,1.0,1.0,False,40.0,12.944,20.0,15.0,87.9,Certified dry
2025-06-23,Katto 2,0.002,0.358,1.0,1.0,False,39.971,12.833,20.0,15.0,87.8,Certified dry
2025-06-24,Katto 2,0.012,0.383,1.0,1.0,False,39.8,12.333,20.0,15.0,87.1,Certified dry
2025-06-25,Katto 2,0.014,0.408,1.0,1.0,False,39.783,11.833,20.0,15.0,86.6,Certified dry
2025-06-26,Katto 2,0.003,0.408,1.0,1.0,False,39.944,11.833,20.0,15.0,86.8,Certified dry
2025-06-27,Katto 2,0.001,0.425,1.0,1.0,False,39.987,11.5,20.0,15.0,86.5,Certified dry
2025-06-28,Katto 2,0.0,0.439,1.0,1.0,False,39.992,11.222,20.0,15.0,86.2,Certified dry
2025-06-29,Katto 2,0.0,0.439,1.0,1.0,False,40.0,11.222,20.0,15.0,86.2,Certified dry
2025-06-30,Katto 2,0.0,0.425,1.0,1.0,False,40.0,11.5,20.0,15.0,86.5,Certified dry
2025-07-01,Katto 2,0.0,0.431,1.0,1.0,False,40.0,11.389,20.0,15.0,86.4,Certified dry
2025-07-02,Katto 2,0.0,0.414,1.0,1.0,False,40.0,11.722,20.0,15.0,86.7,Certified dry
2025-07-03,Katto 2,0.0,0.411,1.0,1.0,False,39.998,11.778,20.0,15.0,86.8,Certified dry
2025-07-04,Katto 2,0.0,0.408,1.0,1.0,False,40.0,11.833,20.0,15.0,86.8,Certified dry
2025-07-05,Katto 2,0.002,0.408,1.0,1.0,False,39.968,11.833,20.0,15.0,86.8,Certified dry
2025-07-06,Katto 2,0.017,0.433,1.0,1.0,False,39.732,11.333,20.0,15.0,86.1,Certified dry
2025-07-07,Katto 2,0.024,0.45,1.0,1.0,False,39.621,11.0,20.0,15.0,85.6,Certified dry
2025-07-08,Katto 2,0.032,0.471,1.0,1.0,False,39.494,10.585,20.0,15.0,85.1,Certified dry
2025-07-09,Katto 2,0.023,0.468,1.0,1.0,False,39.629,10.641,20.0,15.0,85.3,Certified dry
2025-07-10,Katto 2,0.016,0.465,1.0,1.0,False,39.747,10.696,20.0,15.0,85.4,Certified dry
2025-07-11,Katto 2,0.006,0.454,1.0,1.0,False,39.902,10.919,20.0,15.0,85.8,Certified dry
2025-07-12,Katto 2,0.0,0.437,1.0,1.0,False,39.994,11.253,20.0,15.0,86.2,Certified dry
2025-07-13,Katto 2,0.0,0.443,1.0,1.0,False,39.998,11.142,20.0,15.0,86.1,Certified dry
2025-07-14,Katto 2,0.0,0.453,1.0,1.0,False,39.995,10.944,20.0,15.0,85.9,Certified dry
2025-07-15,Katto 2,0.002,0.467,1.0,1.0,False,39.97,10.667,20.0,15.0,85.6,Certified dry
2025-07-16,Katto 2,0.0,0.478,1.0,1.0,False,40.0,10.444,20.0,15.0,85.4,Certified dry
2025-07-17,Katto 2,0.0,0.464,1.0,1.0,False,40.0,10.722,20.0,15.0,85.7,Certified dry
2025-07-18,Katto 2,0.0,0.439,1.0,1.0,False,40.0,11.222,20.0,15.0,86.2,Certified dry
2025-07-19,Katto 2,0.0,0.411,1.0,1.0,False,40.0,11.778,20.0,15.0,86.8,Certified dry
2025-07-20,Katto 2,0.0,0.403,1.0,1.0,False,40.0,11.944,20.0,15.0,86.9,Certified dry
2025-07-21,Katto 2,0.001,0.394,1.0,1.0,False,39.991,12.111,20.0,15.0,87.1,Certified dry
2025-07-22,Katto 2,0.0,0.4,1.0,1.0,False,39.998,12.0,20.0,15.0,87.0,Certified dry
2025-07-23,Katto 2,0.0,0.399,1.0,1.0,False,40.0,12.011,20.0,15.0,87.0,Certified dry
2025-07-24,Katto 2,0.0,0.376,1.0,1.0,False,40.0,12.479,20.0,15.0,87.5,Certified dry
2025-07-25,Katto 2,0.0,0.352,1.0,1.0,False,40.0,12.961,20.0,15.0,88.0,Certified dry
2025-07-26,Katto 2,0.0,0.345,1.0,1.0,False,39.998,13.109,20.0,15.0,88.1,Certified dry
2025-07-27,Katto 2,0.0,0.339,1.0,1.0,False,39.998,13.221,20.0,15.0,88.2,Certified dry
2025-07-28,Katto 2,0.0,0.328,1.0,1.0,False,39.999,13.445,20.0,15.0,88.4,Certified dry
2025-07-29,Katto 2,0.0,0.333,1.0,1.0,False,39.998,13.333,20.0,15.0,88.3,Certified dry
2025-07-30,Katto 2,0.0,0.342,1.0,1.0,False,40.0,13.165,20.0,15.0,88.2,Certified dry
2025-07-31,Katto 2,0.0,0.345,1.0,1.0,False,39.997,13.109,20.0,15.0,88.1,Certified dry
2025-08-01,Katto 2,0.001,0.361,1.0,1.0,False,39.987,12.773,20.0,15.0,87.8,Certified dry
2025-08-02,Katto 2,0.0,0.367,1.0,1.0,False,39.997,12.661,20.0,15.0,87.7,Certified dry
2025-08-03,Katto 2,0.0,0.373,1.0,1.0,False,39.997,12.549,20.0,15.0,87.5,Certified dry
2025-08-04,Katto 2,0.002,0.381,1.0,1.0,False,39.975,12.381,20.0,15.0,87.4,Certified dry
2025-08-05,Katto 2,0.003,0.37,1.0,1.0,False,39.956,12.605,20.0,15.0,87.6,Certified dry
2025-08-06,Katto 2,0.0,0.353,1.0,1.0,False,39.994,12.941,20.0,15.0,87.9,Certified dry
2025-08-07,Katto 2,0.0,0.336,1.0,1.0,False,39.995,13.277,20.0,15.0,88.3,Certified dry
2025-08-08,Katto 2,0.002,0.356,1.0,1.0,False,39.966,12.885,20.0,15.0,87.9,Certified dry
2025-08-09,Katto 2,0.0,0.359,1.0,1.0,False,39.994,12.829,20.0,15.0,87.8,Certified dry
2025-08-10,Katto 2,0.0,0.353,1.0,1.0,False,39.995,12.941,20.0,15.0,87.9,Certified dry
2025-08-11,Katto 2,0.0,0.347,1.0,1.0,False,40.0,13.053,20.0,15.0,88.1,Certified dry
2025-08-12,Katto 2,0.005,0.364,1.0,1.0,False,39.925,12.717,20.0,15.0,87.6,Certified dry
2025-08-13,Katto 2,0.0,0.364,1.0,1.0,False,39.998,12.717,20.0,15.0,87.7,Certified dry
2025-08-14,Katto 2,0.0,0.364,1.0,1.0,False,39.997,12.717,20.0,15.0,87.7,Certified dry
2025-08-15,Katto 2,0.001,0.367,1.0,1.0,False,39.976,12.661,20.0,15.0,87.6,Certified dry
2025-08-16,Katto 2,0.001,0.384,1.0,1.0,False,39.988,12.325,20.0,15.0,87.3,Certified dry
2025-08-17,Katto 2,0.0,0.401,1.0,1.0,False,39.995,11.989,20.0,15.0,87.0,Certified dry
2025-08-18,Katto 2,0.0,0.415,1.0,1.0,False,39.999,11.709,20.0,15.0,86.7,Certified dry
2025-08-19,Katto 2,0.0,0.42,1.0,1.0,False,40.0,11.597,20.0,15.0,86.6,Certified dry
2025-08-20,Katto 2,0.0,0.417,1.0,1.0,False,40.0,11.653,20.0,15.0,86.7,Certified dry
2025-08-21,Katto 2,0.0,0.416,1.0,1.0,False,39.996,11.685,20.0,15.0,86.7,Certified dry
2025-08-22,Katto 2,0.0,0.423,1.0,1.0,False,39.996,11.541,20.0,15.0,86.5,Certified dry
2025-08-23,Katto 2,0.0,0.429,1.0,1.0,False,39.999,11.429,20.0,15.0,86.4,Certified dry
2025-08-24,Katto 2,0.001,0.444,1.0,1.0,False,39.98,11.117,20.0,15.0,86.1,Certified dry
2025-08-25,Katto 2,0.0,0.455,1.0,1.0,False,39.995,10.894,20.0,15.0,85.9,Certified dry
2025-08-26,Katto 2,0.0,0.455,1.0,1.0,False,39.998,10.894,20.0,15.0,85.9,Certified dry
2025-08-27,Katto 2,0.0,0.458,1.0,1.0,False,39.999,10.838,20.0,15.0,85.8,Certified dry
2025-08-28,Katto 2,0.001,0.458,1.0,1.0,False,39.984,10.838,20.0,15.0,85.8,Certified dry
2025-08-29,Katto 2,0.015,0.483,1.0,1.0,False,39.76,10.335,20.0,15.0,85.1,Certified dry
2025-08-30,Katto 2,0.033,0.508,1.0,1.0,False,39.478,9.832,20.0,15.0,84.3,Good
2025-08-31,Katto 2,0.05,0.525,1.0,1.0,False,39.201,9.497,20.0,15.0,83.7,Good
2025-09-01,Katto 2,0.063,0.545,1.0,1.0,False,38.994,9.106,20.0,15.0,83.1,Good
2025-09-02,Katto 2,0.073,0.567,1.0,1.0,False,38.832,8.659,20.0,15.0,82.5,Good
2025-09-03,Katto 2,0.081,0.578,1.0,1.0,False,38.708,8.436,20.0,15.0,82.1,Good
2025-09-04,Katto 2,0.086,0.587,1.0,1.0,False,38.617,8.268,20.0,15.0,81.9,Good
2025-09-05,Katto 2,0.094,0.603,1.0,1.0,False,38.49,7.933,20.0,15.0,81.4,Good
2025-09-06,Katto 2,0.107,0.624,1.0,1.0,False,38.28,7.521,20.0,15.0,80.8,Good
2025-09-07,Katto 2,0.123,0.63,1.0,1.0,False,38.037,7.409,20.0,15.0,80.4,Good
2025-09-08,Katto 2,0.128,0.641,1.0,1.0,False,37.952,7.187,20.0,15.0,80.1,Good
2025-09-09,Katto 2,0.123,0.643,1.0,1.0,False,38.04,7.131,20.0,15.0,80.2,Good
2025-09-10,Katto 2,0.119,0.655,1.0,1.0,False,38.098,6.908,20.0,15.0,80.0,Good
2025-09-11,Katto 2,0.112,0.635,1.0,1.0,False,38.205,7.298,20.0,15.0,80.5,Good
2025-09-12,Katto 2,0.119,0.642,1.0,1.0,False,38.089,7.151,20.0,15.0,80.2,Good
2025-09-13,Katto 2,0.13,0.662,1.0,1.0,False,37.924,6.76,20.0,15.0,79.7,Good
2025-09-14,Katto 2,0.145,0.681,1.0,1.0,False,37.674,6.387,20.0,15.0,79.1,Good
2025-09-15,Katto 2,0.159,0.695,1.0,1.0,False,37.455,6.106,20.0,15.0,78.6,Good
2025-09-16,Katto 2,0.171,0.712,1.0,1.0,False,37.262,5.754,20.0,15.0,78.0,Good
2025-09-17,Katto 2,0.184,0.732,1.0,1.0,False,37.059,5.363,20.0,15.0,77.4,Good
2025-09-18,Katto 2,0.193,0.754,1.0,1.0,False,36.916,4.93,20.0,15.0,76.8,Good
2025-09-19,Katto 2,0.203,0.779,1.0,1.0,False,36.755,4.426,20.0,15.0,76.2,Good
2025-09-20,Katto 2,0.218,0.799,1.0,1.0,False,36.518,4.022,20.0,15.0,75.5,Good
2025-09-21,Katto 2,0.222,0.81,1.0,1.0,False,36.452,3.799,20.0,15.0,75.3,Good
2025-09-22,Katto 2,0.213,0.812,1.0,1.0,False,36.589,3.754,20.0,15.0,75.3,Good
2025-09-23,Katto 2,0.204,0.815,1.0,1.0,False,36.73,3.697,20.0,15.0,75.4,Good
2025-09-24,Katto 2,0.194,0.81,1.0,1.0,False,36.888,3.81,20.0,15.0,75.7,Good
2025-09-25,Katto 2,0.188,0.812,1.0,1.0,False,36.997,3.754,20.0,15.0,75.8,Good
2025-09-26,Katto 2,0.18,0.818,1.0,1.0,False,37.119,3.641,20.0,15.0,75.8,Good
2025-09-27,Katto 2,0.173,0.821,1.0,1.0,False,37.231,3.585,20.0,15.0,75.8,Good
2025-09-28,Katto 2,0.165,0.804,1.0,1.0,False,37.357,3.922,20.0,15.0,76.3,Good
2025-09-29,Katto 2,0.156,0.782,1.0,1.0,False,37.503,4.37,20.0,15.0,76.9,Good
2025-09-30,Katto 2,0.141,0.756,1.0,1.0,False,37.748,4.874,20.0,15.0,77.6,Good
2025-10-01,Katto 2,0.133,0.725,1.0,1.0,False,37.875,5.49,20.0,15.0,78.4,Good
2025-10-02,Katto 2,0.124,0.714,1.0,1.0,False,38.011,5.714,20.0,15.0,78.7,Good
2025-10-03,Katto 2,0.117,0.689,1.0,1.0,False,38.133,6.218,20.0,15.0,79.4,Good
2025-10-04,Katto 2,0.117,0.688,1.0,1.0,False,38.129,6.236,20.0,15.0,79.4,Good
2025-10-05,Katto 2,0.123,0.691,1.0,1.0,False,38.033,6.18,20.0,15.0,79.2,Good
2025-10-06,Katto 2,0.136,0.691,1.0,1.0,False,37.822,6.18,20.0,15.0,79.0,Good
2025-10-07,Katto 2,0.149,0.691,1.0,1.0,False,37.622,6.18,20.0,15.0,78.8,Good
2025-10-08,Katto 2,0.161,0.697,1.0,1.0,False,37.417,6.067,20.0,15.0,78.5,Good
2025-10-09,Katto 2,0.174,0.71,1.0,1.0,False,37.222,5.803,20.0,15.0,78.0,Good
2025-10-10,Katto 2,0.175,0.718,1.0,1.0,False,37.2,5.634,20.0,15.0,77.8,Good
2025-10-11,Katto 2,0.167,0.721,1.0,1.0,False,37.325,5.577,20.0,15.0,77.9,Good
2025-10-12,Katto 2,0.16,0.713,1.0,1.0,False,37.435,5.73,20.0,15.0,78.2,Good
2025-10-13,Katto 2,0.159,0.694,1.0,1.0,False,37.458,6.124,20.0,15.0,78.6,Good
2025-10-14,Katto 2,0.158,0.691,1.0,1.0,False,37.48,6.18,20.0,15.0,78.7,Good
2025-10-15,Katto 2,0.163,0.691,1.0,1.0,False,37.391,6.18,20.0,15.0,78.6,Good
2025-10-16,Katto 2,0.159,0.674,1.0,1.0,False,37.45,6.517,20.0,15.0,79.0,Good
2025-10-17,Katto 2,0.152,0.643,1.0,1.0,False,37.575,7.135,20.0,15.0,79.7,Good
2025-10-18,Katto 2,0.144,0.613,1.0,1.0,False,37.699,7.731,20.0,15.0,80.4,Good
2025-10-19,Katto 2,0.129,0.588,1.0,1.0,False,37.943,8.235,20.0,15.0,81.2,Good
2025-10-20,Katto 2,0.126,0.577,1.0,1.0,False,37.982,8.459,20.0,15.0,81.4,Good
2025-10-21,Katto 2,0.119,0.566,1.0,1.0,False,38.094,8.683,20.0,15.0,81.8,Good
2025-10-22,Katto 2,0.119,0.581,1.0,1.0,False,38.089,8.38,20.0,15.0,81.5,Good
2025-10-23,Katto 2,0.128,0.592,1.0,1.0,False,37.949,8.156,20.0,15.0,81.1,Good
2025-10-24,Katto 2,0.139,0.615,1.0,1.0,False,37.776,7.709,20.0,15.0,80.5,Good
2025-10-25,Katto 2,0.152,0.634,1.0,1.0,False,37.572,7.318,20.0,15.0,79.9,Good
2025-10-26,Katto 2,0.163,0.648,1.0,1.0,False,37.39,7.039,20.0,15.0,79.4,Good
2025-10-27,Katto 2,0.172,0.658,1.0,1.0,False,37.244,6.835,20.0,15.0,79.1,Good
2025-10-28,Katto 2,0.18,0.675,1.0,1.0,False,37.114,6.499,20.0,15.0,78.6,Good
2025-10-29,Katto 2,0.189,0.697,1.0,1.0,False,36.982,6.05,20.0,15.0,78.0,Good
2025-10-30,Katto 2,0.197,0.723,1.0,1.0,False,36.852,5.546,20.0,15.0,77.4,Good
2025-10-31,Katto 2,0.206,0.754,1.0,1.0,False,36.711,4.93,20.0,15.0,76.6,Good
2025-11-01,Katto 2,0.214,0.765,1.0,1.0,False,36.582,4.706,20.0,15.0,76.3,Good
2025-11-02,Katto 2,0.224,0.793,1.0,1.0,False,36.417,4.146,20.0,15.0,75.6,Good
2025-11-03,Katto 2,0.235,0.796,1.0,1.0,False,36.244,4.078,20.0,15.0,75.3,Good
2025-11-04,Katto 2,0.245,0.796,1.0,1.0,True,36.075,4.078,20.0,20.0,80.2,Good
2025-11-05,Katto 2,0.259,0.796,1.0,1.0,True,35.863,4.078,20.0,20.0,79.9,Good
2025-11-06,Katto 2,0.271,0.796,1.0,1.0,True,35.659,4.078,20.0,20.0,79.7,Good
2025-11-07,Katto 2,0.284,0.796,1.0,1.0,True,35.457,4.078,20.0,20.0,79.5,Good
2025-11-08,Katto 2,0.295,0.797,1.0,1.0,True,35.284,4.067,20.0,20.0,79.4,Good
2025-11-09,Katto 2,0.304,0.802,1.0,1.0,True,35.135,3.955,20.0,20.0,79.1,Good
2025-11-10,Katto 2,0.309,0.822,1.0,1.0,True,35.053,3.565,20.0,20.0,78.6,Good
2025-11-11,Katto 2,0.317,0.841,1.0,1.0,True,34.93,3.175,20.0,20.0,78.1,Good
2025-11-12,Katto 2,0.328,0.864,1.0,1.0,True,34.76,2.73,20.0,20.0,77.5,Good
2025-11-13,Katto 2,0.337,0.867,1.0,1.0,True,34.602,2.667,20.0,20.0,77.3,Good
2025-11-14,Katto 2,0.322,0.844,1.0,1.0,True,34.842,3.111,20.0,20.0,78.0,Good
2025-11-15,Katto 2,0.316,0.827,1.0,1.0,True,34.949,3.454,20.0,20.0,78.4,Good
2025-11-16,Katto 2,0.31,0.847,1.0,1.0,True,35.033,3.064,20.0,20.0,78.1,Good
2025-11-17,Katto 2,0.303,0.858,1.0,1.0,True,35.15,2.841,20.0,20.0,78.0,Good
2025-11-18,Katto 2,0.295,0.85,0.983,1.0,True,35.278,3.008,19.667,20.0,78.0,Good
2025-11-19,Katto 2,0.279,0.83,0.961,1.0,True,35.534,3.398,19.227,20.0,78.2,Good
2025-11-20,Katto 2,0.276,0.836,0.962,1.0,True,35.586,3.287,19.239,20.0,78.1,Good
2025-11-21,Katto 2,0.266,0.822,0.96,1.0,True,35.746,3.565,19.205,20.0,78.5,Good
2025-11-22,Katto 2,0.268,0.805,0.949,1.0,True,35.71,3.9,18.971,20.0,78.6,Good
2025-11-23,Katto 2,0.275,0.805,0.949,1.0,True,35.6,3.9,18.971,20.0,78.5,Good
2025-11-24,Katto 2,0.27,0.796,0.949,1.0,True,35.682,4.078,18.971,20.0,78.7,Good
2025-11-25,Katto 2,0.267,0.763,0.944,1.0,True,35.725,4.749,18.876,20.0,79.3,Good
2025-11-26,Katto 2,0.251,0.73,0.927,1.0,True,35.981,5.404,18.539,20.0,79.9,Good
2025-11-27,Katto 2,0.244,0.71,0.918,1.0,True,36.102,5.794,18.37,20.0,80.3,Good
2025-11-28,Katto 2,0.253,0.71,0.918,1.0,True,35.951,5.794,18.37,20.0,80.1,Good
2025-11-29,Katto 2,0.262,0.71,0.918,1.0,True,35.807,5.794,18.37,20.0,80.0,Good
2025-11-30,Katto 2,0.269,0.71,0.919,1.0,True,35.694,5.794,18.387,20.0,79.9,Good
2025-12-01,Katto 2,0.275,0.71,0.92,1.0,True,35.594,5.794,18.396,20.0,79.8,Good
2025-12-02,Katto 2,0.281,0.71,0.921,1.0,True,35.5,5.794,18.429,20.0,79.7,Good
2025-12-03,Katto 2,0.287,0.71,0.92,1.0,True,35.406,5.794,18.404,20.0,79.6,Good
2025-12-04,Katto 2,0.291,0.71,0.919,1.0,True,35.35,5.794,18.378,20.0,79.5,Good
2025-12-05,Katto 2,0.297,0.71,0.919,1.0,True,35.247,5.794,18.387,20.0,79.4,Good
2025-12-06,Katto 2,0.304,0.709,0.918,1.0,True,35.136,5.81,18.361,20.0,79.3,Good
2025-12-07,Katto 2,0.309,0.709,0.918,1.0,True,35.059,5.81,18.361,20.0,79.2,Good
2025-12-08,Katto 2,0.314,0.709,0.918,1.0,True,34.976,5.81,18.361,20.0,79.1,Good
2025-12-09,Katto 2,0.321,0.709,0.918,1.0,True,34.868,5.81,18.352,20.0,79.0,Good
2025-12-10,Katto 2,0.314,0.696,0.918,1.0,True,34.975,6.089,18.37,20.0,79.4,Good
2025-12-11,Katto 2,0.318,0.693,0.921,1.0,True,34.915,6.145,18.421,20.0,79.5,Good
2025-12-12,Katto 2,0.308,0.659,0.908,1.0,True,35.065,6.816,18.154,20.0,80.0,Good
2025-12-13,Katto 2,0.292,0.626,0.887,1.0,True,35.321,7.486,17.744,20.0,80.6,Good
2025-12-14,Katto 2,0.281,0.62,0.887,1.0,True,35.502,7.598,17.732,20.0,80.8,Good
2025-12-15,Katto 2,0.288,0.651,0.884,1.0,True,35.394,6.983,17.684,20.0,80.1,Good
2025-12-16,Katto 2,0.296,0.665,0.878,1.0,True,35.257,6.704,17.569,20.0,79.5,Good
2025-12-17,Katto 2,0.304,0.682,0.877,1.0,True,35.128,6.369,17.542,20.0,79.0,Good
2025-12-18,Katto 2,0.311,0.715,0.886,1.0,True,35.027,5.698,17.727,20.0,78.5,Good
2025-12-19,Katto 2,0.319,0.749,0.909,1.0,True,34.891,5.028,18.182,20.0,78.1,Good
2025-12-20,Katto 2,0.328,0.763,0.907,1.0,True,34.753,4.749,18.148,20.0,77.6,Good
2025-12-21,Katto 2,0.332,0.777,0.911,1.0,True,34.685,4.469,18.214,20.0,77.4,Good
2025-12-22,Katto 2,0.322,0.774,0.903,1.0,True,34.847,4.525,18.061,20.0,77.4,Good
2025-12-23,Katto 2,0.314,0.74,0.872,1.0,True,34.975,5.196,17.439,20.0,77.6,Good
2025-12-24,Katto 2,0.299,0.716,0.871,1.0,True,35.208,5.682,17.423,20.0,78.3,Good
2025-12-25,Katto 2,0.304,0.749,0.873,1.0,True,35.137,5.014,17.47,20.0,77.6,Good
2025-12-26,Katto 2,0.307,0.783,0.893,1.0,True,35.087,4.345,17.87,20.0,77.3,Good
2025-12-27,Katto 2,0.298,0.794,0.91,1.0,True,35.236,4.123,18.204,20.0,77.6,Good
2025-12-28,Katto 2,0.29,0.76,0.912,1.0,True,35.363,4.791,18.235,20.0,78.4,Good
2025-12-29,Katto 2,0.274,0.727,0.914,1.0,True,35.619,5.46,18.286,20.0,79.4,Good
2025-12-30,Katto 2,0.258,0.694,0.895,1.0,True,35.876,6.128,17.901,20.0,79.9,Good
2025-12-31,Katto 2,0.242,0.66,0.837,1.0,True,36.132,6.797,16.737,20.0,79.7,Good
2026-01-01,Katto 2,0.226,0.628,0.788,1.0,True,36.387,7.43,15.767,20.0,79.6,Good
2026-01-02,Katto 2,0.21,0.595,0.791,1.0,True,36.643,8.101,15.812,20.0,80.6,Good
2026-01-03,Katto 2,0.194,0.561,0.785,1.0,True,36.9,8.771,15.707,20.0,81.4,Good
2026-01-04,Katto 2,0.178,0.528,0.736,1.0,True,37.156,9.441,14.721,20.0,81.3,Good
2026-01-05,Katto 2,0.162,0.496,0.692,1.0,True,37.412,10.084,13.846,20.0,81.3,Good
2026-01-06,Katto 2,0.146,0.462,0.682,1.0,True,37.669,10.752,13.636,20.0,82.1,Good
2026-01-07,Katto 2,0.13,0.429,0.683,1.0,True,37.925,11.421,13.665,20.0,83.0,Good
2026-01-08,Katto 2,0.114,0.396,0.68,1.0,True,38.181,12.089,13.604,20.0,83.9,Good
2026-01-09,Katto 2,0.098,0.376,0.644,1.0,True,38.437,12.479,12.876,20.0,83.8,Good
2026-01-10,Katto 2,0.082,0.343,0.599,1.0,True,38.693,13.148,11.983,20.0,83.8,Good
2026-01-11,Katto 2,0.066,0.343,0.559,1.0,True,38.949,13.148,11.176,20.0,83.3,Good
2026-01-12,Katto 2,0.05,0.343,0.544,1.0,True,39.205,13.148,10.879,20.0,83.2,Good
2026-01-13,Katto 2,0.034,0.337,0.534,1.0,True,39.462,13.259,10.678,20.0,83.4,Good
2026-01-14,Katto 2,0.018,0.306,0.536,1.0,True,39.717,13.872,10.717,20.0,84.3,Good
2026-01-15,Katto 2,0.002,0.273,0.545,1.0,True,39.974,14.54,10.909,20.0,85.4,Certified dry
2026-01-16,Katto 2,0.0,0.24,0.549,1.0,True,40.0,15.209,10.984,20.0,86.2,Certified dry
2026-01-17,Katto 2,0.0,0.207,0.549,1.0,True,40.0,15.866,10.984,20.0,86.8,Certified dry
2026-01-18,Katto 2,0.0,0.173,0.563,1.0,True,40.0,16.536,11.27,20.0,87.8,Certified dry
2026-01-19,Katto 2,0.0,0.14,0.551,1.0,True,40.0,17.207,11.02,20.0,88.2,Certified dry
2026-01-20,Katto 2,0.0,0.106,0.532,1.0,True,40.0,17.877,10.638,20.0,88.5,Certified dry
2026-01-21,Katto 2,0.0,0.092,0.528,1.0,True,40.0,18.156,10.568,20.0,88.7,Certified dry
2026-01-22,Katto 2,0.0,0.092,0.532,1.0,True,40.0,18.156,10.642,20.0,88.8,Certified dry
2026-01-23,Katto 2,0.0,0.092,0.51,1.0,True,40.0,18.156,10.192,20.0,88.3,Certified dry
2026-01-24,Katto 2,0.0,0.059,0.475,1.0,True,40.0,18.827,9.51,20.0,88.3,Certified dry
2026-01-25,Katto 2,0.0,0.025,0.454,1.0,True,40.0,19.497,9.082,20.0,88.6,Certified dry
2026-01-26,Katto 2,0.0,0.0,0.421,1.0,True,40.0,20.0,8.41,20.0,88.4,Certified dry
2026-01-27,Katto 2,0.0,0.0,0.381,1.0,True,40.0,20.0,7.629,20.0,87.6,Certified dry
2026-01-28,Katto 2,0.0,0.0,0.344,1.0,True,40.0,20.0,6.885,20.0,86.9,Certified dry
2026-01-29,Katto 2,0.0,0.0,0.316,1.0,True,40.0,20.0,6.316,20.0,86.3,Certified dry
2026-01-30,Katto 2,0.0,0.0,0.333,1.0,True,40.0,20.0,6.667,20.0,86.7,Certified dry
2026-01-31,Katto 2,0.0,0.0,0.344,1.0,True,40.0,20.0,6.879,20.0,86.9,Certified dry
2026-02-01,Katto 2,0.0,0.0,0.321,1.0,True,40.0,20.0,6.41,20.0,86.4,Certified dry
2026-02-02,Katto 2,0.0,0.0,0.305,1.0,True,40.0,20.0,6.098,20.0,86.1,Certified dry
2026-02-03,Katto 2,0.0,0.0,0.307,1.0,True,40.0,20.0,6.135,20.0,86.1,Certified dry
2026-02-04,Katto 2,0.0,0.0,0.311,1.0,True,40.0,20.0,6.211,20.0,86.2,Certified dry
2026-02-05,Katto 2,0.0,0.0,0.286,1.0,True,40.0,20.0,5.714,20.0,85.7,Certified dry
2026-02-06,Katto 2,0.0,0.0,0.276,1.0,True,40.0,20.0,5.513,20.0,85.5,Certified dry
2026-02-07,Katto 2,0.0,0.0,0.262,1.0,True,40.0,20.0,5.244,20.0,85.2,Certified dry
2026-02-08,Katto 2,0.0,0.0,0.269,1.0,True,40.0,20.0,5.375,20.0,85.4,Certified dry
2026-02-09,Katto 2,0.0,0.0,0.297,1.0,True,40.0,20.0,5.949,20.0,85.9,Certified dry
2026-02-10,Katto 2,0.0,0.0,0.349,1.0,True,40.0,20.0,6.974,20.0,87.0,Certified dry
2026-02-11,Katto 2,0.0,0.0,0.375,1.0,True,40.0,20.0,7.5,20.0,87.5,Certified dry
2026-02-12,Katto 2,0.0,0.0,0.347,1.0,True,40.0,20.0,6.944,20.0,86.9,Certified dry
2026-02-13,Katto 2,0.0,0.0,0.309,1.0,True,40.0,20.0,6.176,20.0,86.2,Certified dry
2026-02-14,Katto 2,0.0,0.0,0.264,1.0,True,40.0,20.0,5.286,20.0,85.3,Certified dry
2026-02-15,Katto 2,0.0,0.0,0.214,1.0,True,40.0,20.0,4.276,20.0,84.3,Good
2026-02-16,Katto 2,0.0,0.0,0.166,1.0,True,40.0,20.0,3.311,20.0,83.3,Good
2026-02-17,Katto 2,0.0,0.0,0.113,1.0,True,40.0,20.0,2.252,20.0,82.3,Good
2026-02-18,Katto 2,0.0,0.0,0.107,1.0,True,40.0,20.0,2.138,20.0,82.1,Good
2026-02-19,Katto 2,0.0,0.0,0.097,1.0,True,40.0,20.0,1.939,20.0,81.9,Good
2026-02-20,Katto 2,0.0,0.0,0.121,1.0,True,40.0,20.0,2.428,20.0,82.4,Good
2026-02-21,Katto 2,0.0,0.0,0.174,1.0,True,40.0,20.0,3.478,20.0,83.5,Good
2026-02-22,Katto 2,0.0,0.0,0.203,1.0,True,40.0,20.0,4.062,20.0,84.1,Good
2026-02-23,Katto 2,0.0,0.0,0.223,1.0,True,40.0,20.0,4.456,20.0,84.5,Good
2026-02-24,Katto 2,0.0,0.0,0.244,1.0,True,40.0,20.0,4.876,20.0,84.9,Good
2026-02-25,Katto 2,0.0,0.0,0.284,1.0,True,40.0,20.0,5.686,20.0,85.7,Certified dry
2026-02-26,Katto 2,0.0,0.003,0.332,1.0,True,39.995,19.944,6.635,20.0,86.6,Certified dry
2026-02-27,Katto 2,0.003,0.034,0.365,1.0,True,39.956,19.326,7.306,20.0,86.6,Certified dry
2026-02-28,Katto 2,0.003,0.065,0.396,1.0,True,39.951,18.704,7.913,20.0,86.6,Certified dry
2026-03-01,Katto 2,0.001,0.087,0.416,1.0,True,39.976,18.254,8.326,20.0,86.6,Certified dry
2026-03-02,Katto 2,0.0,0.104,0.44,1.0,True,40.0,17.915,8.803,20.0,86.7,Certified dry
2026-03-03,Katto 2,0.001,0.119,0.455,1.0,True,39.983,17.627,9.106,20.0,86.7,Certified dry
2026-03-04,Katto 2,0.0,0.121,0.496,1.0,True,40.0,17.571,9.915,20.0,87.5,Certified dry
2026-03-05,Katto 2,0.0,0.121,0.54,1.0,True,40.0,17.571,10.802,20.0,88.4,Certified dry
2026-03-06,Katto 2,0.0,0.127,0.58,1.0,True,39.998,17.465,11.597,20.0,89.1,Certified dry
2026-03-07,Katto 2,0.0,0.13,0.612,1.0,True,40.0,17.408,12.231,20.0,89.6,Certified dry
2026-03-08,Katto 2,0.0,0.129,0.635,1.0,True,40.0,17.416,12.691,20.0,90.1,Certified dry
2026-03-09,Katto 2,0.0,0.148,0.672,1.0,True,40.0,17.031,13.439,20.0,90.5,Certified dry
2026-03-10,Katto 2,0.0,0.16,0.708,1.0,True,40.0,16.798,14.15,20.0,90.9,Certified dry
2026-03-11,Katto 2,0.002,0.18,0.73,1.0,True,39.968,16.404,14.603,20.0,91.0,Certified dry
2026-03-12,Katto 2,0.007,0.213,0.736,1.0,True,39.884,15.73,14.729,20.0,90.3,Certified dry
2026-03-13,Katto 2,0.001,0.233,0.741,1.0,True,39.989,15.337,14.829,20.0,90.2,Certified dry
2026-03-14,Katto 2,0.0,0.244,0.764,1.0,True,40.0,15.112,15.281,20.0,90.4,Certified dry
2026-03-15,Katto 2,0.001,0.253,0.771,1.0,True,39.987,14.944,15.418,20.0,90.3,Certified dry
2026-03-16,Katto 2,0.0,0.27,0.804,1.0,False,39.997,14.607,16.087,15.0,85.7,Certified dry
2026-03-17,Katto 2,0.0,0.295,0.845,1.0,False,40.0,14.101,16.895,15.0,86.0,Certified dry
2026-03-18,Katto 2,0.001,0.317,0.888,1.0,False,39.981,13.652,17.754,15.0,86.4,Certified dry
2026-03-19,Katto 2,0.0,0.346,0.917,1.0,False,40.0,13.09,18.339,15.0,86.4,Certified dry
2026-03-20,Katto 2,0.0,0.345,0.946,1.0,False,40.0,13.109,18.917,15.0,87.0,Certified dry
2026-03-21,Katto 2,0.0,0.345,0.971,1.0,False,40.0,13.109,19.427,15.0,87.5,Certified dry
2026-03-22,Katto 2,0.0,0.348,0.982,1.0,False,40.0,13.034,19.64,15.0,87.7,Certified dry
2026-03-23,Katto 2,0.0,0.354,0.982,1.0,False,40.0,12.921,19.638,15.0,87.6,Certified dry
2026-03-24,Katto 2,0.0,0.354,0.986,1.0,False,40.0,12.921,19.711,15.0,87.6,Certified dry
2026-03-25,Katto 2,0.0,0.376,0.993,1.0,False,39.998,12.472,19.859,15.0,87.3,Certified dry
2026-03-26,Katto 2,0.0,0.388,1.0,1.0,False,39.998,12.247,20.0,15.0,87.2,Certified dry
2026-03-27,Katto 2,0.0,0.399,1.0,1.0,False,40.0,12.022,20.0,15.0,87.0,Certified dry
2026-03-28,Katto 2,0.0,0.398,1.0,1.0,False,40.0,12.045,20.0,15.0,87.0,Certified dry
2026-03-29,Katto 2,0.0,0.383,1.0,1.0,False,39.995,12.346,20.0,15.0,87.3,Certified dry
2026-03-30,Katto 2,0.0,0.357,1.0,1.0,False,40.0,12.869,20.0,15.0,87.9,Certified dry
2026-03-31,Katto 2,0.0,0.34,1.0,1.0,False,40.0,13.203,20.0,15.0,88.2,Certified dry
2026-04-01,Katto 2,0.0,0.32,1.0,1.0,False,40.0,13.593,20.0,15.0,88.6,Certified dry
2026-04-02,Katto 2,0.003,0.336,1.0,1.0,False,39.945,13.278,20.0,15.0,88.2,Certified dry
2026-04-03,Katto 2,0.005,0.361,1.0,1.0,False,39.92,12.778,20.0,15.0,87.7,Certified dry
2026-04-04,Katto 2,0.01,0.394,1.0,1.0,False,39.838,12.111,20.0,15.0,86.9,Certified dry
2026-04-05,Katto 2,0.009,0.419,1.0,1.0,False,39.86,11.611,20.0,15.0,86.5,Certified dry
2026-04-06,Katto 2,0.011,0.444,1.0,1.0,False,39.828,11.111,20.0,15.0,85.9,Certified dry
2026-04-07,Katto 2,0.002,0.462,1.0,1.0,False,39.971,10.752,20.0,15.0,85.7,Certified dry
2026-04-08,Katto 2,0.0,0.442,1.0,1.0,False,40.0,11.167,20.0,15.0,86.2,Certified dry
2026-04-09,Katto 2,0.0,0.431,1.0,1.0,False,40.0,11.389,20.0,15.0,86.4,Certified dry
2026-04-10,Katto 2,0.0,0.414,1.0,1.0,False,40.0,11.722,20.0,15.0,86.7,Certified dry
2026-04-11,Katto 2,0.0,0.381,1.0,1.0,False,40.0,12.389,20.0,15.0,87.4,Certified dry
2026-04-12,Katto 2,0.0,0.361,1.0,1.0,False,40.0,12.778,20.0,15.0,87.8,Certified dry
2026-04-13,Katto 2,0.0,0.347,1.0,1.0,False,40.0,13.056,20.0,15.0,88.1,Certified dry
2026-04-14,Katto 2,0.0,0.342,1.0,1.0,False,40.0,13.167,20.0,15.0,88.2,Certified dry
2026-04-15,Katto 2,0.0,0.325,1.0,1.0,False,40.0,13.5,20.0,15.0,88.5,Certified dry
2026-04-16,Katto 2,0.0,0.297,1.0,1.0,False,40.0,14.056,20.0,15.0,89.1,Certified dry
2026-04-17,Katto 2,0.0,0.281,1.0,1.0,False,40.0,14.389,20.0,15.0,89.4,Certified dry
2026-04-18,Katto 2,0.0,0.25,1.0,1.0,False,40.0,15.0,20.0,15.0,90.0,Certified dry
2026-04-19,Katto 2,0.0,0.25,1.0,1.0,False,40.0,15.0,20.0,15.0,90.0,Certified dry
2026-04-20,Katto 2,0.0,0.25,1.0,1.0,False,40.0,15.0,20.0,15.0,90.0,Certified dry
2026-04-21,Katto 2,0.0,0.247,1.0,1.0,False,40.0,15.069,20.0,15.0,90.1,Certified dry
2026-04-22,Katto 2,0.0,0.241,1.0,1.0,False,40.0,15.18,20.0,15.0,90.2,Certified dry
2026-04-23,Katto 2,0.0,0.241,1.0,1.0,False,40.0,15.18,20.0,15.0,90.2,Certified dry
2026-04-24,Katto 2,0.0,0.222,1.0,1.0,False,40.0,15.568,20.0,15.0,90.6,Certified dry
2026-04-25,Katto 2,0.0,0.211,1.0,1.0,False,40.0,15.789,20.0,15.0,90.8,Certified dry
2026-04-26,Katto 2,0.0,0.197,1.0,1.0,False,40.0,16.066,20.0,15.0,91.1,Certified dry
2026-04-27,Katto 2,0.0,0.194,1.0,1.0,False,40.0,16.122,20.0,15.0,91.1,Certified dry
2026-04-28,Katto 2,0.0,0.18,1.0,1.0,False,40.0,16.399,20.0,15.0,91.4,Certified dry
2026-04-29,Katto 2,0.0,0.172,1.0,1.0,False,40.0,16.565,20.0,15.0,91.6,Certified dry
2026-04-30,Katto 2,0.0,0.169,1.0,1.0,False,40.0,16.611,20.0,15.0,91.6,Certified dry
2026-05-01,Katto 2,0.0,0.169,1.0,1.0,False,40.0,16.611,20.0,15.0,91.6,Certified dry
2026-05-02,Katto 2,0.0,0.142,1.0,1.0,False,40.0,17.167,20.0,15.0,92.2,Certified dry
2026-05-03,Katto 2,0.0,0.111,1.0,1.0,False,40.0,17.778,20.0,15.0,92.8,Certified dry
2026-05-04,Katto 2,0.0,0.083,1.0,1.0,False,39.994,18.333,20.0,15.0,93.3,Certified dry
2026-05-05,Katto 2,0.0,0.061,1.0,1.0,False,40.0,18.778,20.0,15.0,93.8,Certified dry
2026-05-06,Katto 2,0.0,0.031,1.0,1.0,False,40.0,19.389,20.0,15.0,94.4,Certified dry
2026-05-07,Katto 2,0.0,0.014,1.0,1.0,False,40.0,19.723,20.0,15.0,94.7,Certified dry
2026-05-08,Katto 2,0.0,0.014,1.0,1.0,False,40.0,19.723,20.0,15.0,94.7,Certified dry
2026-05-09,Katto 2,0.0,0.014,1.0,1.0,False,40.0,19.722,20.0,15.0,94.7,Certified dry
2026-05-10,Katto 2,0.0,0.014,1.0,1.0,False,40.0,19.723,20.0,15.0,94.7,Certified dry
2026-05-11,Katto 2,0.0,0.014,1.0,1.0,False,40.0,19.723,20.0,15.0,94.7,Certified dry
2026-05-12,Katto 2,0.0,0.014,1.0,1.0,False,40.0,19.723,20.0,15.0,94.7,Certified dry
2026-05-13,Katto 2,0.002,0.025,1.0,1.0,False,39.971,19.501,20.0,15.0,94.5,Certified dry
2026-05-14,Katto 2,0.0,0.036,1.0,1.0,False,40.0,19.28,20.0,15.0,94.3,Certified dry
2026-05-15,Katto 2,0.0,0.042,1.0,1.0,False,40.0,19.169,20.0,15.0,94.2,Certified dry
2026-05-16,Katto 2,0.0,0.042,1.0,1.0,False,40.0,19.169,20.0,15.0,94.2,Certified dry
2026-05-17,Katto 2,0.0,0.039,1.0,1.0,False,40.0,19.224,20.0,15.0,94.2,Certified dry
2026-05-18,Katto 2,0.0,0.039,1.0,1.0,False,40.0,19.224,20.0,15.0,94.2,Certified dry
2026-05-19,Katto 2,0.0,0.047,1.0,1.0,False,40.0,19.058,20.0,15.0,94.1,Certified dry
2026-05-20,Katto 2,0.0,0.064,1.0,1.0,False,39.994,18.719,20.0,15.0,93.7,Certified dry
2026-05-21,Katto 2,0.0,0.081,1.0,1.0,False,39.993,18.384,20.0,15.0,93.4,Certified dry
2026-05-22,Katto 2,0.002,0.103,1.0,1.0,False,39.972,17.939,20.0,15.0,92.9,Certified dry
2026-05-23,Katto 2,0.0,0.111,1.0,1.0,False,39.998,17.772,20.0,15.0,92.8,Certified dry
2026-05-24,Katto 2,0.0,0.117,1.0,1.0,False,40.0,17.654,20.0,15.0,92.7,Certified dry
2026-05-25,Katto 2,0.0,0.117,1.0,1.0,False,40.0,17.654,20.0,15.0,92.7,Certified dry
2026-05-26,Katto 2,0.0,0.117,1.0,1.0,False,40.0,17.654,20.0,15.0,92.7,Certified dry
2026-05-27,Katto 2,0.0,0.117,1.0,1.0,False,40.0,17.654,20.0,15.0,92.7,Certified dry
2026-05-28,Katto 2,0.0,0.117,1.0,1.0,False,40.0,17.654,20.0,15.0,92.7,Certified dry
2026-05-29,Katto 2,0.0,0.117,1.0,1.0,False,40.0,17.654,20.0,15.0,92.7,Certified dry
2026-05-30,Katto 2,0.0,0.117,1.0,1.0,False,40.0,17.654,20.0,15.0,92.7,Certified dry
2026-05-31,Katto 2,0.0,0.123,1.0,1.0,False,40.0,17.542,20.0,15.0,92.5,Certified dry
2026-06-01,Katto 2,0.0,0.126,1.0,1.0,False,40.0,17.486,20.0,15.0,92.5,Certified dry
2026-06-02,Katto 2,0.0,0.126,1.0,1.0,False,40.0,17.486,20.0,15.0,92.5,Certified dry
2026-06-03,Katto 2,0.0,0.12,1.0,1.0,False,40.0,17.598,20.0,15.0,92.6,Certified dry
2026-06-04,Katto 2,0.0,0.117,1.0,1.0,False,40.0,17.654,20.0,15.0,92.7,Certified dry
2026-06-05,Katto 2,0.001,0.134,1.0,1.0,False,39.987,17.318,20.0,15.0,92.3,Certified dry
2026-06-06,Katto 2,0.011,0.168,1.0,1.0,False,39.825,16.648,20.0,15.0,91.5,Certified dry
2026-06-07,Katto 2,0.006,0.184,1.0,1.0,False,39.898,16.313,20.0,15.0,91.2,Certified dry
2026-06-08,Katto 2,0.0,0.19,1.0,1.0,False,40.0,16.201,20.0,15.0,91.2,Certified dry
2026-06-09,Katto 2,0.003,0.209,1.0,1.0,False,39.957,15.81,20.0,15.0,90.8,Certified dry
2026-06-10,Katto 2,0.0,0.226,1.0,1.0,False,39.995,15.475,20.0,15.0,90.5,Certified dry
2026-06-11,Katto 2,0.003,0.24,1.0,1.0,False,39.958,15.196,20.0,15.0,90.2,Certified dry
2026-06-12,Katto 2,0.001,0.249,1.0,1.0,False,39.992,15.028,20.0,15.0,90.0,Certified dry
2026-06-13,Katto 2,0.005,0.265,1.0,1.0,False,39.928,14.693,20.0,15.0,89.6,Certified dry
2026-06-14,Katto 2,0.005,0.288,1.0,1.0,False,39.921,14.246,20.0,15.0,89.2,Certified dry
2026-06-15,Katto 2,0.013,0.321,1.0,1.0,False,39.791,13.575,20.0,15.0,88.4,Certified dry
2026-06-16,Katto 2,0.004,0.332,1.0,1.0,False,39.93,13.352,20.0,15.0,88.3,Certified dry
2026-06-17,Katto 2,0.006,0.363,1.0,1.0,False,39.9,12.737,20.0,15.0,87.6,Certified dry
2026-06-18,Katto 2,0.0,0.356,1.0,1.0,False,40.0,12.885,20.0,15.0,87.9,Certified dry
2026-06-19,Katto 2,0.0,0.342,1.0,1.0,False,40.0,13.165,20.0,15.0,88.2,Certified dry
2026-06-20,Katto 2,0.0,0.328,1.0,1.0,False,39.999,13.445,20.0,15.0,88.4,Certified dry
2026-06-21,Katto 2,0.0,0.313,1.0,1.0,False,40.0,13.743,20.0,15.0,88.7,Certified dry
2026-06-22,Katto 2,0.0,0.304,1.0,1.0,False,40.0,13.911,20.0,15.0,88.9,Certified dry
2026-06-23,Katto 2,0.0,0.295,1.0,1.0,False,40.0,14.095,20.0,15.0,89.1,Certified dry
2026-06-24,Katto 2,0.0,0.307,1.0,1.0,False,39.997,13.855,20.0,15.0,88.9,Certified dry
2026-06-25,Katto 2,0.001,0.318,1.0,1.0,False,39.99,13.631,20.0,15.0,88.6,Certified dry
2026-06-26,Katto 2,0.0,0.33,1.0,1.0,False,39.997,13.408,20.0,15.0,88.4,Certified dry
2026-06-27,Katto 2,0.0,0.335,1.0,1.0,False,40.0,13.296,20.0,15.0,88.3,Certified dry
2026-06-28,Katto 2,0.002,0.352,1.0,1.0,False,39.965,12.961,20.0,15.0,87.9,Certified dry
2026-06-29,Katto 2,0.0,0.36,1.0,1.0,False,40.0,12.793,20.0,15.0,87.8,Certified dry
2026-06-30,Katto 2,0.0,0.36,1.0,1.0,False,40.0,12.793,20.0,15.0,87.8,Certified dry
2026-07-01,Katto 2,0.0,0.358,1.0,1.0,False,40.0,12.849,20.0,15.0,87.8,Certified dry
2026-07-02,Katto 2,0.002,0.38,1.0,1.0,False,39.965,12.402,20.0,15.0,87.4,Certified dry
2026-07-03,Katto 2,0.009,0.413,1.0,1.0,False,39.85,11.732,20.0,15.0,86.6,Certified dry
2026-07-04,Katto 2,0.01,0.439,1.0,1.0,False,39.843,11.229,20.0,15.0,86.1,Certified dry
2026-07-05,Katto 2,0.023,0.458,1.0,1.0,False,39.633,10.838,20.0,15.0,85.5,Certified dry
2026-07-06,Katto 2,0.02,0.447,1.0,1.0,False,39.68,11.061,20.0,15.0,85.7,Certified dry
2026-07-07,Katto 2,0.028,0.464,1.0,1.0,False,39.545,10.726,20.0,15.0,85.3,Certified dry
2026-07-08,Katto 2,0.022,0.476,1.0,1.0,False,39.644,10.476,20.0,15.0,85.1,Certified dry
2026-07-09,Katto 2,0.028,0.493,1.0,1.0,False,39.551,10.14,20.0,15.0,84.7,Good
2026-07-10,Katto 2,0.023,0.49,1.0,1.0,False,39.627,10.196,20.0,15.0,84.8,Good
2026-07-11,Katto 2,0.02,0.485,1.0,1.0,False,39.682,10.308,20.0,15.0,85.0,Certified dry
2026-07-12,Katto 2,0.019,0.489,1.0,1.0,False,39.703,10.225,20.0,15.0,84.9,Good
2026-07-13,Katto 2,0.013,0.486,1.0,1.0,False,39.795,10.281,20.0,15.0,85.1,Certified dry
2026-07-14,Katto 2,0.006,0.468,1.0,1.0,False,39.911,10.648,20.0,15.0,85.6,Certified dry
2026-07-15,Katto 2,0.0,0.439,1.0,1.0,False,40.0,11.211,20.0,15.0,86.2,Certified dry
2026-07-16,Katto 2,0.0,0.431,1.0,1.0,False,39.998,11.38,20.0,15.0,86.4,Certified dry
2026-07-17,Katto 2,0.0,0.408,1.0,1.0,False,39.998,11.831,20.0,15.0,86.8,Certified dry
2026-07-18,Katto 2,0.003,0.421,1.0,1.0,False,39.958,11.573,20.0,15.0,86.5,Certified dry
2026-07-19,Katto 2,0.0,0.433,1.0,1.0,False,40.0,11.348,20.0,15.0,86.3,Certified dry
2026-07-20,Katto 2,0.0,0.435,1.0,1.0,False,40.0,11.292,20.0,15.0,86.3,Certified dry
2026-07-21,Katto 2,0.001,0.447,1.0,1.0,False,39.979,11.067,20.0,15.0,86.0,Certified dry
2026-07-22,Katto 2,0.0,0.461,1.0,1.0,False,39.998,10.787,20.0,15.0,85.8,Certified dry
2026-07-23,Katto 2,0.001,0.483,1.0,1.0,False,39.976,10.337,20.0,15.0,85.3,Certified dry
2026-07-24,Katto 2,0.0,0.479,1.0,1.0,False,40.0,10.42,20.0,15.0,85.4,Certified dry
2026-07-25,Katto 2,0.002,0.493,1.0,1.0,False,39.975,10.14,20.0,15.0,85.1,Certified dry
2026-07-26,Katto 2,0.005,0.515,1.0,1.0,False,39.916,9.692,20.0,15.0,84.6,Good
2026-07-27,Katto 2,0.01,0.538,1.0,1.0,False,39.842,9.244,20.0,15.0,84.1,Good
2026-07-28,Katto 2,0.007,0.538,1.0,1.0,False,39.888,9.244,20.0,15.0,84.1,Good
2026-07-29,Katto 2,0.0,0.538,1.0,1.0,False,39.997,9.244,20.0,15.0,84.2,Good
2026-07-30,Katto 2,0.001,0.549,1.0,1.0,False,39.977,9.02,20.0,15.0,84.0,Good
2026-07-31,Katto 2,0.005,0.571,1.0,1.0,False,39.925,8.571,20.0,15.0,83.5,Good
2026-08-01,Katto 2,0.0,0.563,1.0,1.0,False,39.996,8.739,20.0,15.0,83.7,Good
2026-08-02,Katto 2,0.0,0.541,1.0,1.0,False,39.994,9.188,20.0,15.0,84.2,Good
2026-08-03,Katto 2,0.0,0.521,1.0,1.0,False,39.997,9.58,20.0,15.0,84.6,Good
2026-08-04,Katto 2,0.0,0.501,1.0,1.0,False,39.992,9.972,20.0,15.0,85.0,Certified dry
2026-08-05,Katto 2,0.0,0.496,1.0,1.0,False,39.995,10.084,20.0,15.0,85.1,Certified dry
2026-08-06,Katto 2,0.001,0.479,1.0,1.0,False,39.981,10.42,20.0,15.0,85.4,Certified dry
2026-08-07,Katto 2,0.0,0.464,1.0,1.0,False,40.0,10.726,20.0,15.0,85.7,Certified dry
2026-08-08,Katto 2,0.0,0.439,1.0,1.0,False,39.998,11.229,20.0,15.0,86.2,Certified dry
2026-08-09,Katto 2,0.001,0.439,1.0,1.0,False,39.99,11.229,20.0,15.0,86.2,Certified dry
2026-08-10,Katto 2,0.005,0.45,1.0,1.0,False,39.914,11.006,20.0,15.0,85.9,Certified dry
2026-08-11,Katto 2,0.001,0.451,1.0,1.0,False,39.981,10.975,20.0,15.0,86.0,Certified dry
2026-08-12,Katto 2,0.0,0.435,1.0,1.0,False,39.998,11.309,20.0,15.0,86.3,Certified dry
2026-08-13,Katto 2,0.0,0.435,1.0,1.0,False,39.996,11.309,20.0,15.0,86.3,Certified dry
2026-08-14,Katto 2,0.001,0.446,1.0,1.0,False,39.987,11.086,20.0,15.0,86.1,Certified dry
2026-08-15,Katto 2,0.0,0.46,1.0,1.0,False,39.993,10.808,20.0,15.0,85.8,Certified dry
2026-08-16,Katto 2,0.002,0.476,1.0,1.0,False,39.961,10.474,20.0,15.0,85.4,Certified dry
2026-08-17,Katto 2,0.001,0.478,1.0,1.0,False,39.991,10.444,20.0,15.0,85.4,Certified dry
2026-08-18,Katto 2,0.001,0.481,1.0,1.0,False,39.992,10.389,20.0,15.0,85.4,Certified dry
2026-08-19,Katto 2,0.0,0.486,1.0,1.0,False,39.998,10.278,20.0,15.0,85.3,Certified dry
2026-08-20,Katto 2,0.008,0.497,1.0,1.0,False,39.876,10.056,20.0,15.0,84.9,Good
2026-08-21,Katto 2,0.004,0.503,1.0,1.0,False,39.933,9.944,20.0,15.0,84.9,Good
2026-08-22,Katto 2,0.005,0.506,1.0,1.0,False,39.916,9.889,20.0,15.0,84.8,Good
2026-08-23,Katto 2,0.017,0.531,1.0,1.0,False,39.733,9.389,20.0,15.0,84.1,Good
2026-08-24,Katto 2,0.019,0.533,1.0,1.0,False,39.693,9.333,20.0,15.0,84.0,Good
2026-08-25,Katto 2,0.012,0.517,1.0,1.0,False,39.807,9.667,20.0,15.0,84.5,Good
2026-08-26,Katto 2,0.007,0.508,1.0,1.0,False,39.886,9.833,20.0,15.0,84.7,Good
2026-08-27,Katto 2,0.001,0.508,1.0,1.0,False,39.992,9.833,20.0,15.0,84.8,Good
2026-08-28,Katto 2,0.002,0.519,1.0,1.0,False,39.975,9.611,20.0,15.0,84.6,Good
2026-08-29,Katto 2,0.0,0.517,1.0,1.0,False,39.992,9.667,20.0,15.0,84.7,Good
2026-08-30,Katto 2,0.011,0.528,1.0,1.0,False,39.824,9.444,20.0,15.0,84.3,Good
2026-08-31,Katto 2,0.029,0.546,1.0,1.0,False,39.537,9.081,20.0,15.0,83.6,Good
2026-09-01,Katto 2,0.032,0.563,1.0,1.0,False,39.481,8.747,20.0,15.0,83.2,Good
2026-09-02,Katto 2,0.031,0.577,1.0,1.0,False,39.511,8.468,20.0,15.0,83.0,Good
2026-09-03,Katto 2,0.027,0.579,1.0,1.0,False,39.575,8.412,20.0,15.0,83.0,Good
2026-09-04,Katto 2,0.022,0.585,1.0,1.0,False,39.648,8.301,20.0,15.0,82.9,Good
2026-09-05,Katto 2,0.014,0.586,1.0,1.0,False,39.773,8.278,20.0,15.0,83.1,Good
2026-09-06,Katto 2,0.006,0.586,1.0,1.0,False,39.912,8.278,20.0,15.0,83.2,Good
2026-09-07,Katto 2,0.003,0.594,1.0,1.0,False,39.957,8.111,20.0,15.0,83.1,Good
2026-09-08,Katto 2,0.016,0.614,1.0,1.0,False,39.75,7.722,20.0,15.0,82.5,Good
2026-09-09,Katto 2,0.03,0.628,1.0,1.0,False,39.519,7.444,20.0,15.0,82.0,Good
2026-09-10,Katto 2,0.033,0.631,1.0,1.0,False,39.471,7.389,20.0,15.0,81.9,Good
2026-09-11,Katto 2,0.035,0.631,1.0,1.0,False,39.439,7.389,20.0,15.0,81.8,Good
2025-05-13,Katto 3,0.0,0.0,1.0,1.0,False,40.0,20.0,20.0,15.0,95.0,Certified dry
2025-05-14,Katto 3,0.0,0.0,1.0,1.0,False,40.0,20.0,20.0,15.0,95.0,Certified dry
2025-05-15,Katto 3,0.0,0.1,1.0,1.0,False,40.0,18.0,20.0,15.0,93.0,Certified dry
2025-05-16,Katto 3,0.0,0.143,1.0,1.0,False,40.0,17.143,20.0,15.0,92.1,Certified dry
2025-05-17,Katto 3,0.0,0.204,1.0,1.0,False,39.998,15.926,20.0,15.0,90.9,Certified dry
2025-05-18,Katto 3,0.0,0.227,1.0,1.0,False,40.0,15.455,20.0,15.0,90.5,Certified dry
2025-05-19,Katto 3,0.0,0.192,1.0,1.0,False,40.0,16.154,20.0,15.0,91.2,Certified dry
2025-05-20,Katto 3,0.0,0.167,1.0,1.0,False,40.0,16.667,20.0,15.0,91.7,Certified dry
2025-05-21,Katto 3,0.0,0.147,1.0,1.0,False,40.0,17.059,20.0,15.0,92.1,Certified dry
2025-05-22,Katto 3,0.0,0.132,1.0,1.0,False,40.0,17.368,20.0,15.0,92.4,Certified dry
2025-05-23,Katto 3,0.0,0.175,1.0,1.0,False,40.0,16.508,20.0,15.0,91.5,Certified dry
2025-05-24,Katto 3,0.0,0.181,1.0,1.0,False,40.0,16.377,20.0,15.0,91.4,Certified dry
2025-05-25,Katto 3,0.0,0.193,1.0,1.0,False,40.0,16.133,20.0,15.0,91.1,Certified dry
2025-05-26,Katto 3,0.0,0.191,1.0,1.0,False,39.993,16.173,20.0,15.0,91.2,Certified dry
2025-05-27,Katto 3,0.0,0.195,1.0,1.0,False,40.0,16.092,20.0,15.0,91.1,Certified dry
2025-05-28,Katto 3,0.0,0.183,1.0,1.0,False,40.0,16.344,20.0,15.0,91.3,Certified dry
2025-05-29,Katto 3,0.001,0.197,1.0,1.0,False,39.987,16.061,20.0,15.0,91.0,Certified dry
2025-05-30,Katto 3,0.002,0.21,1.0,1.0,False,39.972,15.81,20.0,15.0,90.8,Certified dry
2025-05-31,Katto 3,0.0,0.216,1.0,1.0,False,40.0,15.676,20.0,15.0,90.7,Certified dry
2025-06-01,Katto 3,0.0,0.205,1.0,1.0,False,40.0,15.897,20.0,15.0,90.9,Certified dry
2025-06-02,Katto 3,0.006,0.224,1.0,1.0,False,39.897,15.528,20.0,15.0,90.4,Certified dry
2025-06-03,Katto 3,0.002,0.233,1.0,1.0,False,39.971,15.349,20.0,15.0,90.3,Certified dry
2025-06-04,Katto 3,0.0,0.23,1.0,1.0,False,40.0,15.407,20.0,15.0,90.4,Certified dry
2025-06-05,Katto 3,0.0,0.238,1.0,1.0,False,40.0,15.231,20.0,15.0,90.2,Certified dry
2025-06-06,Katto 3,0.0,0.246,1.0,1.0,False,39.994,15.085,20.0,15.0,90.1,Certified dry
2025-06-07,Katto 3,0.0,0.252,1.0,1.0,False,39.999,14.951,20.0,15.0,89.9,Certified dry
2025-06-08,Katto 3,0.0,0.252,1.0,1.0,False,40.0,14.953,20.0,15.0,90.0,Certified dry
2025-06-09,Katto 3,0.003,0.261,1.0,1.0,False,39.944,14.772,20.0,15.0,89.7,Certified dry
2025-06-10,Katto 3,0.001,0.273,1.0,1.0,False,39.985,14.545,20.0,15.0,89.5,Certified dry
2025-06-11,Katto 3,0.012,0.297,1.0,1.0,False,39.813,14.051,20.0,15.0,88.9,Certified dry
2025-06-12,Katto 3,0.021,0.326,1.0,1.0,False,39.668,13.482,20.0,15.0,88.1,Certified dry
2025-06-13,Katto 3,0.011,0.332,1.0,1.0,False,39.82,13.352,20.0,15.0,88.2,Certified dry
2025-06-14,Katto 3,0.0,0.324,1.0,1.0,False,40.0,13.52,20.0,15.0,88.5,Certified dry
2025-06-15,Katto 3,0.0,0.316,1.0,1.0,False,40.0,13.687,20.0,15.0,88.7,Certified dry
2025-06-16,Katto 3,0.0,0.304,1.0,1.0,False,39.999,13.911,20.0,15.0,88.9,Certified dry
2025-06-17,Katto 3,0.0,0.31,1.0,1.0,False,40.0,13.799,20.0,15.0,88.8,Certified dry
2025-06-18,Katto 3,0.001,0.341,1.0,1.0,False,39.979,13.184,20.0,15.0,88.2,Certified dry
2025-06-19,Katto 3,0.003,0.369,1.0,1.0,False,39.952,12.626,20.0,15.0,87.6,Certified dry
2025-06-20,Katto 3,0.0,0.377,1.0,1.0,False,40.0,12.458,20.0,15.0,87.5,Certified dry
2025-06-21,Katto 3,0.003,0.402,1.0,1.0,False,39.947,11.955,20.0,15.0,86.9,Certified dry
2025-06-22,Katto 3,0.0,0.391,1.0,1.0,False,40.0,12.179,20.0,15.0,87.2,Certified dry
2025-06-23,Katto 3,0.003,0.399,1.0,1.0,False,39.958,12.011,20.0,15.0,87.0,Certified dry
2025-06-24,Katto 3,0.016,0.422,1.0,1.0,False,39.74,11.564,20.0,15.0,86.3,Certified dry
2025-06-25,Katto 3,0.024,0.448,1.0,1.0,False,39.613,11.036,20.0,15.0,85.6,Certified dry
2025-06-26,Katto 3,0.017,0.454,1.0,1.0,False,39.724,10.924,20.0,15.0,85.6,Certified dry
2025-06-27,Katto 3,0.012,0.471,1.0,1.0,False,39.812,10.588,20.0,15.0,85.4,Certified dry
2025-06-28,Katto 3,0.01,0.482,1.0,1.0,False,39.841,10.364,20.0,15.0,85.2,Certified dry
2025-06-29,Katto 3,0.005,0.482,1.0,1.0,False,39.922,10.364,20.0,15.0,85.3,Certified dry
2025-06-30,Katto 3,0.0,0.476,1.0,1.0,False,39.998,10.476,20.0,15.0,85.5,Certified dry
2025-07-01,Katto 3,0.0,0.482,1.0,1.0,False,40.0,10.364,20.0,15.0,85.4,Certified dry
2025-07-02,Katto 3,0.0,0.462,1.0,1.0,False,40.0,10.756,20.0,15.0,85.8,Certified dry
2025-07-03,Katto 3,0.0,0.459,1.0,1.0,False,39.998,10.812,20.0,15.0,85.8,Certified dry
2025-07-04,Katto 3,0.0,0.461,1.0,1.0,False,40.0,10.782,20.0,15.0,85.8,Certified dry
2025-07-05,Katto 3,0.003,0.464,1.0,1.0,False,39.948,10.726,20.0,15.0,85.7,Certified dry
2025-07-06,Katto 3,0.019,0.485,1.0,1.0,False,39.692,10.306,20.0,15.0,85.0,Certified dry
2025-07-07,Katto 3,0.027,0.499,1.0,1.0,False,39.561,10.028,20.0,15.0,84.6,Good
2025-07-08,Katto 3,0.037,0.52,1.0,1.0,False,39.405,9.609,20.0,15.0,84.0,Good
2025-07-09,Katto 3,0.031,0.514,1.0,1.0,False,39.5,9.721,20.0,15.0,84.2,Good
2025-07-10,Katto 3,0.024,0.508,1.0,1.0,False,39.615,9.832,20.0,15.0,84.4,Good
2025-07-11,Katto 3,0.018,0.5,1.0,1.0,False,39.716,10.0,20.0,15.0,84.7,Good
2025-07-12,Katto 3,0.009,0.48,1.0,1.0,False,39.849,10.391,20.0,15.0,85.2,Certified dry
2025-07-13,Katto 3,0.003,0.485,1.0,1.0,False,39.944,10.306,20.0,15.0,85.3,Certified dry
2025-07-14,Katto 3,0.001,0.496,1.0,1.0,False,39.99,10.084,20.0,15.0,85.1,Certified dry
2025-07-15,Katto 3,0.002,0.513,1.0,1.0,False,39.966,9.749,20.0,15.0,84.7,Good
2025-07-16,Katto 3,0.0,0.521,1.0,1.0,False,40.0,9.582,20.0,15.0,84.6,Good
2025-07-17,Katto 3,0.0,0.504,1.0,1.0,False,40.0,9.916,20.0,15.0,84.9,Good
2025-07-18,Katto 3,0.0,0.476,1.0,1.0,False,40.0,10.474,20.0,15.0,85.5,Certified dry
2025-07-19,Katto 3,0.0,0.448,1.0,1.0,False,40.0,11.031,20.0,15.0,86.0,Certified dry
2025-07-20,Katto 3,0.0,0.443,1.0,1.0,False,40.0,11.142,20.0,15.0,86.1,Certified dry
2025-07-21,Katto 3,0.001,0.43,1.0,1.0,False,39.985,11.397,20.0,15.0,86.4,Certified dry
2025-07-22,Katto 3,0.0,0.436,1.0,1.0,False,39.997,11.285,20.0,15.0,86.3,Certified dry
2025-07-23,Katto 3,0.0,0.433,1.0,1.0,False,39.998,11.341,20.0,15.0,86.3,Certified dry
2025-07-24,Katto 3,0.0,0.411,1.0,1.0,False,39.999,11.788,20.0,15.0,86.8,Certified dry
2025-07-25,Katto 3,0.0,0.384,1.0,1.0,False,40.0,12.312,20.0,15.0,87.3,Certified dry
2025-07-26,Katto 3,0.0,0.379,1.0,1.0,False,39.996,12.423,20.0,15.0,87.4,Certified dry
2025-07-27,Katto 3,0.0,0.376,1.0,1.0,False,39.995,12.479,20.0,15.0,87.5,Certified dry
2025-07-28,Katto 3,0.0,0.362,1.0,1.0,False,39.998,12.758,20.0,15.0,87.8,Certified dry
2025-07-29,Katto 3,0.0,0.37,1.0,1.0,False,39.993,12.591,20.0,15.0,87.6,Certified dry
2025-07-30,Katto 3,0.0,0.376,1.0,1.0,False,40.0,12.479,20.0,15.0,87.5,Certified dry
2025-07-31,Katto 3,0.0,0.379,1.0,1.0,False,39.993,12.423,20.0,15.0,87.4,Certified dry
2025-08-01,Katto 3,0.002,0.396,1.0,1.0,False,39.974,12.089,20.0,15.0,87.1,Certified dry
2025-08-02,Katto 3,0.0,0.402,1.0,1.0,False,39.995,11.955,20.0,15.0,87.0,Certified dry
2025-08-03,Katto 3,0.0,0.407,1.0,1.0,False,39.993,11.866,20.0,15.0,86.9,Certified dry
2025-08-04,Katto 3,0.003,0.412,1.0,1.0,False,39.954,11.755,20.0,15.0,86.7,Certified dry
2025-08-05,Katto 3,0.005,0.404,1.0,1.0,False,39.912,11.922,20.0,15.0,86.8,Certified dry
2025-08-06,Katto 3,0.001,0.387,1.0,1.0,False,39.983,12.256,20.0,15.0,87.2,Certified dry
2025-08-07,Katto 3,0.0,0.372,1.0,1.0,False,39.994,12.556,20.0,15.0,87.5,Certified dry
2025-08-08,Katto 3,0.004,0.389,1.0,1.0,False,39.944,12.222,20.0,15.0,87.2,Certified dry
2025-08-09,Katto 3,0.001,0.394,1.0,1.0,False,39.991,12.111,20.0,15.0,87.1,Certified dry
2025-08-10,Katto 3,0.001,0.389,1.0,1.0,False,39.99,12.222,20.0,15.0,87.2,Certified dry
2025-08-11,Katto 3,0.0,0.383,1.0,1.0,False,40.0,12.333,20.0,15.0,87.3,Certified dry
2025-08-12,Katto 3,0.008,0.4,1.0,1.0,False,39.874,12.0,20.0,15.0,86.9,Certified dry
2025-08-13,Katto 3,0.005,0.406,1.0,1.0,False,39.914,11.889,20.0,15.0,86.8,Certified dry
2025-08-14,Katto 3,0.0,0.406,1.0,1.0,False,39.993,11.889,20.0,15.0,86.9,Certified dry
2025-08-15,Katto 3,0.003,0.411,1.0,1.0,False,39.958,11.778,20.0,15.0,86.7,Certified dry
2025-08-16,Katto 3,0.001,0.428,1.0,1.0,False,39.978,11.444,20.0,15.0,86.4,Certified dry
2025-08-17,Katto 3,0.001,0.444,1.0,1.0,False,39.991,11.111,20.0,15.0,86.1,Certified dry
2025-08-18,Katto 3,0.0,0.461,1.0,1.0,False,39.997,10.778,20.0,15.0,85.8,Certified dry
2025-08-19,Katto 3,0.0,0.464,1.0,1.0,False,40.0,10.722,20.0,15.0,85.7,Certified dry
2025-08-20,Katto 3,0.0,0.465,1.0,1.0,False,40.0,10.693,20.0,15.0,85.7,Certified dry
2025-08-21,Katto 3,0.001,0.465,1.0,1.0,False,39.991,10.696,20.0,15.0,85.7,Certified dry
2025-08-22,Katto 3,0.0,0.471,1.0,1.0,False,39.994,10.585,20.0,15.0,85.6,Certified dry
2025-08-23,Katto 3,0.0,0.474,1.0,1.0,False,39.998,10.529,20.0,15.0,85.5,Certified dry
2025-08-24,Katto 3,0.002,0.485,1.0,1.0,False,39.962,10.306,20.0,15.0,85.3,Certified dry
2025-08-25,Katto 3,0.001,0.501,1.0,1.0,False,39.99,9.972,20.0,15.0,85.0,Certified dry
2025-08-26,Katto 3,0.0,0.504,1.0,1.0,False,39.996,9.916,20.0,15.0,84.9,Good
2025-08-27,Katto 3,0.0,0.507,1.0,1.0,False,39.998,9.861,20.0,15.0,84.9,Good
2025-08-28,Katto 3,0.002,0.507,1.0,1.0,False,39.976,9.861,20.0,15.0,84.8,Good
2025-08-29,Katto 3,0.016,0.529,1.0,1.0,False,39.742,9.415,20.0,15.0,84.2,Good
2025-08-30,Katto 3,0.033,0.554,1.0,1.0,False,39.469,8.914,20.0,15.0,83.4,Good
2025-08-31,Katto 3,0.05,0.571,1.0,1.0,False,39.199,8.579,20.0,15.0,82.8,Good
2025-09-01,Katto 3,0.064,0.588,1.0,1.0,False,38.975,8.245,20.0,15.0,82.2,Good
2025-09-02,Katto 3,0.076,0.606,1.0,1.0,False,38.791,7.877,20.0,15.0,81.7,Good
2025-09-03,Katto 3,0.087,0.62,1.0,1.0,False,38.614,7.598,20.0,15.0,81.2,Good
2025-09-04,Katto 3,0.093,0.626,1.0,1.0,False,38.504,7.486,20.0,15.0,81.0,Good
2025-09-05,Katto 3,0.105,0.645,1.0,1.0,False,38.327,7.095,20.0,15.0,80.4,Good
2025-09-06,Katto 3,0.119,0.665,1.0,1.0,False,38.093,6.704,20.0,15.0,79.8,Good
2025-09-07,Katto 3,0.137,0.67,1.0,1.0,False,37.805,6.592,20.0,15.0,79.4,Good
2025-09-08,Katto 3,0.149,0.687,1.0,1.0,False,37.612,6.257,20.0,15.0,78.9,Good
2025-09-09,Katto 3,0.147,0.687,1.0,1.0,False,37.652,6.257,20.0,15.0,78.9,Good
2025-09-10,Katto 3,0.141,0.698,1.0,1.0,False,37.74,6.034,20.0,15.0,78.8,Good
2025-09-11,Katto 3,0.135,0.682,1.0,1.0,False,37.836,6.369,20.0,15.0,79.2,Good
2025-09-12,Katto 3,0.142,0.684,1.0,1.0,False,37.724,6.313,20.0,15.0,79.0,Good
2025-09-13,Katto 3,0.153,0.701,1.0,1.0,False,37.55,5.978,20.0,15.0,78.5,Good
2025-09-14,Katto 3,0.169,0.718,1.0,1.0,False,37.299,5.642,20.0,15.0,77.9,Good
2025-09-15,Katto 3,0.183,0.732,1.0,1.0,False,37.066,5.363,20.0,15.0,77.4,Good
2025-09-16,Katto 3,0.197,0.749,1.0,1.0,False,36.851,5.028,20.0,15.0,76.9,Good
2025-09-17,Katto 3,0.211,0.765,1.0,1.0,False,36.626,4.693,20.0,15.0,76.3,Good
2025-09-18,Katto 3,0.222,0.788,1.0,1.0,False,36.454,4.246,20.0,15.0,75.7,Good
2025-09-19,Katto 3,0.232,0.813,1.0,1.0,False,36.283,3.743,20.0,15.0,75.0,Good
2025-09-20,Katto 3,0.248,0.831,1.0,1.0,False,36.032,3.389,20.0,15.0,74.4,Good
2025-09-21,Katto 3,0.259,0.847,1.0,1.0,False,35.851,3.056,20.0,15.0,73.9,Good
2025-09-22,Katto 3,0.252,0.852,1.0,1.0,False,35.964,2.953,20.0,15.0,73.9,Good
2025-09-23,Katto 3,0.247,0.858,1.0,1.0,False,36.053,2.841,20.0,15.0,73.9,Good
2025-09-24,Katto 3,0.237,0.847,1.0,1.0,False,36.207,3.064,20.0,15.0,74.3,Good
2025-09-25,Katto 3,0.222,0.844,1.0,1.0,False,36.442,3.12,20.0,15.0,74.6,Good
2025-09-26,Katto 3,0.22,0.858,1.0,1.0,False,36.474,2.841,20.0,15.0,74.3,Good
2025-09-27,Katto 3,0.217,0.856,1.0,1.0,False,36.534,2.889,20.0,15.0,74.4,Good
2025-09-28,Katto 3,0.209,0.844,1.0,1.0,False,36.656,3.111,20.0,15.0,74.8,Good
2025-09-29,Katto 3,0.2,0.825,1.0,1.0,False,36.799,3.5,20.0,15.0,75.3,Good
2025-09-30,Katto 3,0.187,0.8,1.0,1.0,False,37.003,4.0,20.0,15.0,76.0,Good
2025-10-01,Katto 3,0.177,0.772,1.0,1.0,False,37.17,4.556,20.0,15.0,76.7,Good
2025-10-02,Katto 3,0.171,0.762,1.0,1.0,False,37.264,4.765,20.0,15.0,77.0,Good
2025-10-03,Katto 3,0.161,0.74,1.0,1.0,False,37.424,5.208,20.0,15.0,77.6,Good
2025-10-04,Katto 3,0.162,0.739,1.0,1.0,False,37.413,5.222,20.0,15.0,77.6,Good
2025-10-05,Katto 3,0.17,0.739,1.0,1.0,False,37.284,5.222,20.0,15.0,77.5,Good
2025-10-06,Katto 3,0.183,0.739,1.0,1.0,False,37.079,5.222,20.0,15.0,77.3,Good
2025-10-07,Katto 3,0.196,0.739,1.0,1.0,False,36.87,5.222,20.0,15.0,77.1,Good
2025-10-08,Katto 3,0.209,0.739,1.0,1.0,False,36.653,5.222,20.0,15.0,76.9,Good
2025-10-09,Katto 3,0.222,0.753,1.0,1.0,False,36.454,4.944,20.0,15.0,76.4,Good
2025-10-10,Katto 3,0.226,0.761,1.0,1.0,False,36.386,4.778,20.0,15.0,76.2,Good
2025-10-11,Katto 3,0.221,0.764,1.0,1.0,False,36.467,4.722,20.0,15.0,76.2,Good
2025-10-12,Katto 3,0.212,0.758,1.0,1.0,False,36.613,4.833,20.0,15.0,76.4,Good
2025-10-13,Katto 3,0.21,0.736,1.0,1.0,False,36.632,5.278,20.0,15.0,76.9,Good
2025-10-14,Katto 3,0.215,0.736,1.0,1.0,False,36.555,5.278,20.0,15.0,76.8,Good
2025-10-15,Katto 3,0.221,0.736,1.0,1.0,False,36.459,5.278,20.0,15.0,76.7,Good
2025-10-16,Katto 3,0.218,0.722,1.0,1.0,False,36.51,5.556,20.0,15.0,77.1,Good
2025-10-17,Katto 3,0.21,0.692,1.0,1.0,False,36.635,6.167,20.0,15.0,77.8,Good
2025-10-18,Katto 3,0.203,0.664,1.0,1.0,False,36.758,6.722,20.0,15.0,78.5,Good
2025-10-19,Katto 3,0.19,0.639,1.0,1.0,False,36.957,7.222,20.0,15.0,79.2,Good
2025-10-20,Katto 3,0.191,0.629,1.0,1.0,False,36.947,7.424,20.0,15.0,79.4,Good
2025-10-21,Katto 3,0.184,0.611,1.0,1.0,False,37.048,7.778,20.0,15.0,79.8,Good
2025-10-22,Katto 3,0.189,0.625,1.0,1.0,False,36.972,7.5,20.0,15.0,79.5,Good
2025-10-23,Katto 3,0.197,0.634,1.0,1.0,False,36.844,7.313,20.0,15.0,79.2,Good
2025-10-24,Katto 3,0.207,0.654,1.0,1.0,False,36.682,6.925,20.0,15.0,78.6,Good
2025-10-25,Katto 3,0.22,0.676,1.0,1.0,False,36.488,6.482,20.0,15.0,78.0,Good
2025-10-26,Katto 3,0.231,0.681,1.0,1.0,False,36.312,6.371,20.0,15.0,77.7,Good
2025-10-27,Katto 3,0.239,0.693,1.0,1.0,False,36.173,6.15,20.0,15.0,77.3,Good
2025-10-28,Katto 3,0.246,0.703,1.0,1.0,True,36.056,5.944,20.0,20.0,82.0,Good
2025-10-29,Katto 3,0.254,0.722,1.0,1.0,True,35.933,5.556,20.0,20.0,81.5,Good
2025-10-30,Katto 3,0.261,0.747,1.0,1.0,True,35.822,5.056,20.0,20.0,80.9,Good
2025-10-31,Katto 3,0.269,0.775,1.0,1.0,True,35.689,4.5,20.0,20.0,80.2,Good
2025-11-01,Katto 3,0.277,0.786,1.0,1.0,True,35.573,4.278,20.0,20.0,79.9,Good
2025-11-02,Katto 3,0.286,0.808,1.0,1.0,True,35.419,3.833,20.0,20.0,79.3,Good
2025-11-03,Katto 3,0.297,0.811,1.0,1.0,True,35.253,3.788,20.0,20.0,79.0,Good
2025-11-04,Katto 3,0.306,0.811,1.0,1.0,True,35.101,3.788,20.0,20.0,78.9,Good
2025-11-05,Katto 3,0.319,0.811,1.0,1.0,True,34.896,3.788,20.0,20.0,78.7,Good
2025-11-06,Katto 3,0.331,0.811,1.0,1.0,True,34.701,3.788,20.0,20.0,78.5,Good
2025-11-07,Katto 3,0.343,0.811,1.0,1.0,True,34.506,3.788,20.0,20.0,78.3,Good
2025-11-08,Katto 3,0.354,0.811,1.0,1.0,True,34.343,3.788,20.0,20.0,78.1,Good
2025-11-09,Katto 3,0.362,0.814,1.0,1.0,True,34.203,3.722,20.0,20.0,77.9,Good
2025-11-10,Katto 3,0.367,0.833,1.0,1.0,True,34.13,3.333,20.0,20.0,77.5,Good
2025-11-11,Katto 3,0.373,0.85,1.0,1.0,True,34.026,3.0,20.0,20.0,77.0,Good
2025-11-12,Katto 3,0.383,0.875,1.0,1.0,True,33.868,2.5,20.0,20.0,76.4,Good
2025-11-13,Katto 3,0.393,0.875,1.0,1.0,True,33.711,2.507,20.0,20.0,76.2,Good
2025-11-14,Katto 3,0.375,0.852,1.0,1.0,True,33.999,2.953,20.0,20.0,77.0,Good
2025-11-15,Katto 3,0.37,0.83,1.0,1.0,True,34.085,3.398,20.0,20.0,77.5,Good
2025-11-16,Katto 3,0.363,0.847,1.0,1.0,True,34.193,3.064,20.0,20.0,77.3,Good
2025-11-17,Katto 3,0.344,0.844,1.0,1.0,True,34.49,3.12,20.0,20.0,77.6,Good
2025-11-18,Katto 3,0.335,0.838,0.967,1.0,True,34.639,3.24,19.344,20.0,77.2,Good
2025-11-19,Katto 3,0.319,0.821,0.881,1.0,True,34.895,3.585,17.627,20.0,76.1,Good
2025-11-20,Katto 3,0.311,0.821,0.863,1.0,True,35.025,3.585,17.255,20.0,75.9,Good
2025-11-21,Katto 3,0.295,0.79,0.844,1.0,True,35.28,4.202,16.889,20.0,76.4,Good
2025-11-22,Katto 3,0.296,0.768,0.843,1.0,True,35.257,4.65,16.863,20.0,76.8,Good
2025-11-23,Katto 3,0.303,0.767,0.843,1.0,True,35.153,4.663,16.863,20.0,76.7,Good
2025-11-24,Katto 3,0.298,0.758,0.843,1.0,True,35.238,4.831,16.863,20.0,76.9,Good
2025-11-25,Katto 3,0.292,0.725,0.849,1.0,True,35.323,5.506,16.981,20.0,77.8,Good
2025-11-26,Katto 3,0.276,0.691,0.818,1.0,True,35.58,6.18,16.364,20.0,78.1,Good
2025-11-27,Katto 3,0.267,0.669,0.776,1.0,True,35.735,6.629,15.517,20.0,77.9,Good
2025-11-28,Katto 3,0.275,0.669,0.764,1.0,True,35.599,6.629,15.273,20.0,77.5,Good
2025-11-29,Katto 3,0.283,0.669,0.745,1.0,True,35.466,6.629,14.902,20.0,77.0,Good
2025-11-30,Katto 3,0.29,0.669,0.759,1.0,True,35.36,6.629,15.185,20.0,77.2,Good
2025-12-01,Katto 3,0.295,0.669,0.755,1.0,True,35.277,6.611,15.094,20.0,77.0,Good
2025-12-02,Katto 3,0.301,0.669,0.764,1.0,True,35.191,6.611,15.273,20.0,77.1,Good
2025-12-03,Katto 3,0.306,0.67,0.764,1.0,True,35.099,6.592,15.273,20.0,77.0,Good
2025-12-04,Katto 3,0.309,0.67,0.755,1.0,True,35.061,6.592,15.094,20.0,76.7,Good
2025-12-05,Katto 3,0.314,0.67,0.755,1.0,True,34.974,6.592,15.094,20.0,76.7,Good
2025-12-06,Katto 3,0.32,0.67,0.755,1.0,True,34.873,6.592,15.094,20.0,76.6,Good
2025-12-07,Katto 3,0.325,0.67,0.755,1.0,True,34.807,6.592,15.094,20.0,76.5,Good
2025-12-08,Katto 3,0.329,0.67,0.755,1.0,True,34.742,6.592,15.094,20.0,76.4,Good
2025-12-09,Katto 3,0.335,0.669,0.755,1.0,True,34.644,6.611,15.094,20.0,76.3,Good
2025-12-10,Katto 3,0.327,0.651,0.755,1.0,True,34.767,6.983,15.094,20.0,76.8,Good
2025-12-11,Katto 3,0.331,0.648,0.755,1.0,True,34.708,7.039,15.094,20.0,76.8,Good
2025-12-12,Katto 3,0.324,0.613,0.717,1.0,True,34.815,7.731,14.333,20.0,76.9,Good
2025-12-13,Katto 3,0.308,0.581,0.677,1.0,True,35.071,8.38,13.538,20.0,77.0,Good
2025-12-14,Katto 3,0.295,0.575,0.644,1.0,True,35.279,8.492,12.881,20.0,76.7,Good
2025-12-15,Katto 3,0.3,0.604,0.596,1.0,True,35.2,7.911,11.923,20.0,75.0,Good
2025-12-16,Katto 3,0.309,0.623,0.533,1.0,True,35.064,7.542,10.667,20.0,73.3,Good
2025-12-17,Katto 3,0.316,0.653,0.512,1.0,True,34.944,6.947,10.233,20.0,72.1,Good
2025-12-18,Katto 3,0.321,0.684,0.525,1.0,True,34.858,6.313,10.5,20.0,71.7,Good
2025-12-19,Katto 3,0.328,0.713,0.576,1.0,True,34.746,5.738,11.515,20.0,72.0,Good
2025-12-20,Katto 3,0.337,0.731,0.576,1.0,True,34.607,5.378,11.515,20.0,71.5,Good
2025-12-21,Katto 3,0.335,0.754,0.588,1.0,True,34.635,4.916,11.765,20.0,71.3,Good
2025-12-22,Katto 3,0.325,0.751,0.448,1.0,True,34.802,4.986,8.966,20.0,68.8,Attention
2025-12-23,Katto 3,0.313,0.718,0.361,1.0,True,34.994,5.642,7.222,20.0,67.9,Attention
2025-12-24,Katto 3,0.297,0.69,0.361,1.0,True,35.25,6.201,7.222,20.0,68.7,Attention
2025-12-25,Katto 3,0.3,0.717,0.361,1.0,True,35.205,5.658,7.222,20.0,68.1,Attention
2025-12-26,Katto 3,0.297,0.746,0.462,1.0,True,35.245,5.07,9.231,20.0,69.5,Attention
2025-12-27,Katto 3,0.277,0.749,0.5,1.0,True,35.574,5.014,10.0,20.0,70.6,Good
2025-12-28,Katto 3,0.273,0.715,0.514,1.0,True,35.638,5.69,10.27,20.0,71.6,Good
2025-12-29,Katto 3,0.257,0.681,0.561,1.0,True,35.895,6.384,11.22,20.0,73.5,Good
2025-12-30,Katto 3,0.241,0.648,0.513,1.0,True,36.151,7.042,10.256,20.0,73.4,Good
2025-12-31,Katto 3,0.225,0.614,0.392,1.0,True,36.406,7.718,7.843,20.0,72.0,Good
2026-01-01,Katto 3,0.209,0.579,0.327,1.0,True,36.663,8.418,6.545,20.0,71.6,Good
2026-01-02,Katto 3,0.193,0.545,0.327,1.0,True,36.919,9.096,6.545,20.0,72.6,Good
2026-01-03,Katto 3,0.177,0.511,0.327,1.0,True,37.176,9.774,6.545,20.0,73.5,Good
2026-01-04,Katto 3,0.161,0.477,0.327,1.0,True,37.432,10.452,6.545,20.0,74.4,Good
2026-01-05,Katto 3,0.144,0.444,0.286,1.0,True,37.688,11.13,5.714,20.0,74.5,Good
2026-01-06,Katto 3,0.128,0.41,0.275,1.0,True,37.944,11.808,5.507,20.0,75.3,Good
2026-01-07,Katto 3,0.112,0.376,0.275,1.0,True,38.2,12.486,5.507,20.0,76.2,Good
2026-01-08,Katto 3,0.096,0.342,0.271,1.0,True,38.457,13.164,5.429,20.0,77.0,Good
2026-01-09,Katto 3,0.08,0.328,0.271,1.0,True,38.713,13.446,5.429,20.0,77.6,Good
2026-01-10,Katto 3,0.064,0.297,0.271,1.0,True,38.969,14.068,5.429,20.0,78.5,Good
2026-01-11,Katto 3,0.048,0.297,0.254,1.0,True,39.224,14.068,5.079,20.0,78.4,Good
2026-01-12,Katto 3,0.032,0.297,0.259,1.0,True,39.48,14.068,5.172,20.0,78.7,Good
2026-01-13,Katto 3,0.016,0.291,0.259,1.0,True,39.736,14.181,5.172,20.0,79.1,Good
2026-01-14,Katto 3,0.0,0.259,0.246,1.0,True,39.992,14.817,4.912,20.0,79.7,Good
2026-01-15,Katto 3,0.0,0.225,0.246,1.0,True,40.0,15.493,4.912,20.0,80.4,Good
2026-01-16,Katto 3,0.0,0.192,0.246,1.0,True,40.0,16.169,4.912,20.0,81.1,Good
2026-01-17,Katto 3,0.0,0.158,0.246,1.0,True,40.0,16.845,4.912,20.0,81.8,Good
2026-01-18,Katto 3,0.0,0.126,0.246,1.0,True,40.0,17.472,4.912,20.0,82.4,Good
2026-01-19,Katto 3,0.0,0.095,0.246,1.0,True,40.0,18.095,4.912,20.0,83.0,Good
2026-01-20,Katto 3,0.0,0.067,0.232,1.0,True,40.0,18.655,4.643,20.0,83.3,Good
2026-01-21,Katto 3,0.0,0.062,0.245,1.0,True,40.0,18.768,4.906,20.0,83.7,Good
2026-01-22,Katto 3,0.0,0.062,0.283,1.0,True,40.0,18.768,5.652,20.0,84.4,Good
2026-01-23,Katto 3,0.0,0.062,0.283,1.0,True,40.0,18.768,5.652,20.0,84.4,Good
2026-01-24,Katto 3,0.0,0.036,0.267,1.0,True,40.0,19.276,5.333,20.0,84.6,Good
2026-01-25,Katto 3,0.0,0.011,0.15,1.0,True,40.0,19.778,3.0,20.0,82.8,Good
2026-01-26,Katto 3,0.0,0.0,0.15,1.0,True,40.0,20.0,3.0,20.0,83.0,Good
2026-01-27,Katto 3,0.0,0.0,0.128,1.0,True,40.0,20.0,2.564,20.0,82.6,Good
2026-01-28,Katto 3,0.0,0.0,0.029,1.0,True,40.0,20.0,0.571,20.0,80.6,Good
2026-01-29,Katto 3,0.0,0.0,0.029,1.0,True,40.0,20.0,0.588,20.0,80.6,Good
2026-01-30,Katto 3,0.0,0.0,0.043,1.0,True,40.0,20.0,0.87,20.0,80.9,Good
2026-01-31,Katto 3,0.0,0.0,0.05,1.0,True,40.0,20.0,1.0,20.0,81.0,Good
2026-02-01,Katto 3,0.0,0.0,0.048,1.0,True,40.0,20.0,0.952,20.0,81.0,Good
2026-02-02,Katto 3,0.0,0.0,0.048,1.0,True,40.0,20.0,0.952,20.0,81.0,Good
2026-02-03,Katto 3,0.0,0.0,0.045,1.0,True,40.0,20.0,0.909,20.0,80.9,Good
2026-02-04,Katto 3,0.0,0.0,0.059,1.0,True,40.0,20.0,1.176,20.0,81.2,Good
2026-02-05,Katto 3,0.0,0.0,0.0,1.0,True,40.0,20.0,0.0,20.0,80.0,Good
2026-02-06,Katto 3,0.0,0.0,0.0,1.0,True,40.0,20.0,0.0,20.0,80.0,Good
2026-02-07,Katto 3,0.0,0.0,0.0,1.0,True,40.0,20.0,0.0,20.0,80.0,Good
2026-02-08,Katto 3,0.0,0.0,0.0,1.0,True,40.0,20.0,0.0,20.0,80.0,Good
2026-02-09,Katto 3,0.0,0.0,0.188,1.0,True,40.0,20.0,3.75,20.0,83.8,Good
2026-02-10,Katto 3,0.0,0.0,0.188,1.0,True,40.0,20.0,3.75,20.0,83.8,Good
2026-02-11,Katto 3,0.0,0.0,0.188,1.0,True,40.0,20.0,3.75,20.0,83.8,Good
2026-02-12,Katto 3,0.0,0.0,0.188,1.0,True,40.0,20.0,3.75,20.0,83.8,Good
2026-02-13,Katto 3,0.0,0.0,0.188,1.0,True,40.0,20.0,3.75,20.0,83.8,Good
2026-02-14,Katto 3,0.0,0.0,0.188,1.0,True,40.0,20.0,3.75,20.0,83.8,Good
2026-02-15,Katto 3,0.0,0.0,0.13,1.0,True,40.0,20.0,2.609,20.0,82.6,Good
2026-02-16,Katto 3,0.0,0.0,0.12,1.0,True,40.0,20.0,2.4,20.0,82.4,Good
2026-02-17,Katto 3,0.0,0.0,0.154,1.0,True,40.0,20.0,3.077,20.0,83.1,Good
2026-02-18,Katto 3,0.0,0.0,0.154,1.0,True,40.0,20.0,3.077,20.0,83.1,Good
2026-02-19,Katto 3,0.0,0.0,0.154,1.0,True,40.0,20.0,3.077,20.0,83.1,Good
2026-02-20,Katto 3,0.0,0.0,0.281,1.0,True,40.0,20.0,5.625,20.0,85.6,Certified dry
2026-02-21,Katto 3,0.0,0.0,0.378,1.0,True,40.0,20.0,7.568,20.0,87.6,Certified dry
2026-02-22,Katto 3,0.0,0.0,0.378,1.0,True,40.0,20.0,7.568,20.0,87.6,Certified dry
2026-02-23,Katto 3,0.0,0.0,0.439,1.0,True,40.0,20.0,8.78,20.0,88.8,Certified dry
2026-02-24,Katto 3,0.0,0.0,0.488,1.0,True,40.0,20.0,9.767,20.0,89.8,Certified dry
2026-02-25,Katto 3,0.0,0.0,0.542,1.0,True,40.0,20.0,10.833,20.0,90.8,Certified dry
2026-02-26,Katto 3,0.0,0.003,0.551,1.0,True,39.999,19.945,11.02,20.0,91.0,Certified dry
2026-02-27,Katto 3,0.0,0.028,0.551,1.0,True,40.0,19.446,11.02,20.0,90.5,Certified dry
2026-02-28,Katto 3,0.0,0.047,0.551,1.0,True,40.0,19.058,11.02,20.0,90.1,Certified dry
2026-03-01,Katto 3,0.0,0.058,0.562,1.0,True,40.0,18.837,11.25,20.0,90.1,Certified dry
2026-03-02,Katto 3,0.0,0.066,0.6,1.0,True,40.0,18.67,12.0,20.0,90.7,Certified dry
2026-03-03,Katto 3,0.001,0.075,0.614,1.0,True,39.992,18.504,12.273,20.0,90.8,Certified dry
2026-03-04,Katto 3,0.0,0.08,0.653,1.0,True,39.997,18.393,13.061,20.0,91.5,Certified dry
2026-03-05,Katto 3,0.0,0.091,0.714,1.0,True,40.0,18.172,14.286,20.0,92.5,Certified dry
2026-03-06,Katto 3,0.0,0.094,0.778,1.0,True,40.0,18.116,15.556,20.0,93.7,Certified dry
2026-03-07,Katto 3,0.0,0.097,0.817,1.0,True,40.0,18.056,16.338,20.0,94.4,Certified dry
2026-03-08,Katto 3,0.0,0.097,0.838,1.0,True,40.0,18.056,16.75,20.0,94.8,Certified dry
2026-03-09,Katto 3,0.0,0.117,0.86,1.0,True,40.0,17.667,17.209,20.0,94.9,Certified dry
2026-03-10,Katto 3,0.0,0.131,0.868,1.0,True,39.994,17.389,17.363,20.0,94.7,Certified dry
2026-03-11,Katto 3,0.002,0.15,0.894,1.0,True,39.973,17.0,17.872,20.0,94.8,Certified dry
2026-03-12,Katto 3,0.006,0.186,0.895,1.0,True,39.897,16.278,17.895,20.0,94.1,Certified dry
2026-03-13,Katto 3,0.001,0.203,0.902,1.0,True,39.985,15.944,18.039,20.0,94.0,Certified dry
2026-03-14,Katto 3,0.0,0.217,0.908,1.0,True,40.0,15.667,18.165,20.0,93.8,Certified dry
2026-03-15,Katto 3,0.001,0.228,0.915,1.0,True,39.981,15.444,18.305,20.0,93.7,Certified dry
2026-03-16,Katto 3,0.0,0.245,0.921,1.0,True,40.0,15.097,18.425,20.0,93.5,Certified dry
2026-03-17,Katto 3,0.0,0.267,0.976,1.0,True,40.0,14.652,19.512,20.0,94.2,Certified dry
2026-03-18,Katto 3,0.0,0.276,0.992,1.0,True,40.0,14.485,19.836,20.0,94.3,Certified dry
2026-03-19,Katto 3,0.001,0.301,0.992,1.0,True,39.99,13.983,19.841,20.0,93.8,Certified dry
2026-03-20,Katto 3,0.0,0.301,0.993,1.0,True,40.0,13.983,19.852,20.0,93.8,Certified dry
2026-03-21,Katto 3,0.0,0.301,0.993,1.0,True,40.0,13.983,19.862,20.0,93.8,Certified dry
2026-03-22,Katto 3,0.0,0.304,1.0,1.0,True,40.0,13.928,20.0,20.0,93.9,Certified dry
2026-03-23,Katto 3,0.0,0.315,1.0,1.0,True,40.0,13.705,20.0,20.0,93.7,Certified dry
2026-03-24,Katto 3,0.0,0.318,1.0,1.0,True,39.997,13.649,20.0,20.0,93.6,Certified dry
2026-03-25,Katto 3,0.0,0.343,1.0,1.0,True,39.997,13.148,20.0,20.0,93.1,Certified dry
2026-03-26,Katto 3,0.0,0.355,1.0,1.0,True,39.993,12.905,20.0,20.0,92.9,Certified dry
2026-03-27,Katto 3,0.0,0.366,1.0,1.0,True,40.0,12.682,20.0,20.0,92.7,Certified dry
2026-03-28,Katto 3,0.0,0.369,1.0,1.0,True,40.0,12.626,20.0,20.0,92.6,Certified dry
2026-03-29,Katto 3,0.0,0.355,1.0,1.0,True,40.0,12.905,20.0,20.0,92.9,Certified dry
2026-03-30,Katto 3,0.0,0.335,1.0,1.0,True,40.0,13.296,20.0,20.0,93.3,Certified dry
2026-03-31,Katto 3,0.0,0.324,1.0,1.0,True,40.0,13.52,20.0,20.0,93.5,Certified dry
2026-04-01,Katto 3,0.0,0.316,1.0,1.0,True,40.0,13.687,20.0,20.0,93.7,Certified dry
2026-04-02,Katto 3,0.004,0.335,1.0,1.0,True,39.938,13.296,20.0,20.0,93.2,Certified dry
2026-04-03,Katto 3,0.009,0.361,1.0,1.0,True,39.86,12.773,20.0,20.0,92.6,Certified dry
2026-04-04,Katto 3,0.013,0.384,1.0,1.0,True,39.791,12.325,20.0,20.0,92.1,Certified dry
2026-04-05,Katto 3,0.017,0.415,1.0,1.0,True,39.727,11.709,20.0,20.0,91.4,Certified dry
2026-04-06,Katto 3,0.021,0.444,1.0,1.0,False,39.657,11.117,20.0,15.0,85.8,Certified dry
2026-04-07,Katto 3,0.015,0.464,1.0,1.0,False,39.752,10.726,20.0,15.0,85.5,Certified dry
2026-04-08,Katto 3,0.01,0.444,1.0,1.0,False,39.838,11.117,20.0,15.0,86.0,Certified dry
2026-04-09,Katto 3,0.0,0.43,1.0,1.0,False,40.0,11.397,20.0,15.0,86.4,Certified dry
2026-04-10,Katto 3,0.0,0.413,1.0,1.0,False,40.0,11.742,20.0,15.0,86.7,Certified dry
2026-04-11,Katto 3,0.0,0.379,1.0,1.0,False,40.0,12.416,20.0,15.0,87.4,Certified dry
2026-04-12,Katto 3,0.0,0.36,1.0,1.0,False,40.0,12.809,20.0,15.0,87.8,Certified dry
2026-04-13,Katto 3,0.0,0.345,1.0,1.0,False,40.0,13.109,20.0,15.0,88.1,Certified dry
2026-04-14,Katto 3,0.0,0.334,1.0,1.0,False,40.0,13.315,20.0,15.0,88.3,Certified dry
2026-04-15,Katto 3,0.0,0.317,1.0,1.0,False,40.0,13.652,20.0,15.0,88.7,Certified dry
2026-04-16,Katto 3,0.0,0.295,1.0,1.0,False,40.0,14.101,20.0,15.0,89.1,Certified dry
2026-04-17,Katto 3,0.0,0.292,1.0,1.0,False,40.0,14.157,20.0,15.0,89.2,Certified dry
2026-04-18,Katto 3,0.0,0.267,1.0,1.0,False,40.0,14.663,20.0,15.0,89.7,Certified dry
2026-04-19,Katto 3,0.0,0.267,1.0,1.0,False,40.0,14.663,20.0,15.0,89.7,Certified dry
2026-04-20,Katto 3,0.0,0.267,1.0,1.0,False,40.0,14.663,20.0,15.0,89.7,Certified dry
2026-04-21,Katto 3,0.0,0.264,1.0,1.0,False,40.0,14.719,20.0,15.0,89.7,Certified dry
2026-04-22,Katto 3,0.0,0.253,1.0,1.0,False,40.0,14.944,20.0,15.0,89.9,Certified dry
2026-04-23,Katto 3,0.0,0.249,1.0,1.0,False,40.0,15.014,20.0,15.0,90.0,Certified dry
2026-04-24,Katto 3,0.0,0.224,1.0,1.0,False,40.0,15.518,20.0,15.0,90.5,Certified dry
2026-04-25,Katto 3,0.0,0.217,1.0,1.0,False,40.0,15.655,20.0,15.0,90.7,Certified dry
2026-04-26,Katto 3,0.0,0.203,1.0,1.0,False,40.0,15.933,20.0,15.0,90.9,Certified dry
2026-04-27,Katto 3,0.0,0.201,1.0,1.0,False,40.0,15.978,20.0,15.0,91.0,Certified dry
2026-04-28,Katto 3,0.0,0.187,1.0,1.0,False,40.0,16.257,20.0,15.0,91.3,Certified dry
2026-04-29,Katto 3,0.0,0.187,1.0,1.0,False,40.0,16.257,20.0,15.0,91.3,Certified dry
2026-04-30,Katto 3,0.0,0.187,1.0,1.0,False,40.0,16.257,20.0,15.0,91.3,Certified dry
2026-05-01,Katto 3,0.0,0.187,1.0,1.0,False,40.0,16.257,20.0,15.0,91.3,Certified dry
2026-05-02,Katto 3,0.0,0.162,1.0,1.0,False,40.0,16.76,20.0,15.0,91.8,Certified dry
2026-05-03,Katto 3,0.0,0.134,1.0,1.0,False,40.0,17.326,20.0,15.0,92.3,Certified dry
2026-05-04,Katto 3,0.001,0.112,1.0,1.0,False,39.989,17.765,20.0,15.0,92.8,Certified dry
2026-05-05,Katto 3,0.0,0.087,1.0,1.0,False,40.0,18.268,20.0,15.0,93.3,Certified dry
2026-05-06,Katto 3,0.0,0.053,1.0,1.0,False,40.0,18.936,20.0,15.0,93.9,Certified dry
2026-05-07,Katto 3,0.0,0.031,1.0,1.0,False,40.0,19.384,20.0,15.0,94.4,Certified dry
2026-05-08,Katto 3,0.0,0.031,1.0,1.0,False,40.0,19.384,20.0,15.0,94.4,Certified dry
2026-05-09,Katto 3,0.0,0.031,1.0,1.0,False,40.0,19.384,20.0,15.0,94.4,Certified dry
2026-05-10,Katto 3,0.0,0.031,1.0,1.0,False,40.0,19.385,20.0,15.0,94.4,Certified dry
2026-05-11,Katto 3,0.0,0.031,1.0,1.0,False,40.0,19.385,20.0,15.0,94.4,Certified dry
2026-05-12,Katto 3,0.0,0.031,1.0,1.0,False,40.0,19.385,20.0,15.0,94.4,Certified dry
2026-05-13,Katto 3,0.003,0.05,1.0,1.0,False,39.958,18.994,20.0,15.0,94.0,Certified dry
2026-05-14,Katto 3,0.0,0.064,1.0,1.0,False,40.0,18.715,20.0,15.0,93.7,Certified dry
2026-05-15,Katto 3,0.0,0.073,1.0,1.0,False,40.0,18.547,20.0,15.0,93.5,Certified dry
2026-05-16,Katto 3,0.0,0.073,1.0,1.0,False,40.0,18.547,20.0,15.0,93.5,Certified dry
2026-05-17,Katto 3,0.0,0.073,1.0,1.0,False,40.0,18.547,20.0,15.0,93.5,Certified dry
2026-05-18,Katto 3,0.0,0.073,1.0,1.0,False,40.0,18.547,20.0,15.0,93.5,Certified dry
2026-05-19,Katto 3,0.0,0.087,1.0,1.0,False,39.996,18.268,20.0,15.0,93.3,Certified dry
2026-05-20,Katto 3,0.0,0.106,1.0,1.0,False,39.994,17.877,20.0,15.0,92.9,Certified dry
2026-05-21,Katto 3,0.0,0.126,1.0,1.0,False,39.993,17.486,20.0,15.0,92.5,Certified dry
2026-05-22,Katto 3,0.003,0.148,1.0,1.0,False,39.953,17.039,20.0,15.0,92.0,Certified dry
2026-05-23,Katto 3,0.0,0.159,1.0,1.0,False,39.996,16.816,20.0,15.0,91.8,Certified dry
2026-05-24,Katto 3,0.0,0.168,1.0,1.0,False,40.0,16.648,20.0,15.0,91.6,Certified dry
2026-05-25,Katto 3,0.0,0.165,1.0,1.0,False,40.0,16.704,20.0,15.0,91.7,Certified dry
2026-05-26,Katto 3,0.0,0.165,1.0,1.0,False,40.0,16.704,20.0,15.0,91.7,Certified dry
2026-05-27,Katto 3,0.0,0.17,1.0,1.0,False,40.0,16.592,20.0,15.0,91.6,Certified dry
2026-05-28,Katto 3,0.0,0.17,1.0,1.0,False,40.0,16.592,20.0,15.0,91.6,Certified dry
2026-05-29,Katto 3,0.0,0.17,1.0,1.0,False,40.0,16.592,20.0,15.0,91.6,Certified dry
2026-05-30,Katto 3,0.0,0.17,1.0,1.0,False,40.0,16.592,20.0,15.0,91.6,Certified dry
2026-05-31,Katto 3,0.0,0.185,1.0,1.0,False,40.0,16.303,20.0,15.0,91.3,Certified dry
2026-06-01,Katto 3,0.0,0.188,1.0,1.0,False,40.0,16.246,20.0,15.0,91.2,Certified dry
2026-06-02,Katto 3,0.0,0.188,1.0,1.0,False,40.0,16.246,20.0,15.0,91.2,Certified dry
2026-06-03,Katto 3,0.0,0.179,1.0,1.0,False,40.0,16.425,20.0,15.0,91.4,Certified dry
2026-06-04,Katto 3,0.0,0.173,1.0,1.0,False,40.0,16.536,20.0,15.0,91.5,Certified dry
2026-06-05,Katto 3,0.001,0.195,1.0,1.0,False,39.981,16.1,20.0,15.0,91.1,Certified dry
2026-06-06,Katto 3,0.016,0.226,1.0,1.0,False,39.745,15.487,20.0,15.0,90.2,Certified dry
2026-06-07,Katto 3,0.013,0.242,1.0,1.0,False,39.791,15.153,20.0,15.0,89.9,Certified dry
2026-06-08,Katto 3,0.003,0.251,1.0,1.0,False,39.949,14.972,20.0,15.0,89.9,Certified dry
2026-06-09,Katto 3,0.004,0.276,1.0,1.0,False,39.934,14.485,20.0,15.0,89.4,Certified dry
2026-06-10,Katto 3,0.001,0.295,1.0,1.0,False,39.989,14.095,20.0,15.0,89.1,Certified dry
2026-06-11,Katto 3,0.002,0.309,1.0,1.0,False,39.966,13.816,20.0,15.0,88.8,Certified dry
2026-06-12,Katto 3,0.004,0.316,1.0,1.0,False,39.936,13.687,20.0,15.0,88.6,Certified dry
2026-06-13,Katto 3,0.008,0.33,1.0,1.0,False,39.876,13.408,20.0,15.0,88.3,Certified dry
2026-06-14,Katto 3,0.01,0.349,1.0,1.0,False,39.843,13.017,20.0,15.0,87.9,Certified dry
2026-06-15,Katto 3,0.021,0.383,1.0,1.0,False,39.671,12.346,20.0,15.0,87.0,Certified dry
2026-06-16,Katto 3,0.015,0.391,1.0,1.0,False,39.754,12.179,20.0,15.0,86.9,Certified dry
2026-06-17,Katto 3,0.024,0.427,1.0,1.0,False,39.619,11.453,20.0,15.0,86.1,Certified dry
2026-06-18,Katto 3,0.014,0.419,1.0,1.0,False,39.783,11.62,20.0,15.0,86.4,Certified dry
2026-06-19,Katto 3,0.006,0.405,1.0,1.0,False,39.907,11.899,20.0,15.0,86.8,Certified dry
2026-06-20,Katto 3,0.0,0.391,1.0,1.0,False,39.997,12.179,20.0,15.0,87.2,Certified dry
2026-06-21,Katto 3,0.0,0.374,1.0,1.0,False,40.0,12.514,20.0,15.0,87.5,Certified dry
2026-06-22,Katto 3,0.0,0.363,1.0,1.0,False,40.0,12.737,20.0,15.0,87.7,Certified dry
2026-06-23,Katto 3,0.0,0.355,1.0,1.0,False,40.0,12.905,20.0,15.0,87.9,Certified dry
2026-06-24,Katto 3,0.0,0.369,1.0,1.0,False,39.998,12.626,20.0,15.0,87.6,Certified dry
2026-06-25,Katto 3,0.001,0.38,1.0,1.0,False,39.991,12.402,20.0,15.0,87.4,Certified dry
2026-06-26,Katto 3,0.0,0.388,1.0,1.0,False,39.994,12.235,20.0,15.0,87.2,Certified dry
2026-06-27,Katto 3,0.0,0.399,1.0,1.0,False,40.0,12.011,20.0,15.0,87.0,Certified dry
2026-06-28,Katto 3,0.004,0.415,1.0,1.0,False,39.935,11.709,20.0,15.0,86.6,Certified dry
2026-06-29,Katto 3,0.0,0.423,1.0,1.0,False,40.0,11.541,20.0,15.0,86.5,Certified dry
2026-06-30,Katto 3,0.0,0.416,1.0,1.0,False,40.0,11.676,20.0,15.0,86.7,Certified dry
2026-07-01,Katto 3,0.0,0.413,1.0,1.0,False,40.0,11.732,20.0,15.0,86.7,Certified dry
2026-07-02,Katto 3,0.003,0.434,1.0,1.0,False,39.948,11.317,20.0,15.0,86.3,Certified dry
2026-07-03,Katto 3,0.014,0.465,1.0,1.0,False,39.771,10.7,20.0,15.0,85.5,Certified dry
2026-07-04,Katto 3,0.023,0.496,1.0,1.0,False,39.636,10.084,20.0,15.0,84.7,Good
2026-07-05,Katto 3,0.039,0.507,1.0,1.0,False,39.369,9.86,20.0,15.0,84.2,Good
2026-07-06,Katto 3,0.038,0.5,1.0,1.0,False,39.388,10.0,20.0,15.0,84.4,Good
2026-07-07,Katto 3,0.049,0.515,1.0,1.0,False,39.211,9.692,20.0,15.0,83.9,Good
2026-07-08,Katto 3,0.047,0.532,1.0,1.0,False,39.251,9.356,20.0,15.0,83.6,Good
2026-07-09,Katto 3,0.055,0.541,1.0,1.0,False,39.127,9.188,20.0,15.0,83.3,Good
2026-07-10,Katto 3,0.049,0.541,1.0,1.0,False,39.224,9.188,20.0,15.0,83.4,Good
2026-07-11,Katto 3,0.043,0.541,1.0,1.0,False,39.311,9.188,20.0,15.0,83.5,Good
2026-07-12,Katto 3,0.044,0.542,1.0,1.0,False,39.292,9.162,20.0,15.0,83.5,Good
2026-07-13,Katto 3,0.049,0.545,1.0,1.0,False,39.212,9.106,20.0,15.0,83.3,Good
2026-07-14,Katto 3,0.042,0.528,1.0,1.0,False,39.323,9.441,20.0,15.0,83.8,Good
2026-07-15,Katto 3,0.035,0.503,1.0,1.0,False,39.438,9.944,20.0,15.0,84.4,Good
2026-07-16,Katto 3,0.026,0.492,1.0,1.0,False,39.585,10.168,20.0,15.0,84.8,Good
2026-07-17,Katto 3,0.016,0.466,1.0,1.0,False,39.743,10.67,20.0,15.0,85.4,Certified dry
2026-07-18,Katto 3,0.011,0.475,1.0,1.0,False,39.817,10.503,20.0,15.0,85.3,Certified dry
2026-07-19,Katto 3,0.01,0.494,1.0,1.0,False,39.837,10.112,20.0,15.0,84.9,Good
2026-07-20,Katto 3,0.0,0.497,1.0,1.0,False,40.0,10.056,20.0,15.0,85.1,Certified dry
2026-07-21,Katto 3,0.002,0.508,1.0,1.0,False,39.973,9.832,20.0,15.0,84.8,Good
2026-07-22,Katto 3,0.0,0.525,1.0,1.0,False,39.999,9.497,20.0,15.0,84.5,Good
2026-07-23,Katto 3,0.002,0.553,1.0,1.0,False,39.965,8.939,20.0,15.0,83.9,Good
2026-07-24,Katto 3,0.0,0.553,1.0,1.0,False,39.996,8.939,20.0,15.0,83.9,Good
2026-07-25,Katto 3,0.004,0.573,1.0,1.0,False,39.938,8.547,20.0,15.0,83.5,Good
2026-07-26,Katto 3,0.01,0.592,1.0,1.0,False,39.838,8.156,20.0,15.0,83.0,Good
2026-07-27,Katto 3,0.019,0.612,1.0,1.0,False,39.696,7.765,20.0,15.0,82.5,Good
2026-07-28,Katto 3,0.018,0.616,1.0,1.0,False,39.72,7.688,20.0,15.0,82.4,Good
2026-07-29,Katto 3,0.009,0.618,1.0,1.0,False,39.849,7.632,20.0,15.0,82.5,Good
2026-07-30,Katto 3,0.002,0.627,1.0,1.0,False,39.963,7.465,20.0,15.0,82.4,Good
2026-07-31,Katto 3,0.006,0.649,1.0,1.0,False,39.902,7.019,20.0,15.0,81.9,Good
2026-08-01,Katto 3,0.0,0.641,1.0,1.0,False,39.997,7.187,20.0,15.0,82.2,Good
2026-08-02,Katto 3,0.0,0.621,1.0,1.0,False,39.994,7.577,20.0,15.0,82.6,Good
2026-08-03,Katto 3,0.0,0.599,1.0,1.0,False,39.998,8.022,20.0,15.0,83.0,Good
2026-08-04,Katto 3,0.001,0.582,1.0,1.0,False,39.992,8.357,20.0,15.0,83.3,Good
2026-08-05,Katto 3,0.0,0.577,1.0,1.0,False,39.994,8.468,20.0,15.0,83.5,Good
2026-08-06,Katto 3,0.002,0.564,1.0,1.0,False,39.97,8.722,20.0,15.0,83.7,Good
2026-08-07,Katto 3,0.0,0.547,1.0,1.0,False,40.0,9.056,20.0,15.0,84.1,Good
2026-08-08,Katto 3,0.0,0.524,1.0,1.0,False,40.0,9.526,20.0,15.0,84.5,Good
2026-08-09,Katto 3,0.001,0.525,1.0,1.0,False,39.982,9.497,20.0,15.0,84.5,Good
2026-08-10,Katto 3,0.006,0.531,1.0,1.0,False,39.9,9.385,20.0,15.0,84.3,Good
2026-08-11,Katto 3,0.007,0.534,1.0,1.0,False,39.893,9.33,20.0,15.0,84.2,Good
2026-08-12,Katto 3,0.0,0.511,1.0,1.0,False,39.992,9.777,20.0,15.0,84.8,Good
2026-08-13,Katto 3,0.0,0.514,1.0,1.0,False,39.996,9.721,20.0,15.0,84.7,Good
2026-08-14,Katto 3,0.001,0.525,1.0,1.0,False,39.981,9.497,20.0,15.0,84.5,Good
2026-08-15,Katto 3,0.0,0.539,1.0,1.0,False,39.993,9.218,20.0,15.0,84.2,Good
2026-08-16,Katto 3,0.003,0.559,1.0,1.0,False,39.947,8.827,20.0,15.0,83.8,Good
2026-08-17,Katto 3,0.0,0.561,1.0,1.0,False,39.993,8.771,20.0,15.0,83.8,Good
2026-08-18,Katto 3,0.001,0.556,1.0,1.0,False,39.989,8.883,20.0,15.0,83.9,Good
2026-08-19,Katto 3,0.0,0.561,1.0,1.0,False,39.998,8.771,20.0,15.0,83.8,Good
2026-08-20,Katto 3,0.008,0.573,1.0,1.0,False,39.874,8.547,20.0,15.0,83.4,Good
2026-08-21,Katto 3,0.003,0.575,1.0,1.0,False,39.955,8.492,20.0,15.0,83.4,Good
2026-08-22,Katto 3,0.006,0.577,1.0,1.0,False,39.897,8.459,20.0,15.0,83.4,Good
2026-08-23,Katto 3,0.019,0.596,1.0,1.0,False,39.688,8.09,20.0,15.0,82.8,Good
2026-08-24,Katto 3,0.023,0.593,1.0,1.0,False,39.639,8.146,20.0,15.0,82.8,Good
2026-08-25,Katto 3,0.016,0.576,1.0,1.0,False,39.748,8.483,20.0,15.0,83.2,Good
2026-08-26,Katto 3,0.009,0.565,1.0,1.0,False,39.855,8.708,20.0,15.0,83.6,Good
2026-08-27,Katto 3,0.001,0.559,1.0,1.0,False,39.979,8.82,20.0,15.0,83.8,Good
2026-08-28,Katto 3,0.002,0.567,1.0,1.0,False,39.974,8.652,20.0,15.0,83.6,Good
2026-08-29,Katto 3,0.0,0.57,1.0,1.0,False,39.996,8.596,20.0,15.0,83.6,Good
2026-08-30,Katto 3,0.013,0.581,1.0,1.0,False,39.789,8.371,20.0,15.0,83.2,Good
2026-08-31,Katto 3,0.031,0.601,1.0,1.0,False,39.501,7.978,20.0,15.0,82.5,Good
2026-09-01,Katto 3,0.041,0.621,0.992,1.0,False,39.344,7.584,19.834,15.0,81.8,Good
2026-09-02,Katto 3,0.037,0.632,0.975,1.0,False,39.4,7.36,19.498,15.0,81.3,Good
2026-09-03,Katto 3,0.034,0.632,0.958,1.0,False,39.45,7.36,19.163,15.0,81.0,Good
2026-09-04,Katto 3,0.028,0.635,0.933,1.0,False,39.559,7.303,18.667,15.0,80.5,Good
2026-09-05,Katto 3,0.024,0.64,0.916,1.0,False,39.621,7.191,18.319,15.0,80.1,Good
2026-09-06,Katto 3,0.019,0.644,0.895,1.0,False,39.701,7.115,17.908,15.0,79.7,Good
2026-09-07,Katto 3,0.012,0.654,0.879,1.0,False,39.808,6.927,17.583,15.0,79.3,Good
2026-09-08,Katto 3,0.027,0.671,0.878,1.0,False,39.568,6.574,17.553,15.0,78.7,Good
2026-09-09,Katto 3,0.043,0.682,0.874,1.0,False,39.317,6.351,17.478,15.0,78.1,Good
2026-09-10,Katto 3,0.05,0.685,0.872,1.0,False,39.208,6.295,17.445,15.0,77.9,Good
2026-09-11,Katto 3,0.052,0.685,0.872,1.0,False,39.161,6.295,17.445,15.0,77.9,Good
2025-06-18,Katto 4,0.0,0.0,1.0,1.0,False,40.0,20.0,20.0,15.0,95.0,Certified dry
2025-06-19,Katto 4,0.001,0.571,1.0,1.0,False,39.983,8.571,20.0,15.0,83.6,Good
2025-06-20,Katto 4,0.0,0.385,1.0,1.0,False,40.0,12.308,20.0,15.0,87.3,Certified dry
2025-06-21,Katto 4,0.001,0.395,1.0,1.0,False,39.988,12.105,20.0,15.0,87.1,Certified dry
2025-06-22,Katto 4,0.0,0.34,1.0,1.0,False,40.0,13.2,20.0,15.0,88.2,Certified dry
2025-06-23,Katto 4,0.001,0.323,1.0,1.0,False,39.977,13.548,20.0,15.0,88.5,Certified dry
2025-06-24,Katto 4,0.008,0.432,1.0,1.0,False,39.872,11.351,20.0,15.0,86.2,Certified dry
2025-06-25,Katto 4,0.007,0.488,1.0,1.0,False,39.896,10.233,20.0,15.0,85.1,Certified dry
2025-06-26,Katto 4,0.0,0.459,1.0,1.0,False,39.998,10.816,20.0,15.0,85.8,Certified dry
2025-06-27,Katto 4,0.0,0.455,1.0,1.0,False,39.992,10.909,20.0,15.0,85.9,Certified dry
2025-06-28,Katto 4,0.001,0.475,1.0,1.0,False,39.99,10.492,20.0,15.0,85.5,Certified dry
2025-06-29,Katto 4,0.0,0.466,1.0,1.0,False,40.0,10.677,20.0,15.0,85.7,Certified dry
2025-06-30,Katto 4,0.0,0.428,1.0,1.0,False,40.0,11.448,20.0,15.0,86.4,Certified dry
2025-07-01,Katto 4,0.0,0.401,1.0,1.0,False,40.0,11.975,20.0,15.0,87.0,Certified dry
2025-07-02,Katto 4,0.0,0.373,1.0,1.0,False,40.0,12.544,20.0,15.0,87.5,Certified dry
2025-07-03,Katto 4,0.0,0.348,1.0,1.0,False,40.0,13.039,20.0,15.0,88.0,Certified dry
2025-07-04,Katto 4,0.0,0.337,1.0,1.0,False,40.0,13.264,20.0,15.0,88.3,Certified dry
2025-07-05,Katto 4,0.002,0.333,1.0,1.0,False,39.971,13.333,20.0,15.0,88.3,Certified dry
2025-07-06,Katto 4,0.012,0.37,1.0,1.0,False,39.815,12.593,20.0,15.0,87.4,Certified dry
2025-07-07,Katto 4,0.013,0.395,1.0,1.0,False,39.798,12.105,20.0,15.0,86.9,Certified dry
2025-07-08,Katto 4,0.015,0.417,1.0,1.0,False,39.762,11.667,20.0,15.0,86.4,Certified dry
2025-07-09,Katto 4,0.008,0.405,1.0,1.0,False,39.874,11.905,20.0,15.0,86.8,Certified dry
2025-07-10,Katto 4,0.0,0.394,1.0,1.0,False,39.998,12.121,20.0,15.0,87.1,Certified dry
2025-07-11,Katto 4,0.0,0.388,1.0,1.0,False,39.996,12.246,20.0,15.0,87.2,Certified dry
2025-07-12,Katto 4,0.0,0.389,1.0,1.0,False,39.995,12.222,20.0,15.0,87.2,Certified dry
2025-07-13,Katto 4,0.0,0.383,1.0,1.0,False,40.0,12.333,20.0,15.0,87.3,Certified dry
2025-07-14,Katto 4,0.0,0.381,1.0,1.0,False,39.996,12.372,20.0,15.0,87.4,Certified dry
2025-07-15,Katto 4,0.001,0.383,1.0,1.0,False,39.984,12.346,20.0,15.0,87.3,Certified dry
2025-07-16,Katto 4,0.0,0.375,1.0,1.0,False,40.0,12.5,20.0,15.0,87.5,Certified dry
2025-07-17,Katto 4,0.0,0.362,1.0,1.0,False,40.0,12.759,20.0,15.0,87.8,Certified dry
2025-07-18,Katto 4,0.0,0.353,1.0,1.0,False,40.0,12.941,20.0,15.0,87.9,Certified dry
2025-07-19,Katto 4,0.0,0.331,1.0,1.0,False,40.0,13.389,20.0,15.0,88.4,Certified dry
2025-07-20,Katto 4,0.0,0.325,1.0,1.0,False,40.0,13.501,20.0,15.0,88.5,Certified dry
2025-07-21,Katto 4,0.0,0.319,1.0,1.0,False,39.996,13.613,20.0,15.0,88.6,Certified dry
2025-07-22,Katto 4,0.0,0.328,1.0,1.0,False,39.999,13.445,20.0,15.0,88.4,Certified dry
2025-07-23,Katto 4,0.0,0.328,1.0,1.0,False,39.999,13.445,20.0,15.0,88.4,Certified dry
2025-07-24,Katto 4,0.0,0.3,1.0,1.0,False,40.0,14.006,20.0,15.0,89.0,Certified dry
2025-07-25,Katto 4,0.0,0.275,1.0,1.0,False,40.0,14.51,20.0,15.0,89.5,Certified dry
2025-07-26,Katto 4,0.0,0.269,1.0,1.0,False,39.999,14.622,20.0,15.0,89.6,Certified dry
2025-07-27,Katto 4,0.0,0.264,1.0,1.0,False,39.998,14.719,20.0,15.0,89.7,Certified dry
2025-07-28,Katto 4,0.0,0.247,1.0,1.0,False,40.0,15.056,20.0,15.0,90.1,Certified dry
2025-07-29,Katto 4,0.0,0.252,1.0,1.0,False,39.997,14.958,20.0,15.0,90.0,Certified dry
2025-07-30,Katto 4,0.0,0.258,1.0,1.0,False,40.0,14.846,20.0,15.0,89.8,Certified dry
2025-07-31,Katto 4,0.0,0.261,1.0,1.0,False,39.998,14.79,20.0,15.0,89.8,Certified dry
2025-08-01,Katto 4,0.001,0.275,1.0,1.0,False,39.989,14.51,20.0,15.0,89.5,Certified dry
2025-08-02,Katto 4,0.0,0.286,1.0,1.0,False,39.998,14.286,20.0,15.0,89.3,Certified dry
2025-08-03,Katto 4,0.0,0.289,1.0,1.0,False,39.998,14.23,20.0,15.0,89.2,Certified dry
2025-08-04,Katto 4,0.001,0.296,1.0,1.0,False,39.981,14.078,20.0,15.0,89.1,Certified dry
2025-08-05,Katto 4,0.002,0.285,1.0,1.0,False,39.967,14.302,20.0,15.0,89.3,Certified dry
2025-08-06,Katto 4,0.0,0.268,1.0,1.0,False,39.993,14.637,20.0,15.0,89.6,Certified dry
2025-08-07,Katto 4,0.0,0.251,1.0,1.0,False,39.997,14.972,20.0,15.0,90.0,Certified dry
2025-08-08,Katto 4,0.002,0.274,1.0,1.0,False,39.974,14.525,20.0,15.0,89.5,Certified dry
2025-08-09,Katto 4,0.0,0.282,1.0,1.0,False,39.995,14.358,20.0,15.0,89.4,Certified dry
2025-08-10,Katto 4,0.0,0.288,1.0,1.0,False,39.994,14.246,20.0,15.0,89.2,Certified dry
2025-08-11,Katto 4,0.0,0.279,1.0,1.0,False,40.0,14.413,20.0,15.0,89.4,Certified dry
2025-08-12,Katto 4,0.005,0.302,1.0,1.0,False,39.927,13.966,20.0,15.0,88.9,Certified dry
2025-08-13,Katto 4,0.0,0.3,1.0,1.0,False,39.998,14.006,20.0,15.0,89.0,Certified dry
2025-08-14,Katto 4,0.0,0.3,1.0,1.0,False,39.996,14.006,20.0,15.0,89.0,Certified dry
2025-08-15,Katto 4,0.002,0.308,1.0,1.0,False,39.969,13.838,20.0,15.0,88.8,Certified dry
2025-08-16,Katto 4,0.001,0.325,1.0,1.0,False,39.99,13.501,20.0,15.0,88.5,Certified dry
2025-08-17,Katto 4,0.0,0.342,1.0,1.0,False,39.996,13.165,20.0,15.0,88.2,Certified dry
2025-08-18,Katto 4,0.0,0.349,1.0,1.0,False,40.0,13.017,20.0,15.0,88.0,Certified dry
2025-08-19,Katto 4,0.0,0.355,1.0,1.0,False,40.0,12.905,20.0,15.0,87.9,Certified dry
2025-08-20,Katto 4,0.0,0.349,1.0,1.0,False,40.0,13.017,20.0,15.0,88.0,Certified dry
2025-08-21,Katto 4,0.0,0.341,1.0,1.0,False,39.996,13.184,20.0,15.0,88.2,Certified dry
2025-08-22,Katto 4,0.0,0.344,1.0,1.0,False,39.998,13.128,20.0,15.0,88.1,Certified dry
2025-08-23,Katto 4,0.0,0.344,1.0,1.0,False,40.0,13.128,20.0,15.0,88.1,Certified dry
2025-08-24,Katto 4,0.001,0.358,1.0,1.0,False,39.982,12.849,20.0,15.0,87.8,Certified dry
2025-08-25,Katto 4,0.0,0.374,1.0,1.0,False,39.994,12.514,20.0,15.0,87.5,Certified dry
2025-08-26,Katto 4,0.0,0.378,1.0,1.0,False,39.999,12.444,20.0,15.0,87.4,Certified dry
2025-08-27,Katto 4,0.0,0.378,1.0,1.0,False,40.0,12.444,20.0,15.0,87.4,Certified dry
2025-08-28,Katto 4,0.001,0.382,1.0,1.0,False,39.989,12.368,20.0,15.0,87.4,Certified dry
2025-08-29,Katto 4,0.012,0.407,1.0,1.0,False,39.803,11.866,20.0,15.0,86.7,Certified dry
2025-08-30,Katto 4,0.03,0.436,1.0,1.0,False,39.527,11.285,20.0,15.0,85.8,Certified dry
2025-08-31,Katto 4,0.045,0.455,1.0,1.0,False,39.283,10.894,20.0,15.0,85.2,Certified dry
2025-09-01,Katto 4,0.054,0.478,1.0,1.0,False,39.13,10.447,20.0,15.0,84.6,Good
2025-09-02,Katto 4,0.061,0.503,1.0,1.0,False,39.019,9.944,20.0,15.0,84.0,Good
2025-09-03,Katto 4,0.061,0.514,1.0,1.0,False,39.021,9.721,20.0,15.0,83.7,Good
2025-09-04,Katto 4,0.059,0.515,1.0,1.0,False,39.056,9.692,20.0,15.0,83.7,Good
2025-09-05,Katto 4,0.06,0.532,1.0,1.0,False,39.036,9.356,20.0,15.0,83.4,Good
2025-09-06,Katto 4,0.069,0.555,1.0,1.0,False,38.899,8.908,20.0,15.0,82.8,Good
2025-09-07,Katto 4,0.08,0.56,1.0,1.0,False,38.726,8.796,20.0,15.0,82.5,Good
2025-09-08,Katto 4,0.083,0.574,1.0,1.0,False,38.674,8.515,20.0,15.0,82.2,Good
2025-09-09,Katto 4,0.077,0.579,1.0,1.0,False,38.764,8.427,20.0,15.0,82.2,Good
2025-09-10,Katto 4,0.071,0.59,1.0,1.0,False,38.865,8.202,20.0,15.0,82.1,Good
2025-09-11,Katto 4,0.064,0.569,1.0,1.0,False,38.982,8.62,20.0,15.0,82.6,Good
2025-09-12,Katto 4,0.07,0.579,1.0,1.0,False,38.874,8.427,20.0,15.0,82.3,Good
2025-09-13,Katto 4,0.078,0.598,1.0,1.0,False,38.754,8.034,20.0,15.0,81.8,Good
2025-09-14,Katto 4,0.09,0.618,1.0,1.0,False,38.557,7.64,20.0,15.0,81.2,Good
2025-09-15,Katto 4,0.103,0.635,1.0,1.0,False,38.358,7.303,20.0,15.0,80.7,Good
2025-09-16,Katto 4,0.112,0.652,1.0,1.0,False,38.205,6.966,20.0,15.0,80.2,Good
2025-09-17,Katto 4,0.121,0.677,1.0,1.0,False,38.069,6.461,20.0,15.0,79.5,Good
2025-09-18,Katto 4,0.128,0.704,1.0,1.0,False,37.951,5.915,20.0,15.0,78.9,Good
2025-09-19,Katto 4,0.132,0.732,1.0,1.0,False,37.882,5.352,20.0,15.0,78.2,Good
2025-09-20,Katto 4,0.145,0.76,1.0,1.0,False,37.674,4.802,20.0,15.0,77.5,Good
2025-09-21,Katto 4,0.144,0.774,1.0,1.0,False,37.699,4.52,20.0,15.0,77.2,Good
2025-09-22,Katto 4,0.137,0.782,1.0,1.0,False,37.816,4.35,20.0,15.0,77.2,Good
2025-09-23,Katto 4,0.127,0.78,1.0,1.0,False,37.975,4.407,20.0,15.0,77.4,Good
2025-09-24,Katto 4,0.119,0.76,1.0,1.0,False,38.103,4.802,20.0,15.0,77.9,Good
2025-09-25,Katto 4,0.108,0.757,1.0,1.0,False,38.267,4.859,20.0,15.0,78.1,Good
2025-09-26,Katto 4,0.099,0.771,1.0,1.0,False,38.414,4.576,20.0,15.0,78.0,Good
2025-09-27,Katto 4,0.09,0.772,1.0,1.0,False,38.554,4.563,20.0,15.0,78.1,Good
2025-09-28,Katto 4,0.081,0.749,1.0,1.0,False,38.709,5.014,20.0,15.0,78.7,Good
2025-09-29,Katto 4,0.071,0.725,1.0,1.0,False,38.871,5.506,20.0,15.0,79.4,Good
2025-09-30,Katto 4,0.063,0.694,1.0,1.0,False,38.997,6.124,20.0,15.0,80.1,Good
2025-10-01,Katto 4,0.052,0.66,1.0,1.0,False,39.167,6.798,20.0,15.0,81.0,Good
2025-10-02,Katto 4,0.039,0.638,1.0,1.0,False,39.372,7.247,20.0,15.0,81.6,Good
2025-10-03,Katto 4,0.031,0.611,1.0,1.0,False,39.5,7.787,20.0,15.0,82.3,Good
2025-10-04,Katto 4,0.02,0.605,1.0,1.0,False,39.672,7.899,20.0,15.0,82.6,Good
2025-10-05,Katto 4,0.026,0.611,1.0,1.0,False,39.591,7.787,20.0,15.0,82.4,Good
2025-10-06,Katto 4,0.039,0.611,1.0,1.0,False,39.375,7.787,20.0,15.0,82.2,Good
2025-10-07,Katto 4,0.048,0.611,1.0,1.0,False,39.227,7.787,20.0,15.0,82.0,Good
2025-10-08,Katto 4,0.059,0.616,1.0,1.0,False,39.055,7.675,20.0,15.0,81.7,Good
2025-10-09,Katto 4,0.07,0.631,1.0,1.0,False,38.881,7.374,20.0,15.0,81.3,Good
2025-10-10,Katto 4,0.067,0.637,1.0,1.0,False,38.93,7.263,20.0,15.0,81.2,Good
2025-10-11,Katto 4,0.06,0.637,1.0,1.0,False,39.038,7.263,20.0,15.0,81.3,Good
2025-10-12,Katto 4,0.053,0.626,1.0,1.0,False,39.16,7.486,20.0,15.0,81.6,Good
2025-10-13,Katto 4,0.049,0.603,1.0,1.0,False,39.214,7.933,20.0,15.0,82.1,Good
2025-10-14,Katto 4,0.043,0.595,1.0,1.0,False,39.306,8.101,20.0,15.0,82.4,Good
2025-10-15,Katto 4,0.047,0.595,1.0,1.0,False,39.251,8.101,20.0,15.0,82.4,Good
2025-10-16,Katto 4,0.042,0.578,1.0,1.0,False,39.323,8.436,20.0,15.0,82.8,Good
2025-10-17,Katto 4,0.034,0.545,1.0,1.0,False,39.451,9.106,20.0,15.0,83.6,Good
2025-10-18,Katto 4,0.018,0.513,1.0,1.0,False,39.707,9.749,20.0,15.0,84.5,Good
2025-10-19,Katto 4,0.002,0.482,1.0,1.0,False,39.964,10.362,20.0,15.0,85.3,Certified dry
2025-10-20,Katto 4,0.001,0.472,1.0,1.0,False,39.981,10.556,20.0,15.0,85.5,Certified dry
2025-10-21,Katto 4,0.0,0.458,1.0,1.0,False,39.997,10.833,20.0,15.0,85.8,Certified dry
2025-10-22,Katto 4,0.001,0.471,1.0,1.0,False,39.99,10.585,20.0,15.0,85.6,Certified dry
2025-10-23,Katto 4,0.009,0.49,1.0,1.0,False,39.856,10.195,20.0,15.0,85.1,Certified dry
2025-10-24,Katto 4,0.02,0.524,1.0,1.0,False,39.68,9.526,20.0,15.0,84.2,Good
2025-10-25,Katto 4,0.033,0.549,1.0,1.0,False,39.471,9.025,20.0,15.0,83.5,Good
2025-10-26,Katto 4,0.045,0.56,1.0,1.0,False,39.285,8.802,20.0,15.0,83.1,Good
2025-10-27,Katto 4,0.054,0.574,1.0,1.0,True,39.137,8.524,20.0,20.0,87.7,Certified dry
2025-10-28,Katto 4,0.062,0.596,1.0,1.0,True,39.004,8.078,20.0,20.0,87.1,Certified dry
2025-10-29,Katto 4,0.071,0.621,1.0,1.0,True,38.867,7.577,20.0,20.0,86.4,Certified dry
2025-10-30,Katto 4,0.079,0.652,1.0,1.0,True,38.733,6.964,20.0,20.0,85.7,Certified dry
2025-10-31,Katto 4,0.088,0.685,1.0,1.0,True,38.588,6.295,20.0,20.0,84.9,Good
2025-11-01,Katto 4,0.097,0.708,1.0,1.0,True,38.454,5.85,20.0,20.0,84.3,Good
2025-11-02,Katto 4,0.107,0.741,1.0,1.0,True,38.289,5.181,20.0,20.0,83.5,Good
2025-11-03,Katto 4,0.118,0.755,1.0,1.0,True,38.112,4.903,20.0,20.0,83.0,Good
2025-11-04,Katto 4,0.128,0.755,1.0,1.0,True,37.945,4.903,20.0,20.0,82.8,Good
2025-11-05,Katto 4,0.142,0.755,1.0,1.0,True,37.729,4.903,20.0,20.0,82.6,Good
2025-11-06,Katto 4,0.155,0.755,1.0,1.0,True,37.521,4.903,20.0,20.0,82.4,Good
2025-11-07,Katto 4,0.168,0.755,1.0,1.0,True,37.315,4.903,20.0,20.0,82.2,Good
2025-11-08,Katto 4,0.179,0.755,1.0,1.0,True,37.139,4.903,20.0,20.0,82.0,Good
2025-11-09,Katto 4,0.188,0.763,1.0,1.0,True,36.985,4.735,20.0,20.0,81.7,Good
2025-11-10,Katto 4,0.194,0.788,1.0,1.0,True,36.897,4.234,20.0,20.0,81.1,Good
2025-11-11,Katto 4,0.202,0.813,1.0,1.0,True,36.77,3.733,20.0,20.0,80.5,Good
2025-11-12,Katto 4,0.212,0.836,1.0,1.0,True,36.61,3.287,20.0,20.0,79.9,Good
2025-11-13,Katto 4,0.222,0.844,1.0,1.0,True,36.447,3.12,20.0,20.0,79.6,Good
2025-11-14,Katto 4,0.207,0.822,1.0,1.0,True,36.687,3.565,20.0,20.0,80.3,Good
2025-11-15,Katto 4,0.2,0.805,1.0,1.0,True,36.794,3.9,20.0,20.0,80.7,Good
2025-11-16,Katto 4,0.187,0.808,1.0,1.0,True,37.001,3.833,20.0,20.0,80.8,Good
2025-11-17,Katto 4,0.18,0.827,1.0,1.0,True,37.114,3.454,20.0,20.0,80.6,Good
2025-11-18,Katto 4,0.174,0.827,0.97,1.0,True,37.221,3.454,19.394,20.0,80.1,Good
2025-11-19,Katto 4,0.158,0.808,0.905,1.0,True,37.476,3.844,18.095,20.0,79.4,Good
2025-11-20,Katto 4,0.155,0.819,0.895,1.0,True,37.527,3.621,17.895,20.0,79.0,Good
2025-11-21,Katto 4,0.148,0.813,0.889,1.0,True,37.639,3.733,17.778,20.0,79.1,Good
2025-11-22,Katto 4,0.15,0.794,0.881,1.0,True,37.601,4.123,17.627,20.0,79.4,Good
2025-11-23,Katto 4,0.156,0.794,0.885,1.0,True,37.498,4.123,17.705,20.0,79.3,Good
2025-11-24,Katto 4,0.152,0.786,0.891,1.0,True,37.574,4.29,17.812,20.0,79.7,Good
2025-11-25,Katto 4,0.138,0.755,0.882,1.0,True,37.785,4.903,17.647,20.0,80.3,Good
2025-11-26,Katto 4,0.128,0.721,0.845,1.0,True,37.956,5.571,16.901,20.0,80.4,Good
2025-11-27,Katto 4,0.12,0.702,0.822,1.0,True,38.075,5.961,16.438,20.0,80.5,Good
2025-11-28,Katto 4,0.13,0.702,0.814,1.0,True,37.922,5.961,16.286,20.0,80.2,Good
2025-11-29,Katto 4,0.139,0.702,0.803,1.0,True,37.78,5.961,16.061,20.0,79.8,Good
2025-11-30,Katto 4,0.146,0.702,0.812,1.0,True,37.669,5.961,16.232,20.0,79.9,Good
2025-12-01,Katto 4,0.152,0.702,0.809,1.0,True,37.564,5.961,16.176,20.0,79.7,Good
2025-12-02,Katto 4,0.157,0.702,0.814,1.0,True,37.488,5.961,16.286,20.0,79.7,Good
2025-12-03,Katto 4,0.162,0.701,0.809,1.0,True,37.402,5.978,16.176,20.0,79.6,Good
2025-12-04,Katto 4,0.166,0.702,0.806,1.0,True,37.341,5.961,16.119,20.0,79.4,Good
2025-12-05,Katto 4,0.173,0.702,0.806,1.0,True,37.233,5.961,16.119,20.0,79.3,Good
2025-12-06,Katto 4,0.18,0.701,0.806,1.0,True,37.117,5.978,16.119,20.0,79.2,Good
2025-12-07,Katto 4,0.185,0.701,0.806,1.0,True,37.033,5.978,16.119,20.0,79.1,Good
2025-12-08,Katto 4,0.191,0.702,0.806,1.0,True,36.944,5.961,16.119,20.0,79.0,Good
2025-12-09,Katto 4,0.198,0.702,0.806,1.0,True,36.83,5.961,16.119,20.0,78.9,Good
2025-12-10,Katto 4,0.194,0.687,0.806,1.0,True,36.892,6.257,16.119,20.0,79.3,Good
2025-12-11,Katto 4,0.198,0.685,0.803,1.0,True,36.827,6.295,16.061,20.0,79.2,Good
2025-12-12,Katto 4,0.192,0.651,0.806,1.0,True,36.934,6.983,16.111,20.0,80.0,Good
2025-12-13,Katto 4,0.176,0.617,0.772,1.0,True,37.19,7.654,15.443,20.0,80.3,Good
2025-12-14,Katto 4,0.164,0.615,0.743,1.0,True,37.369,7.709,14.857,20.0,79.9,Good
2025-12-15,Katto 4,0.172,0.648,0.71,1.0,True,37.255,7.039,14.194,20.0,78.5,Good
2025-12-16,Katto 4,0.18,0.676,0.673,1.0,True,37.114,6.48,13.455,20.0,77.0,Good
2025-12-17,Katto 4,0.189,0.691,0.66,1.0,True,36.981,6.184,13.208,20.0,76.4,Good
2025-12-18,Katto 4,0.195,0.724,0.692,1.0,True,36.878,5.515,13.846,20.0,76.2,Good
2025-12-19,Katto 4,0.204,0.758,0.733,1.0,True,36.739,4.847,14.667,20.0,76.3,Good
2025-12-20,Katto 4,0.213,0.769,0.727,1.0,True,36.597,4.624,14.545,20.0,75.8,Good
2025-12-21,Katto 4,0.217,0.778,0.745,1.0,True,36.532,4.432,14.894,20.0,75.9,Good
2025-12-22,Katto 4,0.207,0.784,0.689,1.0,True,36.688,4.321,13.778,20.0,74.8,Good
2025-12-23,Katto 4,0.2,0.753,0.66,1.0,True,36.795,4.944,13.191,20.0,74.9,Good
2025-12-24,Katto 4,0.186,0.728,0.652,1.0,True,37.028,5.444,13.043,20.0,75.5,Good
2025-12-25,Katto 4,0.189,0.758,0.652,1.0,True,36.974,4.847,13.043,20.0,74.9,Good
2025-12-26,Katto 4,0.187,0.788,0.755,1.0,True,37.012,4.246,15.102,20.0,76.4,Good
2025-12-27,Katto 4,0.175,0.793,0.787,1.0,True,37.202,4.134,15.745,20.0,77.1,Good
2025-12-28,Katto 4,0.167,0.76,0.787,1.0,True,37.329,4.804,15.745,20.0,77.9,Good
2025-12-29,Katto 4,0.151,0.726,0.796,1.0,True,37.585,5.475,15.918,20.0,79.0,Good
2025-12-30,Katto 4,0.135,0.693,0.783,1.0,True,37.842,6.145,15.652,20.0,79.6,Good
2025-12-31,Katto 4,0.119,0.66,0.625,1.0,True,38.097,6.797,12.5,20.0,77.4,Good
2026-01-01,Katto 4,0.103,0.626,0.508,1.0,True,38.354,7.486,10.164,20.0,76.0,Good
2026-01-02,Katto 4,0.087,0.592,0.508,1.0,True,38.61,8.156,10.164,20.0,76.9,Good
2026-01-03,Katto 4,0.071,0.559,0.508,1.0,True,38.866,8.827,10.164,20.0,77.9,Good
2026-01-04,Katto 4,0.055,0.526,0.508,1.0,True,39.122,9.471,10.164,20.0,78.8,Good
2026-01-05,Katto 4,0.039,0.494,0.449,1.0,True,39.377,10.112,8.986,20.0,78.5,Good
2026-01-06,Katto 4,0.023,0.461,0.421,1.0,True,39.634,10.782,8.421,20.0,78.8,Good
2026-01-07,Katto 4,0.007,0.427,0.421,1.0,True,39.89,11.453,8.421,20.0,79.8,Good
2026-01-08,Katto 4,0.0,0.394,0.421,1.0,True,40.0,12.123,8.421,20.0,80.5,Good
2026-01-09,Katto 4,0.0,0.374,0.421,1.0,True,40.0,12.514,8.421,20.0,80.9,Good
2026-01-10,Katto 4,0.0,0.341,0.421,1.0,True,40.0,13.184,8.421,20.0,81.6,Good
2026-01-11,Katto 4,0.0,0.341,0.371,1.0,True,40.0,13.184,7.429,20.0,80.6,Good
2026-01-12,Katto 4,0.0,0.341,0.371,1.0,True,40.0,13.184,7.419,20.0,80.6,Good
2026-01-13,Katto 4,0.0,0.335,0.371,1.0,True,40.0,13.296,7.419,20.0,80.7,Good
2026-01-14,Katto 4,0.0,0.302,0.381,1.0,True,40.0,13.966,7.619,20.0,81.6,Good
2026-01-15,Katto 4,0.0,0.268,0.381,1.0,True,40.0,14.637,7.619,20.0,82.3,Good
2026-01-16,Katto 4,0.0,0.232,0.371,1.0,True,40.0,15.35,7.419,20.0,82.8,Good
2026-01-17,Katto 4,0.0,0.199,0.35,1.0,True,40.0,16.022,7.0,20.0,83.0,Good
2026-01-18,Katto 4,0.0,0.165,0.35,1.0,True,40.0,16.695,7.0,20.0,83.7,Good
2026-01-19,Katto 4,0.0,0.132,0.35,1.0,True,40.0,17.367,7.0,20.0,84.4,Good
2026-01-20,Katto 4,0.0,0.098,0.316,1.0,True,40.0,18.039,6.316,20.0,84.4,Good
2026-01-21,Katto 4,0.0,0.081,0.333,1.0,True,40.0,18.375,6.667,20.0,85.0,Certified dry
2026-01-22,Katto 4,0.0,0.081,0.32,1.0,True,40.0,18.38,6.4,20.0,84.8,Good
2026-01-23,Katto 4,0.0,0.078,0.306,1.0,True,40.0,18.436,6.122,20.0,84.6,Good
2026-01-24,Katto 4,0.0,0.047,0.244,1.0,True,40.0,19.053,4.889,20.0,83.9,Good
2026-01-25,Katto 4,0.0,0.019,0.098,1.0,True,40.0,19.61,1.951,20.0,81.6,Good
2026-01-26,Katto 4,0.0,0.0,0.095,1.0,True,40.0,20.0,1.905,20.0,81.9,Good
2026-01-27,Katto 4,0.0,0.0,0.095,1.0,True,40.0,20.0,1.905,20.0,81.9,Good
2026-01-28,Katto 4,0.0,0.0,0.05,1.0,True,40.0,20.0,1.0,20.0,81.0,Good
2026-01-29,Katto 4,0.0,0.0,0.05,1.0,True,40.0,20.0,1.0,20.0,81.0,Good
2026-01-30,Katto 4,0.0,0.0,0.069,1.0,True,40.0,20.0,1.379,20.0,81.4,Good
2026-01-31,Katto 4,0.0,0.0,0.1,1.0,True,40.0,20.0,2.0,20.0,82.0,Good
2026-02-01,Katto 4,0.0,0.0,0.1,1.0,True,40.0,20.0,2.0,20.0,82.0,Good
2026-02-02,Katto 4,0.0,0.0,0.1,1.0,True,40.0,20.0,2.0,20.0,82.0,Good
2026-02-03,Katto 4,0.0,0.0,0.1,1.0,True,40.0,20.0,2.0,20.0,82.0,Good
2026-02-04,Katto 4,0.0,0.0,0.167,1.0,True,40.0,20.0,3.333,20.0,83.3,Good
2026-02-05,Katto 4,0.0,0.0,0.2,1.0,True,40.0,20.0,4.0,20.0,84.0,Good
2026-02-06,Katto 4,0.0,0.0,0.2,1.0,True,40.0,20.0,4.0,20.0,84.0,Good
2026-02-07,Katto 4,0.0,0.0,0.2,1.0,True,40.0,20.0,4.0,20.0,84.0,Good
2026-02-08,Katto 4,0.0,0.0,0.2,1.0,True,40.0,20.0,4.0,20.0,84.0,Good
2026-02-09,Katto 4,0.0,0.0,0.3,1.0,True,40.0,20.0,6.0,20.0,86.0,Certified dry
2026-02-10,Katto 4,0.0,0.0,0.364,1.0,True,40.0,20.0,7.273,20.0,87.3,Certified dry
2026-02-11,Katto 4,0.0,0.0,0.364,1.0,True,40.0,20.0,7.273,20.0,87.3,Certified dry
2026-02-12,Katto 4,0.0,0.0,0.364,1.0,True,40.0,20.0,7.273,20.0,87.3,Certified dry
2026-02-13,Katto 4,0.0,0.0,0.3,1.0,True,40.0,20.0,6.0,20.0,86.0,Certified dry
2026-02-14,Katto 4,0.0,0.0,0.3,1.0,True,40.0,20.0,6.0,20.0,86.0,Certified dry
2026-02-15,Katto 4,0.0,0.0,0.231,1.0,True,40.0,20.0,4.615,20.0,84.6,Good
2026-02-16,Katto 4,0.0,0.0,0.231,1.0,True,40.0,20.0,4.615,20.0,84.6,Good
2026-02-17,Katto 4,0.0,0.0,0.263,1.0,True,40.0,20.0,5.263,20.0,85.3,Certified dry
2026-02-18,Katto 4,0.0,0.0,0.25,1.0,True,40.0,20.0,5.0,20.0,85.0,Certified dry
2026-02-19,Katto 4,0.0,0.0,0.25,1.0,True,40.0,20.0,5.0,20.0,85.0,Certified dry
2026-02-20,Katto 4,0.0,0.0,0.375,1.0,True,40.0,20.0,7.5,20.0,87.5,Certified dry
2026-02-21,Katto 4,0.0,0.0,0.423,1.0,True,40.0,20.0,8.462,20.0,88.5,Certified dry
2026-02-22,Katto 4,0.0,0.0,0.423,1.0,True,40.0,20.0,8.462,20.0,88.5,Certified dry
2026-02-23,Katto 4,0.0,0.0,0.467,1.0,True,40.0,20.0,9.333,20.0,89.3,Certified dry
2026-02-24,Katto 4,0.0,0.0,0.552,1.0,True,40.0,20.0,11.034,20.0,91.0,Certified dry
2026-02-25,Katto 4,0.0,0.0,0.636,1.0,True,40.0,20.0,12.727,20.0,92.7,Certified dry
2026-02-26,Katto 4,0.0,0.006,0.647,1.0,True,39.996,19.889,12.941,20.0,92.8,Certified dry
2026-02-27,Katto 4,0.003,0.039,0.647,1.0,True,39.951,19.22,12.941,20.0,92.1,Certified dry
2026-02-28,Katto 4,0.003,0.07,0.647,1.0,True,39.945,18.607,12.941,20.0,91.5,Certified dry
2026-03-01,Katto 4,0.002,0.092,0.647,1.0,True,39.973,18.167,12.941,20.0,91.1,Certified dry
2026-03-02,Katto 4,0.0,0.111,0.657,1.0,False,40.0,17.778,13.143,15.0,85.9,Certified dry
2026-03-03,Katto 4,0.001,0.125,0.657,1.0,False,39.981,17.5,13.143,15.0,85.6,Certified dry
2026-03-04,Katto 4,0.0,0.128,0.721,1.0,False,40.0,17.444,14.419,15.0,86.9,Certified dry
2026-03-05,Katto 4,0.0,0.128,0.765,1.0,False,40.0,17.444,15.294,15.0,87.7,Certified dry
2026-03-06,Katto 4,0.0,0.128,0.803,1.0,False,40.0,17.444,16.066,15.0,88.5,Certified dry
2026-03-07,Katto 4,0.0,0.128,0.831,1.0,False,40.0,17.444,16.62,15.0,89.1,Certified dry
2026-03-08,Katto 4,0.0,0.128,0.852,1.0,False,40.0,17.444,17.037,15.0,89.5,Certified dry
2026-03-09,Katto 4,0.0,0.147,0.865,1.0,False,40.0,17.056,17.303,15.0,89.4,Certified dry
2026-03-10,Katto 4,0.0,0.156,0.872,1.0,False,40.0,16.889,17.447,15.0,89.3,Certified dry
2026-03-11,Katto 4,0.001,0.167,0.909,1.0,False,39.982,16.667,18.182,15.0,89.8,Certified dry
2026-03-12,Katto 4,0.007,0.2,0.912,1.0,False,39.892,16.0,18.235,15.0,89.1,Certified dry
2026-03-13,Katto 4,0.0,0.214,0.918,1.0,False,39.997,15.722,18.364,15.0,89.1,Certified dry
2026-03-14,Katto 4,0.0,0.222,0.924,1.0,False,40.0,15.556,18.475,15.0,89.0,Certified dry
2026-03-15,Katto 4,0.0,0.228,0.928,1.0,False,40.0,15.444,18.56,15.0,89.0,Certified dry
2026-03-16,Katto 4,0.0,0.228,0.931,1.0,False,40.0,15.444,18.615,15.0,89.1,Certified dry
2026-03-17,Katto 4,0.0,0.25,0.954,1.0,False,40.0,15.0,19.084,15.0,89.1,Certified dry
2026-03-18,Katto 4,0.001,0.272,0.955,1.0,False,39.982,14.556,19.098,15.0,88.6,Certified dry
2026-03-19,Katto 4,0.0,0.303,0.985,1.0,False,40.0,13.944,19.699,15.0,88.6,Certified dry
2026-03-20,Katto 4,0.0,0.303,0.993,1.0,False,40.0,13.944,19.858,15.0,88.8,Certified dry
2026-03-21,Katto 4,0.0,0.303,0.993,1.0,False,40.0,13.944,19.868,15.0,88.8,Certified dry
2026-03-22,Katto 4,0.0,0.303,0.994,1.0,False,40.0,13.944,19.872,15.0,88.8,Certified dry
2026-03-23,Katto 4,0.0,0.303,0.994,1.0,False,40.0,13.944,19.877,15.0,88.8,Certified dry
2026-03-24,Katto 4,0.0,0.303,0.994,1.0,False,40.0,13.944,19.884,15.0,88.8,Certified dry
2026-03-25,Katto 4,0.0,0.319,1.0,1.0,False,40.0,13.611,20.0,15.0,88.6,Certified dry
2026-03-26,Katto 4,0.0,0.325,1.0,1.0,False,40.0,13.5,20.0,15.0,88.5,Certified dry
2026-03-27,Katto 4,0.0,0.333,1.0,1.0,False,40.0,13.333,20.0,15.0,88.3,Certified dry
2026-03-28,Katto 4,0.0,0.331,1.0,1.0,False,40.0,13.389,20.0,15.0,88.4,Certified dry
2026-03-29,Katto 4,0.0,0.306,1.0,1.0,False,39.998,13.872,20.0,15.0,88.9,Certified dry
2026-03-30,Katto 4,0.0,0.281,1.0,1.0,False,40.0,14.373,20.0,15.0,89.4,Certified dry
2026-03-31,Katto 4,0.0,0.259,1.0,1.0,False,40.0,14.819,20.0,15.0,89.8,Certified dry
2026-04-01,Katto 4,0.0,0.24,1.0,1.0,False,40.0,15.209,20.0,15.0,90.2,Certified dry
2026-04-02,Katto 4,0.003,0.253,1.0,1.0,False,39.958,14.93,20.0,15.0,89.9,Certified dry
2026-04-03,Katto 4,0.001,0.276,1.0,1.0,False,39.977,14.485,20.0,15.0,89.5,Certified dry
2026-04-04,Katto 4,0.006,0.309,1.0,1.0,False,39.905,13.816,20.0,15.0,88.7,Certified dry
2026-04-05,Katto 4,0.002,0.332,1.0,1.0,False,39.974,13.352,20.0,15.0,88.3,Certified dry
2026-04-06,Katto 4,0.004,0.36,1.0,1.0,False,39.941,12.793,20.0,15.0,87.7,Certified dry
2026-04-07,Katto 4,0.0,0.372,1.0,1.0,False,40.0,12.57,20.0,15.0,87.6,Certified dry
2026-04-08,Katto 4,0.0,0.352,1.0,1.0,False,40.0,12.961,20.0,15.0,88.0,Certified dry
2026-04-09,Katto 4,0.0,0.344,1.0,1.0,False,40.0,13.128,20.0,15.0,88.1,Certified dry
2026-04-10,Katto 4,0.0,0.332,1.0,1.0,False,40.0,13.352,20.0,15.0,88.4,Certified dry
2026-04-11,Katto 4,0.0,0.299,1.0,1.0,False,40.0,14.022,20.0,15.0,89.0,Certified dry
2026-04-12,Katto 4,0.0,0.288,1.0,1.0,False,40.0,14.246,20.0,15.0,89.2,Certified dry
2026-04-13,Katto 4,0.0,0.277,1.0,1.0,False,40.0,14.469,20.0,15.0,89.5,Certified dry
2026-04-14,Katto 4,0.0,0.271,1.0,1.0,False,40.0,14.581,20.0,15.0,89.6,Certified dry
2026-04-15,Katto 4,0.0,0.271,1.0,1.0,False,40.0,14.581,20.0,15.0,89.6,Certified dry
2026-04-16,Katto 4,0.0,0.249,1.0,1.0,False,40.0,15.028,20.0,15.0,90.0,Certified dry
2026-04-17,Katto 4,0.0,0.226,1.0,1.0,False,40.0,15.475,20.0,15.0,90.5,Certified dry
2026-04-18,Katto 4,0.0,0.196,1.0,1.0,False,40.0,16.089,20.0,15.0,91.1,Certified dry
2026-04-19,Katto 4,0.0,0.196,1.0,1.0,False,40.0,16.089,20.0,15.0,91.1,Certified dry
2026-04-20,Katto 4,0.0,0.196,1.0,1.0,False,40.0,16.089,20.0,15.0,91.1,Certified dry
2026-04-21,Katto 4,0.0,0.196,1.0,1.0,False,40.0,16.089,20.0,15.0,91.1,Certified dry
2026-04-22,Katto 4,0.0,0.196,1.0,1.0,False,40.0,16.089,20.0,15.0,91.1,Certified dry
2026-04-23,Katto 4,0.0,0.196,1.0,1.0,False,40.0,16.089,20.0,15.0,91.1,Certified dry
2026-04-24,Katto 4,0.0,0.179,1.0,1.0,False,40.0,16.425,20.0,15.0,91.4,Certified dry
2026-04-25,Katto 4,0.0,0.173,1.0,1.0,False,40.0,16.536,20.0,15.0,91.5,Certified dry
2026-04-26,Katto 4,0.0,0.165,1.0,1.0,False,40.0,16.704,20.0,15.0,91.7,Certified dry
2026-04-27,Katto 4,0.0,0.162,1.0,1.0,False,40.0,16.76,20.0,15.0,91.8,Certified dry
2026-04-28,Katto 4,0.0,0.156,1.0,1.0,False,40.0,16.88,20.0,15.0,91.9,Certified dry
2026-04-29,Katto 4,0.0,0.148,1.0,1.0,False,40.0,17.047,20.0,15.0,92.0,Certified dry
2026-04-30,Katto 4,0.0,0.148,1.0,1.0,False,40.0,17.047,20.0,15.0,92.0,Certified dry
2026-05-01,Katto 4,0.0,0.148,1.0,1.0,False,40.0,17.047,20.0,15.0,92.0,Certified dry
2026-05-02,Katto 4,0.0,0.123,1.0,1.0,False,40.0,17.549,20.0,15.0,92.5,Certified dry
2026-05-03,Katto 4,0.0,0.095,1.0,1.0,False,40.0,18.101,20.0,15.0,93.1,Certified dry
2026-05-04,Katto 4,0.0,0.067,1.0,1.0,False,39.994,18.659,20.0,15.0,93.7,Certified dry
2026-05-05,Katto 4,0.0,0.05,1.0,1.0,False,40.0,18.997,20.0,15.0,94.0,Certified dry
2026-05-06,Katto 4,0.0,0.022,1.0,1.0,False,40.0,19.554,20.0,15.0,94.6,Certified dry
2026-05-07,Katto 4,0.0,0.011,1.0,1.0,False,40.0,19.777,20.0,15.0,94.8,Certified dry
2026-05-08,Katto 4,0.0,0.011,1.0,1.0,False,40.0,19.777,20.0,15.0,94.8,Certified dry
2026-05-09,Katto 4,0.0,0.011,1.0,1.0,False,40.0,19.778,20.0,15.0,94.8,Certified dry
2026-05-10,Katto 4,0.0,0.011,1.0,1.0,False,40.0,19.778,20.0,15.0,94.8,Certified dry
2026-05-11,Katto 4,0.0,0.011,1.0,1.0,False,40.0,19.777,20.0,15.0,94.8,Certified dry
2026-05-12,Katto 4,0.0,0.011,1.0,1.0,False,40.0,19.777,20.0,15.0,94.8,Certified dry
2026-05-13,Katto 4,0.002,0.022,1.0,1.0,False,39.972,19.553,20.0,15.0,94.5,Certified dry
2026-05-14,Katto 4,0.0,0.031,1.0,1.0,False,40.0,19.385,20.0,15.0,94.4,Certified dry
2026-05-15,Katto 4,0.0,0.031,1.0,1.0,False,40.0,19.385,20.0,15.0,94.4,Certified dry
2026-05-16,Katto 4,0.0,0.031,1.0,1.0,False,40.0,19.385,20.0,15.0,94.4,Certified dry
2026-05-17,Katto 4,0.0,0.031,1.0,1.0,False,40.0,19.385,20.0,15.0,94.4,Certified dry
2026-05-18,Katto 4,0.0,0.031,1.0,1.0,False,40.0,19.385,20.0,15.0,94.4,Certified dry
2026-05-19,Katto 4,0.0,0.039,1.0,1.0,False,39.997,19.218,20.0,15.0,94.2,Certified dry
2026-05-20,Katto 4,0.0,0.056,1.0,1.0,False,39.997,18.883,20.0,15.0,93.9,Certified dry
2026-05-21,Katto 4,0.0,0.07,1.0,1.0,False,39.995,18.603,20.0,15.0,93.6,Certified dry
2026-05-22,Katto 4,0.001,0.092,1.0,1.0,False,39.981,18.156,20.0,15.0,93.1,Certified dry
2026-05-23,Katto 4,0.0,0.104,1.0,1.0,False,39.996,17.927,20.0,15.0,92.9,Certified dry
2026-05-24,Katto 4,0.0,0.109,1.0,1.0,False,40.0,17.815,20.0,15.0,92.8,Certified dry
2026-05-25,Katto 4,0.0,0.109,1.0,1.0,False,40.0,17.821,20.0,15.0,92.8,Certified dry
2026-05-26,Katto 4,0.0,0.109,1.0,1.0,False,40.0,17.815,20.0,15.0,92.8,Certified dry
2026-05-27,Katto 4,0.0,0.109,1.0,1.0,False,40.0,17.815,20.0,15.0,92.8,Certified dry
2026-05-28,Katto 4,0.0,0.109,1.0,1.0,False,40.0,17.815,20.0,15.0,92.8,Certified dry
2026-05-29,Katto 4,0.0,0.109,1.0,1.0,False,40.0,17.821,20.0,15.0,92.8,Certified dry
2026-05-30,Katto 4,0.0,0.109,1.0,1.0,False,40.0,17.821,20.0,15.0,92.8,Certified dry
2026-05-31,Katto 4,0.0,0.115,1.0,1.0,False,40.0,17.709,20.0,15.0,92.7,Certified dry
2026-06-01,Katto 4,0.0,0.115,1.0,1.0,False,40.0,17.703,20.0,15.0,92.7,Certified dry
2026-06-02,Katto 4,0.0,0.115,1.0,1.0,False,40.0,17.703,20.0,15.0,92.7,Certified dry
2026-06-03,Katto 4,0.0,0.112,1.0,1.0,False,40.0,17.759,20.0,15.0,92.8,Certified dry
2026-06-04,Katto 4,0.0,0.104,1.0,1.0,False,40.0,17.927,20.0,15.0,92.9,Certified dry
2026-06-05,Katto 4,0.0,0.112,1.0,1.0,False,39.994,17.753,20.0,15.0,92.7,Certified dry
2026-06-06,Katto 4,0.008,0.146,1.0,1.0,False,39.869,17.079,20.0,15.0,91.9,Certified dry
2026-06-07,Katto 4,0.0,0.16,1.0,1.0,False,39.994,16.798,20.0,15.0,91.8,Certified dry
2026-06-08,Katto 4,0.0,0.163,1.0,1.0,False,40.0,16.742,20.0,15.0,91.7,Certified dry
2026-06-09,Katto 4,0.002,0.183,1.0,1.0,False,39.973,16.348,20.0,15.0,91.3,Certified dry
2026-06-10,Katto 4,0.0,0.196,1.0,1.0,False,39.998,16.078,20.0,15.0,91.1,Certified dry
2026-06-11,Katto 4,0.003,0.208,1.0,1.0,False,39.959,15.843,20.0,15.0,90.8,Certified dry
2026-06-12,Katto 4,0.0,0.219,1.0,1.0,False,39.995,15.618,20.0,15.0,90.6,Certified dry
2026-06-13,Katto 4,0.003,0.233,1.0,1.0,False,39.951,15.337,20.0,15.0,90.3,Certified dry
2026-06-14,Katto 4,0.002,0.261,1.0,1.0,False,39.972,14.775,20.0,15.0,89.7,Certified dry
2026-06-15,Katto 4,0.007,0.295,1.0,1.0,False,39.893,14.101,20.0,15.0,89.0,Certified dry
2026-06-16,Katto 4,0.0,0.303,1.0,1.0,False,39.998,13.933,20.0,15.0,88.9,Certified dry
2026-06-17,Katto 4,0.0,0.331,1.0,1.0,False,39.999,13.371,20.0,15.0,88.4,Certified dry
2026-06-18,Katto 4,0.0,0.329,1.0,1.0,False,40.0,13.427,20.0,15.0,88.4,Certified dry
2026-06-19,Katto 4,0.0,0.312,1.0,1.0,False,40.0,13.764,20.0,15.0,88.8,Certified dry
2026-06-20,Katto 4,0.0,0.298,1.0,1.0,False,40.0,14.045,20.0,15.0,89.0,Certified dry
2026-06-21,Katto 4,0.0,0.281,1.0,1.0,False,40.0,14.382,20.0,15.0,89.4,Certified dry
2026-06-22,Katto 4,0.0,0.269,1.0,1.0,False,40.0,14.622,20.0,15.0,89.6,Certified dry
2026-06-23,Katto 4,0.0,0.261,1.0,1.0,False,40.0,14.79,20.0,15.0,89.8,Certified dry
2026-06-24,Katto 4,0.0,0.269,1.0,1.0,False,40.0,14.622,20.0,15.0,89.6,Certified dry
2026-06-25,Katto 4,0.0,0.275,1.0,1.0,False,39.994,14.51,20.0,15.0,89.5,Certified dry
2026-06-26,Katto 4,0.0,0.286,1.0,1.0,False,39.997,14.286,20.0,15.0,89.3,Certified dry
2026-06-27,Katto 4,0.0,0.291,1.0,1.0,False,40.0,14.174,20.0,15.0,89.2,Certified dry
2026-06-28,Katto 4,0.002,0.303,1.0,1.0,False,39.973,13.95,20.0,15.0,88.9,Certified dry
2026-06-29,Katto 4,0.0,0.308,1.0,1.0,False,40.0,13.838,20.0,15.0,88.8,Certified dry
2026-06-30,Katto 4,0.0,0.308,1.0,1.0,False,40.0,13.838,20.0,15.0,88.8,Certified dry
2026-07-01,Katto 4,0.0,0.307,1.0,1.0,False,40.0,13.855,20.0,15.0,88.9,Certified dry
2026-07-02,Katto 4,0.002,0.328,1.0,1.0,False,39.976,13.445,20.0,15.0,88.4,Certified dry
2026-07-03,Katto 4,0.006,0.361,1.0,1.0,False,39.906,12.773,20.0,15.0,87.7,Certified dry
2026-07-04,Katto 4,0.004,0.389,1.0,1.0,False,39.938,12.213,20.0,15.0,87.2,Certified dry
2026-07-05,Katto 4,0.012,0.413,1.0,1.0,False,39.808,11.732,20.0,15.0,86.5,Certified dry
2026-07-06,Katto 4,0.007,0.399,1.0,1.0,False,39.881,12.011,20.0,15.0,86.9,Certified dry
2026-07-07,Katto 4,0.014,0.419,1.0,1.0,False,39.782,11.62,20.0,15.0,86.4,Certified dry
2026-07-08,Katto 4,0.006,0.436,1.0,1.0,False,39.91,11.285,20.0,15.0,86.2,Certified dry
2026-07-09,Katto 4,0.006,0.447,1.0,1.0,False,39.898,11.061,20.0,15.0,86.0,Certified dry
2026-07-10,Katto 4,0.0,0.443,1.0,1.0,False,39.995,11.142,20.0,15.0,86.1,Certified dry
2026-07-11,Katto 4,0.005,0.439,1.0,1.0,False,39.924,11.222,20.0,15.0,86.1,Certified dry
2026-07-12,Katto 4,0.003,0.444,1.0,1.0,False,39.951,11.111,20.0,15.0,86.1,Certified dry
2026-07-13,Katto 4,0.0,0.437,1.0,1.0,False,40.0,11.253,20.0,15.0,86.3,Certified dry
2026-07-14,Katto 4,0.0,0.418,1.0,1.0,False,39.997,11.643,20.0,15.0,86.6,Certified dry
2026-07-15,Katto 4,0.0,0.391,1.0,1.0,False,40.0,12.179,20.0,15.0,87.2,Certified dry
2026-07-16,Katto 4,0.0,0.384,1.0,1.0,False,39.999,12.325,20.0,15.0,87.3,Certified dry
2026-07-17,Katto 4,0.0,0.36,1.0,1.0,False,39.999,12.809,20.0,15.0,87.8,Certified dry
2026-07-18,Katto 4,0.002,0.371,1.0,1.0,False,39.965,12.584,20.0,15.0,87.5,Certified dry
2026-07-19,Katto 4,0.0,0.38,1.0,1.0,False,40.0,12.394,20.0,15.0,87.4,Certified dry
2026-07-20,Katto 4,0.0,0.38,1.0,1.0,False,40.0,12.394,20.0,15.0,87.4,Certified dry
2026-07-21,Katto 4,0.001,0.386,1.0,1.0,False,39.988,12.282,20.0,15.0,87.3,Certified dry
2026-07-22,Katto 4,0.0,0.394,1.0,1.0,False,40.0,12.113,20.0,15.0,87.1,Certified dry
2026-07-23,Katto 4,0.001,0.417,1.0,1.0,False,39.985,11.662,20.0,15.0,86.6,Certified dry
2026-07-24,Katto 4,0.0,0.414,1.0,1.0,False,40.0,11.718,20.0,15.0,86.7,Certified dry
2026-07-25,Katto 4,0.001,0.431,1.0,1.0,False,39.981,11.38,20.0,15.0,86.4,Certified dry
2026-07-26,Katto 4,0.001,0.451,1.0,1.0,False,39.98,10.986,20.0,15.0,86.0,Certified dry
2026-07-27,Katto 4,0.005,0.469,1.0,1.0,False,39.925,10.621,20.0,15.0,85.5,Certified dry
2026-07-28,Katto 4,0.001,0.475,1.0,1.0,False,39.99,10.508,20.0,15.0,85.5,Certified dry
2026-07-29,Katto 4,0.0,0.477,1.0,1.0,False,39.998,10.452,20.0,15.0,85.5,Certified dry
2026-07-30,Katto 4,0.001,0.484,1.0,1.0,False,39.986,10.312,20.0,15.0,85.3,Certified dry
2026-07-31,Katto 4,0.003,0.507,1.0,1.0,False,39.948,9.858,20.0,15.0,84.8,Good
2026-08-01,Katto 4,0.0,0.499,1.0,1.0,False,39.998,10.028,20.0,15.0,85.0,Certified dry
2026-08-02,Katto 4,0.0,0.476,1.0,1.0,False,39.996,10.482,20.0,15.0,85.5,Certified dry
2026-08-03,Katto 4,0.0,0.455,1.0,1.0,False,39.998,10.909,20.0,15.0,85.9,Certified dry
2026-08-04,Katto 4,0.0,0.435,1.0,1.0,False,39.996,11.307,20.0,15.0,86.3,Certified dry
2026-08-05,Katto 4,0.0,0.426,1.0,1.0,False,39.998,11.477,20.0,15.0,86.5,Certified dry
2026-08-06,Katto 4,0.001,0.409,1.0,1.0,False,39.984,11.818,20.0,15.0,86.8,Certified dry
2026-08-07,Katto 4,0.0,0.395,1.0,1.0,False,40.0,12.102,20.0,15.0,87.1,Certified dry
2026-08-08,Katto 4,0.0,0.369,1.0,1.0,False,39.999,12.614,20.0,15.0,87.6,Certified dry
2026-08-09,Katto 4,0.001,0.375,1.0,1.0,False,39.992,12.5,20.0,15.0,87.5,Certified dry
2026-08-10,Katto 4,0.004,0.386,1.0,1.0,False,39.931,12.273,20.0,15.0,87.2,Certified dry
2026-08-11,Katto 4,0.0,0.381,1.0,1.0,False,39.993,12.386,20.0,15.0,87.4,Certified dry
2026-08-12,Katto 4,0.0,0.371,1.0,1.0,False,39.999,12.578,20.0,15.0,87.6,Certified dry
2026-08-13,Katto 4,0.0,0.371,1.0,1.0,False,39.999,12.578,20.0,15.0,87.6,Certified dry
2026-08-14,Katto 4,0.001,0.379,1.0,1.0,False,39.99,12.429,20.0,15.0,87.4,Certified dry
2026-08-15,Katto 4,0.0,0.391,1.0,1.0,False,39.997,12.181,20.0,15.0,87.2,Certified dry
2026-08-16,Katto 4,0.002,0.405,1.0,1.0,False,39.975,11.898,20.0,15.0,86.9,Certified dry
2026-08-17,Katto 4,0.0,0.405,1.0,1.0,False,39.996,11.898,20.0,15.0,86.9,Certified dry
2026-08-18,Katto 4,0.0,0.407,1.0,1.0,False,39.995,11.864,20.0,15.0,86.9,Certified dry
2026-08-19,Katto 4,0.0,0.418,1.0,1.0,False,39.999,11.638,20.0,15.0,86.6,Certified dry
2026-08-20,Katto 4,0.005,0.436,1.0,1.0,False,39.914,11.275,20.0,15.0,86.2,Certified dry
2026-08-21,Katto 4,0.001,0.445,1.0,1.0,False,39.987,11.105,20.0,15.0,86.1,Certified dry
2026-08-22,Katto 4,0.004,0.445,1.0,1.0,False,39.932,11.105,20.0,15.0,86.0,Certified dry
2026-08-23,Katto 4,0.014,0.473,1.0,1.0,False,39.775,10.538,20.0,15.0,85.3,Certified dry
2026-08-24,Katto 4,0.013,0.479,1.0,1.0,False,39.796,10.425,20.0,15.0,85.2,Certified dry
2026-08-25,Katto 4,0.007,0.462,1.0,1.0,False,39.893,10.765,20.0,15.0,85.7,Certified dry
2026-08-26,Katto 4,0.001,0.455,1.0,1.0,False,39.991,10.904,20.0,15.0,85.9,Certified dry
2026-08-27,Katto 4,0.0,0.449,1.0,1.0,False,39.996,11.017,20.0,15.0,86.0,Certified dry
2026-08-28,Katto 4,0.001,0.46,1.0,1.0,False,39.987,10.791,20.0,15.0,85.8,Certified dry
2026-08-29,Katto 4,0.0,0.46,1.0,1.0,False,39.995,10.791,20.0,15.0,85.8,Certified dry
2026-08-30,Katto 4,0.007,0.472,1.0,1.0,False,39.885,10.565,20.0,15.0,85.4,Certified dry
2026-08-31,Katto 4,0.019,0.493,1.0,1.0,False,39.688,10.141,20.0,15.0,84.8,Good
2026-09-01,Katto 4,0.017,0.504,1.0,1.0,False,39.721,9.915,20.0,15.0,84.6,Good
2026-09-02,Katto 4,0.013,0.517,1.0,1.0,False,39.794,9.663,20.0,15.0,84.5,Good
2026-09-03,Katto 4,0.008,0.517,1.0,1.0,False,39.878,9.663,20.0,15.0,84.5,Good
2026-09-04,Katto 4,0.001,0.525,1.0,1.0,False,39.983,9.494,20.0,15.0,84.5,Good
2026-09-05,Katto 4,0.0,0.525,1.0,1.0,False,39.993,9.494,20.0,15.0,84.5,Good
2026-09-06,Katto 4,0.0,0.525,1.0,1.0,False,40.0,9.494,20.0,15.0,84.5,Good
2026-09-07,Katto 4,0.001,0.531,1.0,1.0,False,39.977,9.382,20.0,15.0,84.4,Good
2026-09-08,Katto 4,0.011,0.551,1.0,1.0,False,39.831,8.989,20.0,15.0,83.8,Good
2026-09-09,Katto 4,0.023,0.565,1.0,1.0,False,39.638,8.708,20.0,15.0,83.3,Good
2026-09-10,Katto 4,0.021,0.57,1.0,1.0,False,39.66,8.596,20.0,15.0,83.3,Good
2026-09-11,Katto 4,0.024,0.57,1.0,1.0,False,39.623,8.596,20.0,15.0,83.2,Good
2025-05-13,Viherkatto 1,0.0,0.0,1.0,0.0,True,40.0,20.0,20.0,5.0,85.0,Certified dry
2025-05-14,Viherkatto 1,0.0,0.0,1.0,0.0,True,40.0,20.0,20.0,5.0,85.0,Certified dry
2025-05-15,Viherkatto 1,0.0,0.0,1.0,0.0,True,40.0,20.0,20.0,5.0,85.0,Certified dry
2025-05-16,Viherkatto 1,0.0,0.0,1.0,0.0,True,40.0,20.0,20.0,5.0,85.0,Certified dry
2025-05-17,Viherkatto 1,0.0,0.0,1.0,0.0,True,40.0,20.0,20.0,5.0,85.0,Certified dry
2025-05-18,Viherkatto 1,0.0,0.0,1.0,0.0,True,40.0,20.0,20.0,5.0,85.0,Certified dry
2025-05-19,Viherkatto 1,0.0,0.0,1.0,0.0,True,40.0,20.0,20.0,5.0,85.0,Certified dry
2025-05-20,Viherkatto 1,0.0,0.0,1.0,0.0,True,40.0,20.0,20.0,5.0,85.0,Certified dry
2025-05-21,Viherkatto 1,0.0,0.0,1.0,0.0,True,40.0,20.0,20.0,5.0,85.0,Certified dry
2025-05-22,Viherkatto 1,0.0,0.0,1.0,0.0,True,40.0,20.0,20.0,5.0,85.0,Certified dry
2025-05-23,Viherkatto 1,0.0,0.0,1.0,0.0,True,40.0,20.0,20.0,5.0,85.0,Certified dry
2025-05-24,Viherkatto 1,0.0,0.0,1.0,0.0,True,40.0,20.0,20.0,5.0,85.0,Certified dry
2025-05-25,Viherkatto 1,0.0,0.0,1.0,0.0,True,40.0,20.0,20.0,5.0,85.0,Certified dry
2025-05-26,Viherkatto 1,0.0,0.0,1.0,0.0,True,40.0,20.0,20.0,5.0,85.0,Certified dry
2025-05-27,Viherkatto 1,0.0,0.0,1.0,0.0,True,40.0,20.0,20.0,5.0,85.0,Certified dry
2025-05-28,Viherkatto 1,0.0,0.0,1.0,0.0,True,40.0,20.0,20.0,5.0,85.0,Certified dry
2025-05-29,Viherkatto 1,0.0,0.0,1.0,0.0,True,40.0,20.0,20.0,5.0,85.0,Certified dry
2025-05-30,Viherkatto 1,0.0,0.0,1.0,0.0,True,40.0,20.0,20.0,5.0,85.0,Certified dry
2025-05-31,Viherkatto 1,0.0,0.0,1.0,0.0,True,40.0,20.0,20.0,5.0,85.0,Certified dry
2025-06-01,Viherkatto 1,0.0,0.0,1.0,0.0,True,40.0,20.0,20.0,5.0,85.0,Certified dry
2025-06-02,Viherkatto 1,0.0,0.0,1.0,0.0,True,40.0,20.0,20.0,5.0,85.0,Certified dry
2025-06-03,Viherkatto 1,0.0,0.0,1.0,0.0,True,40.0,20.0,20.0,5.0,85.0,Certified dry
2025-06-04,Viherkatto 1,0.0,0.0,1.0,0.0,True,40.0,20.0,20.0,5.0,85.0,Certified dry
2025-06-05,Viherkatto 1,0.0,0.0,1.0,0.0,True,40.0,20.0,20.0,5.0,85.0,Certified dry
2025-06-06,Viherkatto 1,0.0,0.0,1.0,0.0,True,40.0,20.0,20.0,5.0,85.0,Certified dry
2025-06-07,Viherkatto 1,0.0,0.0,1.0,0.0,True,40.0,20.0,20.0,5.0,85.0,Certified dry
2025-06-08,Viherkatto 1,0.0,0.0,1.0,0.0,True,40.0,20.0,20.0,5.0,85.0,Certified dry
2025-06-09,Viherkatto 1,0.0,0.0,1.0,0.0,True,40.0,20.0,20.0,5.0,85.0,Certified dry
2025-06-10,Viherkatto 1,0.0,0.0,1.0,0.0,True,40.0,20.0,20.0,5.0,85.0,Certified dry
2025-06-11,Viherkatto 1,0.0,0.0,1.0,0.0,True,40.0,20.0,20.0,5.0,85.0,Certified dry
2025-06-12,Viherkatto 1,0.0,0.0,1.0,0.0,True,40.0,20.0,20.0,5.0,85.0,Certified dry
2025-06-13,Viherkatto 1,0.0,0.0,1.0,0.0,True,40.0,20.0,20.0,5.0,85.0,Certified dry
2025-06-14,Viherkatto 1,0.0,0.0,1.0,0.0,True,40.0,20.0,20.0,5.0,85.0,Certified dry
2025-06-15,Viherkatto 1,0.0,0.0,1.0,0.0,True,40.0,20.0,20.0,5.0,85.0,Certified dry
2025-06-16,Viherkatto 1,0.0,0.0,1.0,0.0,True,40.0,20.0,20.0,5.0,85.0,Certified dry
2025-06-17,Viherkatto 1,0.0,0.0,1.0,0.0,True,40.0,20.0,20.0,5.0,85.0,Certified dry
2025-06-18,Viherkatto 1,0.0,0.0,1.0,0.011,True,40.0,20.0,20.0,5.169,85.2,Certified dry
2025-06-19,Viherkatto 1,0.0,0.006,1.0,0.045,True,39.999,19.888,20.0,5.672,85.6,Certified dry
2025-06-20,Viherkatto 1,0.0,0.014,1.0,0.078,True,40.0,19.721,20.0,6.173,85.9,Certified dry
2025-06-21,Viherkatto 1,0.0,0.017,1.0,0.112,True,40.0,19.665,20.0,6.676,86.3,Certified dry
2025-06-22,Viherkatto 1,0.0,0.02,1.0,0.145,True,40.0,19.609,20.0,7.179,86.8,Certified dry
2025-06-23,Viherkatto 1,0.0,0.022,1.0,0.179,True,40.0,19.553,20.0,7.682,87.2,Certified dry
2025-06-24,Viherkatto 1,0.0,0.031,1.0,0.212,True,40.0,19.385,20.0,8.184,87.6,Certified dry
2025-06-25,Viherkatto 1,0.0,0.047,1.0,0.246,True,40.0,19.05,20.0,8.687,87.7,Certified dry
2025-06-26,Viherkatto 1,0.0,0.047,1.0,0.279,True,40.0,19.05,20.0,9.19,88.2,Certified dry
2025-06-27,Viherkatto 1,0.0,0.053,1.0,0.312,True,40.0,18.942,20.0,9.68,88.6,Certified dry
2025-06-28,Viherkatto 1,0.0,0.064,1.0,0.346,True,40.0,18.715,20.0,10.196,88.9,Certified dry
2025-06-29,Viherkatto 1,0.0,0.073,1.0,0.38,True,40.0,18.547,20.0,10.698,89.2,Certified dry
2025-06-30,Viherkatto 1,0.0,0.075,1.0,0.413,True,40.0,18.492,20.0,11.201,89.7,Certified dry
2025-07-01,Viherkatto 1,0.0,0.078,1.0,0.446,True,40.0,18.44,20.0,11.685,90.1,Certified dry
2025-07-02,Viherkatto 1,0.0,0.081,1.0,0.478,True,40.0,18.38,20.0,12.165,90.5,Certified dry
2025-07-03,Viherkatto 1,0.0,0.084,1.0,0.511,True,40.0,18.324,20.0,12.668,91.0,Certified dry
2025-07-04,Viherkatto 1,0.0,0.084,1.0,0.545,True,40.0,18.324,20.0,13.17,91.5,Certified dry
2025-07-05,Viherkatto 1,0.0,0.087,1.0,0.578,True,40.0,18.268,20.0,13.673,91.9,Certified dry
2025-07-06,Viherkatto 1,0.0,0.098,1.0,0.612,True,40.0,18.045,20.0,14.176,92.2,Certified dry
2025-07-07,Viherkatto 1,0.0,0.115,1.0,0.648,True,40.0,17.709,20.0,14.721,92.4,Certified dry
2025-07-08,Viherkatto 1,0.0,0.128,1.0,0.679,True,40.0,17.43,20.0,15.182,92.6,Certified dry
2025-07-09,Viherkatto 1,0.0,0.134,1.0,0.709,True,40.0,17.318,20.0,15.642,93.0,Certified dry
2025-07-10,Viherkatto 1,0.0,0.137,1.0,0.748,True,40.0,17.255,20.0,16.218,93.5,Certified dry
2025-07-11,Viherkatto 1,0.0,0.137,1.0,0.779,True,40.0,17.255,20.0,16.681,93.9,Certified dry
2025-07-12,Viherkatto 1,0.0,0.151,1.0,0.81,True,40.0,16.983,20.0,17.151,94.1,Certified dry
2025-07-13,Viherkatto 1,0.0,0.159,1.0,0.844,True,40.0,16.816,20.0,17.654,94.5,Certified dry
2025-07-14,Viherkatto 1,0.0,0.165,1.0,0.877,True,40.0,16.704,20.0,18.156,94.9,Certified dry
2025-07-15,Viherkatto 1,0.0,0.17,1.0,0.913,True,40.0,16.592,20.0,18.701,95.3,Certified dry
2025-07-16,Viherkatto 1,0.0,0.179,1.0,0.947,True,40.0,16.425,20.0,19.204,95.6,Certified dry
2025-07-17,Viherkatto 1,0.0,0.184,1.0,0.978,True,40.0,16.313,20.0,19.665,96.0,Certified dry
2025-07-18,Viherkatto 1,0.0,0.184,1.0,1.0,True,40.0,16.323,20.0,20.0,96.3,Certified dry
2025-07-19,Viherkatto 1,0.0,0.184,1.0,1.0,True,40.0,16.313,20.0,20.0,96.3,Certified dry
2025-07-20,Viherkatto 1,0.0,0.173,1.0,1.0,True,40.0,16.536,20.0,20.0,96.5,Certified dry
2025-07-21,Viherkatto 1,0.0,0.17,1.0,1.0,True,40.0,16.592,20.0,20.0,96.6,Certified dry
2025-07-22,Viherkatto 1,0.0,0.176,1.0,1.0,True,40.0,16.48,20.0,20.0,96.5,Certified dry
2025-07-23,Viherkatto 1,0.0,0.179,1.0,1.0,True,40.0,16.425,20.0,20.0,96.4,Certified dry
2025-07-24,Viherkatto 1,0.0,0.176,1.0,1.0,True,40.0,16.48,20.0,20.0,96.5,Certified dry
2025-07-25,Viherkatto 1,0.0,0.165,1.0,1.0,True,40.0,16.704,20.0,20.0,96.7,Certified dry
2025-07-26,Viherkatto 1,0.0,0.17,1.0,1.0,True,40.0,16.592,20.0,20.0,96.6,Certified dry
2025-07-27,Viherkatto 1,0.0,0.168,1.0,1.0,True,40.0,16.648,20.0,20.0,96.6,Certified dry
2025-07-28,Viherkatto 1,0.0,0.159,1.0,1.0,True,40.0,16.816,20.0,20.0,96.8,Certified dry
2025-07-29,Viherkatto 1,0.0,0.151,1.0,1.0,True,40.0,16.983,20.0,20.0,97.0,Certified dry
2025-07-30,Viherkatto 1,0.0,0.151,1.0,1.0,True,40.0,16.975,20.0,20.0,97.0,Certified dry
2025-07-31,Viherkatto 1,0.0,0.148,1.0,1.0,True,40.0,17.031,20.0,20.0,97.0,Certified dry
2025-08-01,Viherkatto 1,0.0,0.145,1.0,1.0,True,40.0,17.095,20.0,20.0,97.1,Certified dry
2025-08-02,Viherkatto 1,0.0,0.146,1.0,1.0,True,40.0,17.087,20.0,20.0,97.1,Certified dry
2025-08-03,Viherkatto 1,0.0,0.154,1.0,1.0,True,40.0,16.919,20.0,20.0,96.9,Certified dry
2025-08-04,Viherkatto 1,0.0,0.157,1.0,1.0,True,40.0,16.863,20.0,20.0,96.9,Certified dry
2025-08-05,Viherkatto 1,0.0,0.151,1.0,1.0,True,40.0,16.975,20.0,20.0,97.0,Certified dry
2025-08-06,Viherkatto 1,0.0,0.143,1.0,1.0,True,40.0,17.143,20.0,20.0,97.1,Certified dry
2025-08-07,Viherkatto 1,0.0,0.134,1.0,1.0,True,40.0,17.311,20.0,20.0,97.3,Certified dry
2025-08-08,Viherkatto 1,0.0,0.134,1.0,1.0,True,40.0,17.318,20.0,20.0,97.3,Certified dry
2025-08-09,Viherkatto 1,0.0,0.137,1.0,1.0,True,40.0,17.263,20.0,20.0,97.3,Certified dry
2025-08-10,Viherkatto 1,0.0,0.142,1.0,1.0,True,40.0,17.151,20.0,20.0,97.2,Certified dry
2025-08-11,Viherkatto 1,0.0,0.137,1.0,1.0,True,40.0,17.255,20.0,20.0,97.3,Certified dry
2025-08-12,Viherkatto 1,0.0,0.14,1.0,1.0,True,40.0,17.199,20.0,20.0,97.2,Certified dry
2025-08-13,Viherkatto 1,0.0,0.14,1.0,1.0,True,40.0,17.199,20.0,20.0,97.2,Certified dry
2025-08-14,Viherkatto 1,0.0,0.14,1.0,1.0,True,40.0,17.199,20.0,20.0,97.2,Certified dry
2025-08-15,Viherkatto 1,0.0,0.137,1.0,1.0,True,40.0,17.255,20.0,20.0,97.3,Certified dry
2025-08-16,Viherkatto 1,0.0,0.135,1.0,1.0,True,40.0,17.303,20.0,20.0,97.3,Certified dry
2025-08-17,Viherkatto 1,0.0,0.143,1.0,1.0,True,40.0,17.143,20.0,20.0,97.1,Certified dry
2025-08-18,Viherkatto 1,0.0,0.14,1.0,1.0,True,40.0,17.207,20.0,20.0,97.2,Certified dry
2025-08-19,Viherkatto 1,0.0,0.145,1.0,1.0,True,40.0,17.095,20.0,20.0,97.1,Certified dry
2025-08-20,Viherkatto 1,0.0,0.148,1.0,1.0,True,40.0,17.039,20.0,20.0,97.0,Certified dry
2025-08-21,Viherkatto 1,0.0,0.145,1.0,1.0,True,40.0,17.095,20.0,20.0,97.1,Certified dry
2025-08-22,Viherkatto 1,0.0,0.145,1.0,1.0,True,40.0,17.095,20.0,20.0,97.1,Certified dry
2025-08-23,Viherkatto 1,0.0,0.145,1.0,1.0,True,40.0,17.095,20.0,20.0,97.1,Certified dry
2025-08-24,Viherkatto 1,0.0,0.146,1.0,1.0,True,40.0,17.087,20.0,20.0,97.1,Certified dry
2025-08-25,Viherkatto 1,0.0,0.151,1.0,1.0,True,40.0,16.975,20.0,20.0,97.0,Certified dry
2025-08-26,Viherkatto 1,0.0,0.157,1.0,1.0,True,40.0,16.863,20.0,20.0,96.9,Certified dry
2025-08-27,Viherkatto 1,0.0,0.157,1.0,1.0,True,40.0,16.854,20.0,20.0,96.9,Certified dry
2025-08-28,Viherkatto 1,0.0,0.16,1.0,1.0,True,40.0,16.798,20.0,20.0,96.8,Certified dry
2025-08-29,Viherkatto 1,0.002,0.185,1.0,1.0,True,39.963,16.292,20.0,20.0,96.3,Certified dry
2025-08-30,Viherkatto 1,0.009,0.219,1.0,1.0,True,39.864,15.618,20.0,20.0,95.5,Certified dry
2025-08-31,Viherkatto 1,0.013,0.253,1.0,1.0,True,39.798,14.944,20.0,20.0,94.7,Certified dry
2025-09-01,Viherkatto 1,0.007,0.263,1.0,1.0,True,39.895,14.734,20.0,20.0,94.6,Certified dry
2025-09-02,Viherkatto 1,0.0,0.275,1.0,1.0,True,39.999,14.51,20.0,20.0,94.5,Certified dry
2025-09-03,Viherkatto 1,0.0,0.294,1.0,1.0,True,39.994,14.118,20.0,20.0,94.1,Certified dry
2025-09-04,Viherkatto 1,0.0,0.303,1.0,1.0,True,40.0,13.95,20.0,20.0,93.9,Certified dry
2025-09-05,Viherkatto 1,0.0,0.305,1.0,1.0,True,40.0,13.894,20.0,20.0,93.9,Certified dry
2025-09-06,Viherkatto 1,0.0,0.314,1.0,1.0,True,40.0,13.725,20.0,20.0,93.7,Certified dry
2025-09-07,Viherkatto 1,0.0,0.328,1.0,1.0,True,39.999,13.445,20.0,20.0,93.4,Certified dry
2025-09-08,Viherkatto 1,0.0,0.339,1.0,1.0,True,40.0,13.221,20.0,20.0,93.2,Certified dry
2025-09-09,Viherkatto 1,0.0,0.341,1.0,1.0,True,40.0,13.184,20.0,20.0,93.2,Certified dry
2025-09-10,Viherkatto 1,0.0,0.341,1.0,1.0,True,40.0,13.184,20.0,20.0,93.2,Certified dry
2025-09-11,Viherkatto 1,0.0,0.338,1.0,1.0,True,40.0,13.24,20.0,20.0,93.2,Certified dry
2025-09-12,Viherkatto 1,0.001,0.346,1.0,1.0,True,39.983,13.073,20.0,20.0,93.1,Certified dry
2025-09-13,Viherkatto 1,0.0,0.358,1.0,1.0,True,40.0,12.849,20.0,20.0,92.8,Certified dry
2025-09-14,Viherkatto 1,0.005,0.38,1.0,1.0,True,39.916,12.402,20.0,20.0,92.3,Certified dry
2025-09-15,Viherkatto 1,0.011,0.411,1.0,1.0,True,39.826,11.788,20.0,20.0,91.6,Certified dry
2025-09-16,Viherkatto 1,0.01,0.426,1.0,1.0,True,39.842,11.476,20.0,20.0,91.3,Certified dry
2025-09-17,Viherkatto 1,0.003,0.451,1.0,1.0,True,39.954,10.975,20.0,20.0,90.9,Certified dry
2025-09-18,Viherkatto 1,0.0,0.464,1.0,1.0,True,40.0,10.726,20.0,20.0,90.7,Certified dry
2025-09-19,Viherkatto 1,0.0,0.474,1.0,1.0,True,40.0,10.529,20.0,20.0,90.5,Certified dry
2025-09-20,Viherkatto 1,0.004,0.497,1.0,1.0,True,39.944,10.056,20.0,20.0,90.0,Certified dry
2025-09-21,Viherkatto 1,0.0,0.511,1.0,1.0,True,39.995,9.777,20.0,20.0,89.8,Certified dry
2025-09-22,Viherkatto 1,0.0,0.517,1.0,1.0,True,40.0,9.665,20.0,20.0,89.7,Certified dry
2025-09-23,Viherkatto 1,0.0,0.515,1.0,1.0,True,40.0,9.694,20.0,20.0,89.7,Certified dry
2025-09-24,Viherkatto 1,0.0,0.507,1.0,1.0,True,40.0,9.861,20.0,20.0,89.9,Certified dry
2025-09-25,Viherkatto 1,0.0,0.501,1.0,1.0,True,40.0,9.972,20.0,20.0,90.0,Certified dry
2025-09-26,Viherkatto 1,0.0,0.503,1.0,1.0,True,40.0,9.944,20.0,20.0,89.9,Certified dry
2025-09-27,Viherkatto 1,0.0,0.506,1.0,1.0,True,40.0,9.889,20.0,20.0,89.9,Certified dry
2025-09-28,Viherkatto 1,0.0,0.486,1.0,1.0,True,40.0,10.278,20.0,20.0,90.3,Certified dry
2025-09-29,Viherkatto 1,0.0,0.456,1.0,1.0,True,40.0,10.889,20.0,20.0,90.9,Certified dry
2025-09-30,Viherkatto 1,0.0,0.425,1.0,1.0,True,40.0,11.5,20.0,20.0,91.5,Certified dry
2025-10-01,Viherkatto 1,0.0,0.411,1.0,1.0,True,40.0,11.778,20.0,20.0,91.8,Certified dry
2025-10-02,Viherkatto 1,0.0,0.397,1.0,1.0,True,40.0,12.056,20.0,20.0,92.1,Certified dry
2025-10-03,Viherkatto 1,0.0,0.372,1.0,1.0,True,40.0,12.556,20.0,20.0,92.6,Certified dry
2025-10-04,Viherkatto 1,0.0,0.368,1.0,1.0,True,40.0,12.646,20.0,20.0,92.6,Certified dry
2025-10-05,Viherkatto 1,0.0,0.373,1.0,1.0,True,39.993,12.535,20.0,20.0,92.5,Certified dry
2025-10-06,Viherkatto 1,0.004,0.39,1.0,1.0,True,39.943,12.201,20.0,20.0,92.1,Certified dry
2025-10-07,Viherkatto 1,0.0,0.398,1.0,1.0,True,39.997,12.033,20.0,20.0,92.0,Certified dry
2025-10-08,Viherkatto 1,0.004,0.413,1.0,1.0,True,39.933,11.732,20.0,20.0,91.7,Certified dry
2025-10-09,Viherkatto 1,0.001,0.427,1.0,1.0,True,39.989,11.453,20.0,20.0,91.4,Certified dry
2025-10-10,Viherkatto 1,0.0,0.433,1.0,1.0,True,40.0,11.341,20.0,20.0,91.3,Certified dry
2025-10-11,Viherkatto 1,0.0,0.426,1.0,1.0,True,40.0,11.476,20.0,20.0,91.5,Certified dry
2025-10-12,Viherkatto 1,0.0,0.412,1.0,1.0,True,40.0,11.755,20.0,20.0,91.8,Certified dry
2025-10-13,Viherkatto 1,0.0,0.396,1.0,1.0,True,40.0,12.089,20.0,20.0,92.1,Certified dry
2025-10-14,Viherkatto 1,0.0,0.376,1.0,1.0,True,40.0,12.479,20.0,20.0,92.5,Certified dry
2025-10-15,Viherkatto 1,0.0,0.351,1.0,1.0,True,40.0,12.981,20.0,20.0,93.0,Certified dry
2025-10-16,Viherkatto 1,0.0,0.337,1.0,1.0,True,40.0,13.259,20.0,20.0,93.3,Certified dry
2025-10-17,Viherkatto 1,0.0,0.321,1.0,1.0,True,40.0,13.575,20.0,20.0,93.6,Certified dry
2025-10-18,Viherkatto 1,0.0,0.304,1.0,1.0,True,40.0,13.928,20.0,20.0,93.9,Certified dry
2025-10-19,Viherkatto 1,0.0,0.293,1.0,1.0,True,40.0,14.134,20.0,20.0,94.1,Certified dry
2025-10-20,Viherkatto 1,0.0,0.279,1.0,1.0,True,39.995,14.429,20.0,20.0,94.4,Certified dry
2025-10-21,Viherkatto 1,0.0,0.262,1.0,1.0,True,40.0,14.763,20.0,20.0,94.8,Certified dry
2025-10-22,Viherkatto 1,0.0,0.251,1.0,1.0,True,40.0,14.986,20.0,20.0,95.0,Certified dry
2025-10-23,Viherkatto 1,0.001,0.267,1.0,1.0,True,39.987,14.652,20.0,20.0,94.6,Certified dry
2025-10-24,Viherkatto 1,0.003,0.298,1.0,1.0,True,39.951,14.039,20.0,20.0,94.0,Certified dry
2025-10-25,Viherkatto 1,0.007,0.329,1.0,1.0,True,39.881,13.426,20.0,20.0,93.3,Certified dry
2025-10-26,Viherkatto 1,0.01,0.357,1.0,1.0,True,39.832,12.869,20.0,20.0,92.7,Certified dry
2025-10-27,Viherkatto 1,0.013,0.384,1.0,1.0,True,39.795,12.312,20.0,20.0,92.1,Certified dry
2025-10-28,Viherkatto 1,0.013,0.408,1.0,1.0,True,39.797,11.844,20.0,20.0,91.6,Certified dry
2025-10-29,Viherkatto 1,0.008,0.43,1.0,1.0,True,39.878,11.397,20.0,20.0,91.3,Certified dry
2025-10-30,Viherkatto 1,0.008,0.453,1.0,1.0,True,39.869,10.95,20.0,20.0,90.8,Certified dry
2025-10-31,Viherkatto 1,0.008,0.48,1.0,1.0,True,39.872,10.391,20.0,20.0,90.3,Certified dry
2025-11-01,Viherkatto 1,0.008,0.506,1.0,1.0,True,39.869,9.888,20.0,20.0,89.8,Certified dry
2025-11-02,Viherkatto 1,0.013,0.539,1.0,1.0,True,39.797,9.218,20.0,20.0,89.0,Certified dry
2025-11-03,Viherkatto 1,0.017,0.563,1.0,1.0,True,39.735,8.747,20.0,20.0,88.5,Certified dry
2025-11-04,Viherkatto 1,0.016,0.577,1.0,1.0,True,39.737,8.468,20.0,20.0,88.2,Certified dry
2025-11-05,Viherkatto 1,0.023,0.575,1.0,1.0,True,39.631,8.492,20.0,20.0,88.1,Certified dry
2025-11-06,Viherkatto 1,0.028,0.584,1.0,1.0,True,39.558,8.324,20.0,20.0,87.9,Certified dry
2025-11-07,Viherkatto 1,0.034,0.585,1.0,1.0,True,39.459,8.301,20.0,20.0,87.8,Certified dry
2025-11-08,Viherkatto 1,0.038,0.596,1.0,1.0,True,39.395,8.078,20.0,20.0,87.5,Certified dry
2025-11-09,Viherkatto 1,0.041,0.613,1.0,1.0,True,39.345,7.744,20.0,20.0,87.1,Certified dry
2025-11-10,Viherkatto 1,0.031,0.624,1.0,1.0,True,39.503,7.521,20.0,20.0,87.0,Certified dry
2025-11-11,Viherkatto 1,0.034,0.652,1.0,1.0,True,39.454,6.964,20.0,20.0,86.4,Certified dry
2025-11-12,Viherkatto 1,0.038,0.685,1.0,1.0,True,39.388,6.295,20.0,20.0,85.7,Certified dry
2025-11-13,Viherkatto 1,0.035,0.702,1.0,1.0,True,39.443,5.961,20.0,20.0,85.4,Certified dry
2025-11-14,Viherkatto 1,0.025,0.699,1.0,1.0,True,39.603,6.017,20.0,20.0,85.6,Certified dry
2025-11-15,Viherkatto 1,0.018,0.69,1.0,1.0,True,39.71,6.201,20.0,20.0,85.9,Certified dry
2025-11-16,Viherkatto 1,0.002,0.684,1.0,1.0,True,39.966,6.313,20.0,20.0,86.3,Certified dry
2025-11-17,Viherkatto 1,0.0,0.682,1.0,1.0,True,40.0,6.369,20.0,20.0,86.4,Certified dry
2025-11-18,Viherkatto 1,0.0,0.679,1.0,1.0,True,40.0,6.425,20.0,20.0,86.4,Certified dry
2025-11-19,Viherkatto 1,0.0,0.67,1.0,1.0,True,40.0,6.592,20.0,20.0,86.6,Certified dry
2025-11-20,Viherkatto 1,0.0,0.662,1.0,1.0,True,40.0,6.76,20.0,20.0,86.8,Certified dry
2025-11-21,Viherkatto 1,0.0,0.662,1.0,1.0,True,40.0,6.76,20.0,20.0,86.8,Certified dry
2025-11-22,Viherkatto 1,0.0,0.642,1.0,1.0,True,40.0,7.151,20.0,20.0,87.2,Certified dry
2025-11-23,Viherkatto 1,0.002,0.628,1.0,1.0,True,39.975,7.43,20.0,20.0,87.4,Certified dry
2025-11-24,Viherkatto 1,0.0,0.598,1.0,1.0,True,40.0,8.045,20.0,20.0,88.0,Certified dry
2025-11-25,Viherkatto 1,0.0,0.564,1.0,1.0,True,40.0,8.715,20.0,20.0,88.7,Certified dry
2025-11-26,Viherkatto 1,0.0,0.531,0.986,1.0,True,40.0,9.385,19.73,20.0,89.1,Certified dry
2025-11-27,Viherkatto 1,0.0,0.504,0.986,1.0,True,39.997,9.916,19.714,20.0,89.6,Certified dry
2025-11-28,Viherkatto 1,0.005,0.51,0.985,1.0,True,39.915,9.805,19.697,20.0,89.4,Certified dry
2025-11-29,Viherkatto 1,0.009,0.521,0.986,1.0,True,39.862,9.582,19.718,20.0,89.2,Certified dry
2025-11-30,Viherkatto 1,0.003,0.513,0.986,1.0,True,39.955,9.749,19.718,20.0,89.4,Certified dry
2025-12-01,Viherkatto 1,0.002,0.51,0.986,1.0,True,39.969,9.805,19.714,20.0,89.5,Certified dry
2025-12-02,Viherkatto 1,0.002,0.499,0.986,1.0,True,39.971,10.028,19.714,20.0,89.7,Certified dry
2025-12-03,Viherkatto 1,0.0,0.482,0.985,1.0,True,40.0,10.362,19.706,20.0,90.1,Certified dry
2025-12-04,Viherkatto 1,0.0,0.454,0.985,1.0,True,40.0,10.919,19.701,20.0,90.6,Certified dry
2025-12-05,Viherkatto 1,0.002,0.453,0.985,1.0,True,39.973,10.944,19.692,20.0,90.6,Certified dry
2025-12-06,Viherkatto 1,0.004,0.453,0.986,1.0,True,39.942,10.944,19.726,20.0,90.6,Certified dry
2025-12-07,Viherkatto 1,0.0,0.437,0.986,1.0,True,40.0,11.253,19.722,20.0,91.0,Certified dry
2025-12-08,Viherkatto 1,0.001,0.429,0.985,1.0,True,39.976,11.421,19.701,20.0,91.1,Certified dry
2025-12-09,Viherkatto 1,0.0,0.415,0.986,1.0,True,40.0,11.699,19.714,20.0,91.4,Certified dry
2025-12-10,Viherkatto 1,0.002,0.412,0.984,1.0,True,39.974,11.755,19.677,20.0,91.4,Certified dry
2025-12-11,Viherkatto 1,0.0,0.409,0.984,1.0,True,40.0,11.811,19.672,20.0,91.5,Certified dry
2025-12-12,Viherkatto 1,0.0,0.376,0.984,1.0,True,40.0,12.479,19.672,20.0,92.2,Certified dry
2025-12-13,Viherkatto 1,0.0,0.349,0.984,1.0,True,40.0,13.017,19.683,20.0,92.7,Certified dry
2025-12-14,Viherkatto 1,0.0,0.344,0.982,1.0,True,40.0,13.128,19.649,20.0,92.8,Certified dry
2025-12-15,Viherkatto 1,0.0,0.351,0.982,1.0,True,40.0,12.981,19.649,20.0,92.6,Certified dry
2025-12-16,Viherkatto 1,0.002,0.373,0.982,1.0,True,39.975,12.535,19.649,20.0,92.2,Certified dry
2025-12-17,Viherkatto 1,0.001,0.404,0.983,1.0,True,39.979,11.922,19.667,20.0,91.6,Certified dry
2025-12-18,Viherkatto 1,0.002,0.426,0.984,1.0,True,39.971,11.476,19.672,20.0,91.1,Certified dry
2025-12-19,Viherkatto 1,0.004,0.46,0.984,1.0,True,39.928,10.808,19.672,20.0,90.4,Certified dry
2025-12-20,Viherkatto 1,0.007,0.493,0.984,1.0,True,39.888,10.139,19.683,20.0,89.7,Certified dry
2025-12-21,Viherkatto 1,0.0,0.501,0.984,1.0,True,40.0,9.972,19.683,20.0,89.7,Certified dry
2025-12-22,Viherkatto 1,0.0,0.501,0.984,1.0,True,40.0,9.972,19.672,20.0,89.6,Certified dry
2025-12-23,Viherkatto 1,0.0,0.485,0.984,1.0,True,40.0,10.306,19.672,20.0,90.0,Certified dry
2025-12-24,Viherkatto 1,0.0,0.479,0.983,1.0,True,40.0,10.418,19.661,20.0,90.1,Certified dry
2025-12-25,Viherkatto 1,0.0,0.499,0.983,1.0,True,40.0,10.028,19.655,20.0,89.7,Certified dry
2025-12-26,Viherkatto 1,0.0,0.51,1.0,1.0,True,40.0,9.805,20.0,20.0,89.8,Certified dry
2025-12-27,Viherkatto 1,0.0,0.515,1.0,1.0,True,40.0,9.694,20.0,20.0,89.7,Certified dry
2025-12-28,Viherkatto 1,0.0,0.482,1.0,1.0,True,40.0,10.362,20.0,20.0,90.4,Certified dry
2025-12-29,Viherkatto 1,0.0,0.448,1.0,1.0,True,40.0,11.031,20.0,20.0,91.0,Certified dry
2025-12-30,Viherkatto 1,0.0,0.421,1.0,1.0,True,40.0,11.588,20.0,20.0,91.6,Certified dry
2025-12-31,Viherkatto 1,0.0,0.398,0.942,1.0,True,40.0,12.033,18.846,20.0,90.9,Certified dry
2026-01-01,Viherkatto 1,0.0,0.376,0.941,1.0,True,40.0,12.479,18.824,20.0,91.3,Certified dry
2026-01-02,Viherkatto 1,0.0,0.357,0.942,1.0,True,40.0,12.869,18.846,20.0,91.7,Certified dry
2026-01-03,Viherkatto 1,0.0,0.357,0.94,1.0,True,40.0,12.869,18.8,20.0,91.7,Certified dry
2026-01-04,Viherkatto 1,0.0,0.329,0.94,1.0,True,40.0,13.426,18.8,20.0,92.2,Certified dry
2026-01-05,Viherkatto 1,0.0,0.295,0.93,1.0,True,40.0,14.095,18.605,20.0,92.7,Certified dry
2026-01-06,Viherkatto 1,0.0,0.276,0.912,1.0,True,40.0,14.485,18.235,20.0,92.7,Certified dry
2026-01-07,Viherkatto 1,0.0,0.253,0.763,1.0,True,40.0,14.93,15.263,20.0,90.2,Certified dry
2026-01-08,Viherkatto 1,0.0,0.231,0.545,1.0,True,40.0,15.376,10.909,20.0,86.3,Certified dry
2026-01-09,Viherkatto 1,0.0,0.221,0.545,1.0,True,40.0,15.587,10.909,20.0,86.5,Certified dry
2026-01-10,Viherkatto 1,0.0,0.196,0.545,1.0,True,40.0,16.089,10.909,20.0,87.0,Certified dry
2026-01-11,Viherkatto 1,0.0,0.196,0.524,1.0,True,40.0,16.089,10.476,20.0,86.6,Certified dry
2026-01-12,Viherkatto 1,0.0,0.195,0.5,1.0,True,40.0,16.1,10.0,20.0,86.1,Certified dry
2026-01-13,Viherkatto 1,0.0,0.195,0.487,1.0,True,40.0,16.1,9.744,20.0,85.8,Certified dry
2026-01-14,Viherkatto 1,0.0,0.187,0.487,1.0,True,40.0,16.257,9.744,20.0,86.0,Certified dry
2026-01-15,Viherkatto 1,0.0,0.168,0.5,1.0,True,40.0,16.648,10.0,20.0,86.6,Certified dry
2026-01-16,Viherkatto 1,0.0,0.134,0.459,1.0,True,40.0,17.318,9.189,20.0,86.5,Certified dry
2026-01-17,Viherkatto 1,0.0,0.115,0.444,1.0,True,40.0,17.709,8.889,20.0,86.6,Certified dry
2026-01-18,Viherkatto 1,0.0,0.081,0.444,1.0,True,40.0,18.38,8.889,20.0,87.3,Certified dry
2026-01-19,Viherkatto 1,0.0,0.047,0.535,1.0,True,40.0,19.05,10.698,20.0,89.7,Certified dry
2026-01-20,Viherkatto 1,0.0,0.036,0.556,1.0,True,40.0,19.274,11.111,20.0,90.4,Certified dry
2026-01-21,Viherkatto 1,0.0,0.036,0.524,1.0,True,40.0,19.274,10.476,20.0,89.7,Certified dry
2026-01-22,Viherkatto 1,0.0,0.036,0.524,1.0,True,40.0,19.274,10.476,20.0,89.7,Certified dry
2026-01-23,Viherkatto 1,0.0,0.036,0.524,1.0,True,40.0,19.274,10.476,20.0,89.7,Certified dry
2026-01-24,Viherkatto 1,0.0,0.017,0.524,1.0,True,40.0,19.665,10.476,20.0,90.1,Certified dry
2026-01-25,Viherkatto 1,0.0,0.006,0.524,1.0,True,40.0,19.888,10.476,20.0,90.4,Certified dry
2026-01-26,Viherkatto 1,0.0,0.0,0.462,1.0,True,40.0,20.0,9.231,20.0,89.2,Certified dry
2026-01-27,Viherkatto 1,0.0,0.0,0.417,1.0,True,40.0,20.0,8.333,20.0,88.3,Certified dry
2026-01-28,Viherkatto 1,0.0,0.0,0.417,1.0,True,40.0,20.0,8.333,20.0,88.3,Certified dry
2026-01-29,Viherkatto 1,0.0,0.0,0.349,1.0,True,40.0,20.0,6.977,20.0,87.0,Certified dry
2026-01-30,Viherkatto 1,0.0,0.0,0.341,1.0,True,40.0,20.0,6.818,20.0,86.8,Certified dry
2026-01-31,Viherkatto 1,0.0,0.0,0.326,1.0,True,40.0,20.0,6.522,20.0,86.5,Certified dry
2026-02-01,Viherkatto 1,0.0,0.0,0.304,1.0,True,40.0,20.0,6.087,20.0,86.1,Certified dry
2026-02-02,Viherkatto 1,0.0,0.0,0.304,1.0,True,40.0,20.0,6.087,20.0,86.1,Certified dry
2026-02-03,Viherkatto 1,0.0,0.0,0.304,1.0,True,40.0,20.0,6.087,20.0,86.1,Certified dry
2026-02-04,Viherkatto 1,0.0,0.0,0.304,1.0,True,40.0,20.0,6.087,20.0,86.1,Certified dry
2026-02-05,Viherkatto 1,0.0,0.0,0.275,1.0,True,40.0,20.0,5.49,20.0,85.5,Certified dry
2026-02-06,Viherkatto 1,0.0,0.0,0.25,1.0,True,40.0,20.0,5.0,20.0,85.0,Certified dry
2026-02-07,Viherkatto 1,0.0,0.0,0.333,1.0,True,40.0,20.0,6.667,20.0,86.7,Certified dry
2026-02-08,Viherkatto 1,0.0,0.0,0.333,1.0,True,40.0,20.0,6.667,20.0,86.7,Certified dry
2026-02-09,Viherkatto 1,0.0,0.0,0.333,1.0,True,40.0,20.0,6.667,20.0,86.7,Certified dry
2026-02-10,Viherkatto 1,0.0,0.0,0.333,1.0,True,40.0,20.0,6.667,20.0,86.7,Certified dry
2026-02-11,Viherkatto 1,0.0,0.0,0.333,1.0,True,40.0,20.0,6.667,20.0,86.7,Certified dry
2026-02-12,Viherkatto 1,0.0,0.0,0.333,1.0,True,40.0,20.0,6.667,20.0,86.7,Certified dry
2026-02-13,Viherkatto 1,0.0,0.0,0.308,1.0,True,40.0,20.0,6.154,20.0,86.2,Certified dry
2026-02-14,Viherkatto 1,0.0,0.0,0.289,1.0,True,40.0,20.0,5.789,20.0,85.8,Certified dry
2026-02-15,Viherkatto 1,0.0,0.0,0.282,1.0,True,40.0,20.0,5.641,20.0,85.6,Certified dry
2026-02-16,Viherkatto 1,0.0,0.0,0.282,1.0,True,40.0,20.0,5.641,20.0,85.6,Certified dry
2026-02-17,Viherkatto 1,0.0,0.0,0.31,1.0,True,40.0,20.0,6.19,20.0,86.2,Certified dry
2026-02-18,Viherkatto 1,0.0,0.0,0.143,1.0,True,40.0,20.0,2.857,20.0,82.9,Good
2026-02-19,Viherkatto 1,0.0,0.0,0.062,1.0,True,40.0,20.0,1.25,20.0,81.2,Good
2026-02-20,Viherkatto 1,0.0,0.0,0.062,1.0,True,40.0,20.0,1.25,20.0,81.2,Good
2026-02-21,Viherkatto 1,0.0,0.0,0.062,1.0,True,40.0,20.0,1.25,20.0,81.2,Good
2026-02-22,Viherkatto 1,0.0,0.0,0.061,1.0,True,40.0,20.0,1.212,20.0,81.2,Good
2026-02-23,Viherkatto 1,0.0,0.0,0.054,1.0,True,40.0,20.0,1.081,20.0,81.1,Good
2026-02-24,Viherkatto 1,0.0,0.0,0.051,1.0,True,40.0,20.0,1.026,20.0,81.0,Good
2026-02-25,Viherkatto 1,0.0,0.0,0.053,1.0,True,40.0,20.0,1.053,20.0,81.1,Good
2026-02-26,Viherkatto 1,0.0,0.0,0.053,1.0,True,40.0,20.0,1.053,20.0,81.1,Good
2026-02-27,Viherkatto 1,0.0,0.0,0.053,1.0,True,40.0,20.0,1.053,20.0,81.1,Good
2026-02-28,Viherkatto 1,0.0,0.0,0.094,1.0,True,40.0,20.0,1.875,20.0,81.9,Good
2026-03-01,Viherkatto 1,0.0,0.0,0.242,1.0,True,40.0,20.0,4.848,20.0,84.8,Good
2026-03-02,Viherkatto 1,0.0,0.0,0.324,1.0,True,40.0,20.0,6.471,20.0,86.5,Certified dry
2026-03-03,Viherkatto 1,0.0,0.0,0.405,1.0,True,40.0,20.0,8.108,20.0,88.1,Certified dry
2026-03-04,Viherkatto 1,0.0,0.003,0.421,1.0,True,40.0,19.944,8.421,20.0,88.4,Certified dry
2026-03-05,Viherkatto 1,0.0,0.003,0.45,1.0,True,40.0,19.944,9.0,20.0,88.9,Certified dry
2026-03-06,Viherkatto 1,0.0,0.006,0.488,1.0,True,40.0,19.888,9.767,20.0,89.7,Certified dry
2026-03-07,Viherkatto 1,0.0,0.006,0.561,1.0,True,40.0,19.888,11.22,20.0,91.1,Certified dry
2026-03-08,Viherkatto 1,0.0,0.006,0.639,1.0,True,40.0,19.888,12.778,20.0,92.7,Certified dry
2026-03-09,Viherkatto 1,0.0,0.006,0.639,1.0,True,40.0,19.888,12.778,20.0,92.7,Certified dry
2026-03-10,Viherkatto 1,0.0,0.011,0.649,1.0,True,40.0,19.776,12.973,20.0,92.7,Certified dry
2026-03-11,Viherkatto 1,0.0,0.014,0.667,1.0,True,40.0,19.72,13.333,20.0,93.1,Certified dry
2026-03-12,Viherkatto 1,0.0,0.014,0.667,1.0,True,40.0,19.719,13.333,20.0,93.1,Certified dry
2026-03-13,Viherkatto 1,0.0,0.017,0.69,1.0,True,40.0,19.663,13.81,20.0,93.5,Certified dry
2026-03-14,Viherkatto 1,0.0,0.022,0.711,1.0,True,40.0,19.551,14.222,20.0,93.8,Certified dry
2026-03-15,Viherkatto 1,0.0,0.022,0.766,1.0,True,40.0,19.552,15.319,20.0,94.9,Certified dry
2026-03-16,Viherkatto 1,0.0,0.022,0.783,1.0,True,40.0,19.552,15.652,20.0,95.2,Certified dry
2026-03-17,Viherkatto 1,0.0,0.022,0.8,1.0,True,40.0,19.551,16.0,20.0,95.6,Certified dry
2026-03-18,Viherkatto 1,0.0,0.023,0.8,1.0,True,40.0,19.549,16.0,20.0,95.5,Certified dry
2026-03-19,Viherkatto 1,0.0,0.023,0.81,1.0,True,40.0,19.549,16.19,20.0,95.7,Certified dry
2026-03-20,Viherkatto 1,0.0,0.023,0.822,1.0,True,40.0,19.549,16.444,20.0,96.0,Certified dry
2026-03-21,Viherkatto 1,0.0,0.022,0.851,1.0,True,40.0,19.551,17.021,20.0,96.6,Certified dry
2026-03-22,Viherkatto 1,0.0,0.022,0.86,1.0,True,40.0,19.551,17.2,20.0,96.8,Certified dry
2026-03-23,Viherkatto 1,0.0,0.022,0.865,1.0,True,40.0,19.551,17.308,20.0,96.9,Certified dry
2026-03-24,Viherkatto 1,0.0,0.022,0.873,1.0,True,40.0,19.551,17.455,20.0,97.0,Certified dry
2026-03-25,Viherkatto 1,0.0,0.022,0.941,1.0,True,40.0,19.551,18.824,20.0,98.4,Certified dry
2026-03-26,Viherkatto 1,0.0,0.022,1.0,1.0,True,40.0,19.551,20.0,20.0,99.6,Certified dry
2026-03-27,Viherkatto 1,0.0,0.025,1.0,1.0,True,40.0,19.496,20.0,20.0,99.5,Certified dry
2026-03-28,Viherkatto 1,0.0,0.028,1.0,1.0,True,40.0,19.44,20.0,20.0,99.4,Certified dry
2026-03-29,Viherkatto 1,0.0,0.031,1.0,1.0,True,40.0,19.384,20.0,20.0,99.4,Certified dry
2026-03-30,Viherkatto 1,0.0,0.031,1.0,1.0,True,40.0,19.382,20.0,20.0,99.4,Certified dry
2026-03-31,Viherkatto 1,0.0,0.034,1.0,1.0,True,40.0,19.326,20.0,20.0,99.3,Certified dry
2026-04-01,Viherkatto 1,0.0,0.034,1.0,1.0,True,40.0,19.326,20.0,20.0,99.3,Certified dry
2026-04-02,Viherkatto 1,0.0,0.037,1.0,1.0,True,40.0,19.27,20.0,20.0,99.3,Certified dry
2026-04-03,Viherkatto 1,0.0,0.034,1.0,1.0,True,40.0,19.328,20.0,20.0,99.3,Certified dry
2026-04-04,Viherkatto 1,0.0,0.034,1.0,1.0,True,40.0,19.328,20.0,20.0,99.3,Certified dry
2026-04-05,Viherkatto 1,0.0,0.031,1.0,1.0,True,40.0,19.382,20.0,20.0,99.4,Certified dry
2026-04-06,Viherkatto 1,0.0,0.031,1.0,1.0,True,40.0,19.382,20.0,20.0,99.4,Certified dry
2026-04-07,Viherkatto 1,0.0,0.031,1.0,1.0,True,40.0,19.382,20.0,20.0,99.4,Certified dry
2026-04-08,Viherkatto 1,0.0,0.031,1.0,1.0,True,40.0,19.382,20.0,20.0,99.4,Certified dry
2026-04-09,Viherkatto 1,0.0,0.025,1.0,1.0,True,40.0,19.494,20.0,20.0,99.5,Certified dry
2026-04-10,Viherkatto 1,0.0,0.022,1.0,1.0,True,40.0,19.551,20.0,20.0,99.6,Certified dry
2026-04-11,Viherkatto 1,0.0,0.022,1.0,1.0,True,40.0,19.552,20.0,20.0,99.6,Certified dry
2026-04-12,Viherkatto 1,0.0,0.02,1.0,1.0,True,40.0,19.608,20.0,20.0,99.6,Certified dry
2026-04-13,Viherkatto 1,0.0,0.014,1.0,1.0,True,40.0,19.72,20.0,20.0,99.7,Certified dry
2026-04-14,Viherkatto 1,0.0,0.017,1.0,1.0,True,40.0,19.664,20.0,20.0,99.7,Certified dry
2026-04-15,Viherkatto 1,0.0,0.017,1.0,1.0,True,40.0,19.664,20.0,20.0,99.7,Certified dry
2026-04-16,Viherkatto 1,0.0,0.017,1.0,1.0,True,40.0,19.665,20.0,20.0,99.7,Certified dry
2026-04-17,Viherkatto 1,0.0,0.017,1.0,1.0,True,40.0,19.666,20.0,20.0,99.7,Certified dry
2026-04-18,Viherkatto 1,0.0,0.017,1.0,1.0,True,40.0,19.666,20.0,20.0,99.7,Certified dry
2026-04-19,Viherkatto 1,0.0,0.017,1.0,1.0,True,40.0,19.666,20.0,20.0,99.7,Certified dry
2026-04-20,Viherkatto 1,0.0,0.017,1.0,1.0,True,40.0,19.666,20.0,20.0,99.7,Certified dry
2026-04-21,Viherkatto 1,0.0,0.017,1.0,1.0,True,40.0,19.666,20.0,20.0,99.7,Certified dry
2026-04-22,Viherkatto 1,0.0,0.017,1.0,1.0,True,40.0,19.666,20.0,20.0,99.7,Certified dry
2026-04-23,Viherkatto 1,0.0,0.017,1.0,1.0,True,40.0,19.666,20.0,20.0,99.7,Certified dry
2026-04-24,Viherkatto 1,0.0,0.017,1.0,1.0,True,40.0,19.666,20.0,20.0,99.7,Certified dry
2026-04-25,Viherkatto 1,0.0,0.017,1.0,1.0,True,40.0,19.666,20.0,20.0,99.7,Certified dry
2026-04-26,Viherkatto 1,0.0,0.014,1.0,1.0,True,40.0,19.721,20.0,20.0,99.7,Certified dry
2026-04-27,Viherkatto 1,0.0,0.011,1.0,1.0,True,40.0,19.777,20.0,20.0,99.8,Certified dry
2026-04-28,Viherkatto 1,0.0,0.008,1.0,1.0,True,40.0,19.833,20.0,20.0,99.8,Certified dry
2026-04-29,Viherkatto 1,0.0,0.008,1.0,1.0,True,40.0,19.833,20.0,20.0,99.8,Certified dry
2026-04-30,Viherkatto 1,0.0,0.006,1.0,1.0,True,40.0,19.889,20.0,20.0,99.9,Certified dry
2026-05-01,Viherkatto 1,0.0,0.006,1.0,1.0,True,40.0,19.889,20.0,20.0,99.9,Certified dry
2026-05-02,Viherkatto 1,0.0,0.003,1.0,1.0,True,40.0,19.944,20.0,20.0,99.9,Certified dry
2026-05-03,Viherkatto 1,0.0,0.003,1.0,1.0,True,40.0,19.944,20.0,20.0,99.9,Certified dry
2026-05-04,Viherkatto 1,0.0,0.003,1.0,1.0,True,40.0,19.944,20.0,20.0,99.9,Certified dry
2026-05-05,Viherkatto 1,0.0,0.003,1.0,1.0,True,40.0,19.944,20.0,20.0,99.9,Certified dry
2026-05-06,Viherkatto 1,0.0,0.003,1.0,1.0,True,40.0,19.944,20.0,20.0,99.9,Certified dry
2026-05-07,Viherkatto 1,0.0,0.003,1.0,1.0,True,40.0,19.944,20.0,20.0,99.9,Certified dry
2026-05-08,Viherkatto 1,0.0,0.003,1.0,1.0,True,40.0,19.944,20.0,20.0,99.9,Certified dry
2026-05-09,Viherkatto 1,0.0,0.003,1.0,1.0,True,40.0,19.944,20.0,20.0,99.9,Certified dry
2026-05-10,Viherkatto 1,0.0,0.003,1.0,1.0,True,40.0,19.944,20.0,20.0,99.9,Certified dry
2026-05-11,Viherkatto 1,0.0,0.003,1.0,1.0,True,40.0,19.944,20.0,20.0,99.9,Certified dry
2026-05-12,Viherkatto 1,0.0,0.003,1.0,1.0,True,40.0,19.944,20.0,20.0,99.9,Certified dry
2026-05-13,Viherkatto 1,0.0,0.003,1.0,1.0,True,40.0,19.944,20.0,20.0,99.9,Certified dry
2026-05-14,Viherkatto 1,0.0,0.0,1.0,1.0,True,40.0,20.0,20.0,20.0,100.0,Certified dry
2026-05-15,Viherkatto 1,0.0,0.0,1.0,1.0,True,40.0,20.0,20.0,20.0,100.0,Certified dry
2026-05-16,Viherkatto 1,0.0,0.0,1.0,1.0,True,40.0,20.0,20.0,20.0,100.0,Certified dry
2026-05-17,Viherkatto 1,0.0,0.0,1.0,1.0,True,40.0,20.0,20.0,20.0,100.0,Certified dry
2026-05-18,Viherkatto 1,0.0,0.003,1.0,1.0,True,40.0,19.944,20.0,20.0,99.9,Certified dry
2026-05-19,Viherkatto 1,0.0,0.006,1.0,1.0,True,40.0,19.888,20.0,20.0,99.9,Certified dry
2026-05-20,Viherkatto 1,0.0,0.006,1.0,1.0,True,40.0,19.888,20.0,20.0,99.9,Certified dry
2026-05-21,Viherkatto 1,0.0,0.008,1.0,1.0,True,40.0,19.831,20.0,20.0,99.8,Certified dry
2026-05-22,Viherkatto 1,0.0,0.008,1.0,1.0,True,40.0,19.831,20.0,20.0,99.8,Certified dry
2026-05-23,Viherkatto 1,0.0,0.014,1.0,1.0,True,40.0,19.719,20.0,20.0,99.7,Certified dry
2026-05-24,Viherkatto 1,0.0,0.014,1.0,1.0,True,40.0,19.719,20.0,20.0,99.7,Certified dry
2026-05-25,Viherkatto 1,0.0,0.014,1.0,1.0,True,40.0,19.719,20.0,20.0,99.7,Certified dry
2026-05-26,Viherkatto 1,0.0,0.014,1.0,1.0,True,40.0,19.719,20.0,20.0,99.7,Certified dry
2026-05-27,Viherkatto 1,0.0,0.014,1.0,1.0,True,40.0,19.719,20.0,20.0,99.7,Certified dry
2026-05-28,Viherkatto 1,0.0,0.014,1.0,1.0,True,40.0,19.719,20.0,20.0,99.7,Certified dry
2026-05-29,Viherkatto 1,0.0,0.014,1.0,1.0,True,40.0,19.718,20.0,20.0,99.7,Certified dry
2026-05-30,Viherkatto 1,0.0,0.014,1.0,1.0,True,40.0,19.719,20.0,20.0,99.7,Certified dry
2026-05-31,Viherkatto 1,0.0,0.014,1.0,1.0,True,40.0,19.719,20.0,20.0,99.7,Certified dry
2026-06-01,Viherkatto 1,0.0,0.014,1.0,1.0,True,40.0,19.718,20.0,20.0,99.7,Certified dry
2026-06-02,Viherkatto 1,0.0,0.014,1.0,1.0,True,40.0,19.718,20.0,20.0,99.7,Certified dry
2026-06-03,Viherkatto 1,0.0,0.014,1.0,1.0,True,40.0,19.718,20.0,20.0,99.7,Certified dry
2026-06-04,Viherkatto 1,0.0,0.014,1.0,1.0,True,40.0,19.718,20.0,20.0,99.7,Certified dry
2026-06-05,Viherkatto 1,0.0,0.014,1.0,1.0,True,40.0,19.719,20.0,20.0,99.7,Certified dry
2026-06-06,Viherkatto 1,0.0,0.014,1.0,1.0,True,40.0,19.719,20.0,20.0,99.7,Certified dry
2026-06-07,Viherkatto 1,0.0,0.025,1.0,1.0,True,40.0,19.494,20.0,20.0,99.5,Certified dry
2026-06-08,Viherkatto 1,0.0,0.031,1.0,1.0,True,40.0,19.382,20.0,20.0,99.4,Certified dry
2026-06-09,Viherkatto 1,0.0,0.031,1.0,1.0,True,40.0,19.384,20.0,20.0,99.4,Certified dry
2026-06-10,Viherkatto 1,0.0,0.039,1.0,1.0,True,40.0,19.216,20.0,20.0,99.2,Certified dry
2026-06-11,Viherkatto 1,0.0,0.045,1.0,1.0,True,40.0,19.104,20.0,20.0,99.1,Certified dry
2026-06-12,Viherkatto 1,0.0,0.056,1.0,1.0,True,40.0,18.88,20.0,20.0,98.9,Certified dry
2026-06-13,Viherkatto 1,0.0,0.061,1.0,1.0,True,40.0,18.774,20.0,20.0,98.8,Certified dry
2026-06-14,Viherkatto 1,0.0,0.072,1.0,1.0,True,40.0,18.552,20.0,20.0,98.6,Certified dry
2026-06-15,Viherkatto 1,0.0,0.086,1.0,1.0,True,40.0,18.273,20.0,20.0,98.3,Certified dry
2026-06-16,Viherkatto 1,0.0,0.095,1.0,1.0,True,40.0,18.106,20.0,20.0,98.1,Certified dry
2026-06-17,Viherkatto 1,0.0,0.106,1.0,1.0,True,40.0,17.883,20.0,20.0,97.9,Certified dry
2026-06-18,Viherkatto 1,0.0,0.109,1.0,1.0,True,40.0,17.827,20.0,20.0,97.8,Certified dry
2026-06-19,Viherkatto 1,0.0,0.109,1.0,1.0,True,40.0,17.827,20.0,20.0,97.8,Certified dry
2026-06-20,Viherkatto 1,0.0,0.111,1.0,1.0,True,40.0,17.772,20.0,20.0,97.8,Certified dry
2026-06-21,Viherkatto 1,0.0,0.117,1.0,1.0,True,40.0,17.66,20.0,20.0,97.7,Certified dry
2026-06-22,Viherkatto 1,0.0,0.111,1.0,1.0,True,40.0,17.772,20.0,20.0,97.8,Certified dry
2026-06-23,Viherkatto 1,0.0,0.111,1.0,1.0,True,40.0,17.772,20.0,20.0,97.8,Certified dry
2026-06-24,Viherkatto 1,0.0,0.111,1.0,1.0,True,40.0,17.772,20.0,20.0,97.8,Certified dry
2026-06-25,Viherkatto 1,0.0,0.111,1.0,1.0,True,40.0,17.772,20.0,20.0,97.8,Certified dry
2026-06-26,Viherkatto 1,0.0,0.117,1.0,1.0,True,40.0,17.66,20.0,20.0,97.7,Certified dry
2026-06-27,Viherkatto 1,0.0,0.123,1.0,1.0,True,40.0,17.549,20.0,20.0,97.5,Certified dry
2026-06-28,Viherkatto 1,0.0,0.128,1.0,1.0,True,40.0,17.444,20.0,20.0,97.4,Certified dry
2026-06-29,Viherkatto 1,0.0,0.136,1.0,1.0,True,40.0,17.278,20.0,20.0,97.3,Certified dry
2026-06-30,Viherkatto 1,0.0,0.139,1.0,1.0,True,40.0,17.222,20.0,20.0,97.2,Certified dry
2026-07-01,Viherkatto 1,0.0,0.139,1.0,1.0,True,40.0,17.23,20.0,20.0,97.2,Certified dry
2026-07-02,Viherkatto 1,0.0,0.139,1.0,1.0,True,40.0,17.23,20.0,20.0,97.2,Certified dry
2026-07-03,Viherkatto 1,0.0,0.15,1.0,1.0,True,40.0,17.008,20.0,20.0,97.0,Certified dry
2026-07-04,Viherkatto 1,0.0,0.158,1.0,1.0,True,40.0,16.842,20.0,20.0,96.8,Certified dry
2026-07-05,Viherkatto 1,0.0,0.172,1.0,1.0,True,40.0,16.565,20.0,20.0,96.6,Certified dry
2026-07-06,Viherkatto 1,0.0,0.183,1.0,1.0,True,40.0,16.343,20.0,20.0,96.3,Certified dry
2026-07-07,Viherkatto 1,0.0,0.186,1.0,1.0,True,40.0,16.278,20.0,20.0,96.3,Certified dry
2026-07-08,Viherkatto 1,0.0,0.189,1.0,1.0,True,40.0,16.222,20.0,20.0,96.2,Certified dry
2026-07-09,Viherkatto 1,0.0,0.2,1.0,1.0,True,40.0,16.0,20.0,20.0,96.0,Certified dry
2026-07-10,Viherkatto 1,0.0,0.2,1.0,1.0,True,40.0,16.0,20.0,20.0,96.0,Certified dry
2026-07-11,Viherkatto 1,0.0,0.194,1.0,1.0,True,40.0,16.111,20.0,20.0,96.1,Certified dry
2026-07-12,Viherkatto 1,0.0,0.194,1.0,1.0,True,40.0,16.111,20.0,20.0,96.1,Certified dry
2026-07-13,Viherkatto 1,0.0,0.2,1.0,1.0,True,40.0,16.0,20.0,20.0,96.0,Certified dry
2026-07-14,Viherkatto 1,0.0,0.194,1.0,1.0,True,40.0,16.111,20.0,20.0,96.1,Certified dry
2026-07-15,Viherkatto 1,0.0,0.186,1.0,1.0,True,40.0,16.278,20.0,20.0,96.3,Certified dry
2026-07-16,Viherkatto 1,0.0,0.178,1.0,1.0,True,40.0,16.444,20.0,20.0,96.4,Certified dry
2026-07-17,Viherkatto 1,0.0,0.169,1.0,1.0,True,40.0,16.611,20.0,20.0,96.6,Certified dry
2026-07-18,Viherkatto 1,0.0,0.169,1.0,1.0,True,40.0,16.611,20.0,20.0,96.6,Certified dry
2026-07-19,Viherkatto 1,0.0,0.169,1.0,1.0,True,40.0,16.611,20.0,20.0,96.6,Certified dry
2026-07-20,Viherkatto 1,0.0,0.164,1.0,1.0,True,40.0,16.713,20.0,20.0,96.7,Certified dry
2026-07-21,Viherkatto 1,0.0,0.159,1.0,1.0,True,40.0,16.825,20.0,20.0,96.8,Certified dry
2026-07-22,Viherkatto 1,0.0,0.164,1.0,1.0,True,40.0,16.713,20.0,20.0,96.7,Certified dry
2026-07-23,Viherkatto 1,0.0,0.167,1.0,1.0,True,40.0,16.657,20.0,20.0,96.7,Certified dry
2026-07-24,Viherkatto 1,0.0,0.175,1.0,1.0,True,40.0,16.49,20.0,20.0,96.5,Certified dry
2026-07-25,Viherkatto 1,0.0,0.181,1.0,1.0,True,40.0,16.379,20.0,20.0,96.4,Certified dry
2026-07-26,Viherkatto 1,0.0,0.192,1.0,1.0,True,39.999,16.156,20.0,20.0,96.2,Certified dry
2026-07-27,Viherkatto 1,0.0,0.201,1.0,1.0,True,40.0,15.978,20.0,20.0,96.0,Certified dry
2026-07-28,Viherkatto 1,0.0,0.204,1.0,1.0,True,40.0,15.91,20.0,20.0,95.9,Certified dry
2026-07-29,Viherkatto 1,0.0,0.204,1.0,1.0,True,40.0,15.91,20.0,20.0,95.9,Certified dry
2026-07-30,Viherkatto 1,0.0,0.204,1.0,1.0,True,40.0,15.91,20.0,20.0,95.9,Certified dry
2026-07-31,Viherkatto 1,0.0,0.21,1.0,1.0,True,40.0,15.798,20.0,20.0,95.8,Certified dry
2026-08-01,Viherkatto 1,0.0,0.218,1.0,1.0,True,40.0,15.63,20.0,20.0,95.6,Certified dry
2026-08-02,Viherkatto 1,0.0,0.213,1.0,1.0,True,40.0,15.742,20.0,20.0,95.7,Certified dry
2026-08-03,Viherkatto 1,0.0,0.211,1.0,1.0,True,40.0,15.787,20.0,20.0,95.8,Certified dry
2026-08-04,Viherkatto 1,0.0,0.202,1.0,1.0,True,40.0,15.955,20.0,20.0,96.0,Certified dry
2026-08-05,Viherkatto 1,0.0,0.199,1.0,1.0,True,40.0,16.011,20.0,20.0,96.0,Certified dry
2026-08-06,Viherkatto 1,0.0,0.19,1.0,1.0,True,40.0,16.19,20.0,20.0,96.2,Certified dry
2026-08-07,Viherkatto 1,0.0,0.188,1.0,1.0,True,40.0,16.246,20.0,20.0,96.2,Certified dry
2026-08-08,Viherkatto 1,0.0,0.179,1.0,1.0,True,40.0,16.415,20.0,20.0,96.4,Certified dry
2026-08-09,Viherkatto 1,0.0,0.174,1.0,1.0,True,40.0,16.527,20.0,20.0,96.5,Certified dry
2026-08-10,Viherkatto 1,0.0,0.182,1.0,1.0,True,39.999,16.359,20.0,20.0,96.4,Certified dry
2026-08-11,Viherkatto 1,0.0,0.179,1.0,1.0,True,40.0,16.415,20.0,20.0,96.4,Certified dry
2026-08-12,Viherkatto 1,0.0,0.174,1.0,1.0,True,40.0,16.527,20.0,20.0,96.5,Certified dry
2026-08-13,Viherkatto 1,0.0,0.171,1.0,1.0,True,40.0,16.583,20.0,20.0,96.6,Certified dry
2026-08-14,Viherkatto 1,0.0,0.171,1.0,1.0,True,40.0,16.583,20.0,20.0,96.6,Certified dry
2026-08-15,Viherkatto 1,0.0,0.176,1.0,1.0,True,40.0,16.471,20.0,20.0,96.5,Certified dry
2026-08-16,Viherkatto 1,0.0,0.177,1.0,1.0,True,40.0,16.461,20.0,20.0,96.5,Certified dry
2026-08-17,Viherkatto 1,0.0,0.177,1.0,1.0,True,40.0,16.451,20.0,20.0,96.5,Certified dry
2026-08-18,Viherkatto 1,0.0,0.183,1.0,1.0,True,40.0,16.348,20.0,20.0,96.3,Certified dry
2026-08-19,Viherkatto 1,0.0,0.188,1.0,1.0,True,40.0,16.236,20.0,20.0,96.2,Certified dry
2026-08-20,Viherkatto 1,0.0,0.194,1.0,1.0,True,40.0,16.124,20.0,20.0,96.1,Certified dry
2026-08-21,Viherkatto 1,0.0,0.197,1.0,1.0,True,40.0,16.067,20.0,20.0,96.1,Certified dry
2026-08-22,Viherkatto 1,0.001,0.205,1.0,1.0,True,39.991,15.899,20.0,20.0,95.9,Certified dry
2026-08-23,Viherkatto 1,0.0,0.221,1.0,1.0,True,39.997,15.574,20.0,20.0,95.6,Certified dry
2026-08-24,Viherkatto 1,0.0,0.23,1.0,1.0,True,40.0,15.393,20.0,20.0,95.4,Certified dry
2026-08-25,Viherkatto 1,0.0,0.221,1.0,1.0,True,40.0,15.574,20.0,20.0,95.6,Certified dry
2026-08-26,Viherkatto 1,0.0,0.212,1.0,1.0,True,40.0,15.754,20.0,20.0,95.8,Certified dry
2026-08-27,Viherkatto 1,0.0,0.209,1.0,1.0,True,40.0,15.81,20.0,20.0,95.8,Certified dry
2026-08-28,Viherkatto 1,0.0,0.207,1.0,1.0,True,40.0,15.866,20.0,20.0,95.9,Certified dry
2026-08-29,Viherkatto 1,0.0,0.209,1.0,1.0,True,40.0,15.81,20.0,20.0,95.8,Certified dry
2026-08-30,Viherkatto 1,0.0,0.218,1.0,1.0,True,40.0,15.642,20.0,20.0,95.6,Certified dry
2026-08-31,Viherkatto 1,0.004,0.243,1.0,1.0,True,39.936,15.14,20.0,20.0,95.1,Certified dry
2026-09-01,Viherkatto 1,0.0,0.253,1.0,1.0,True,40.0,14.93,20.0,20.0,94.9,Certified dry
2026-09-02,Viherkatto 1,0.0,0.256,1.0,1.0,True,40.0,14.875,20.0,20.0,94.9,Certified dry
2026-09-03,Viherkatto 1,0.0,0.259,1.0,1.0,True,40.0,14.819,20.0,20.0,94.8,Certified dry
2026-09-04,Viherkatto 1,0.0,0.256,1.0,1.0,True,40.0,14.875,20.0,20.0,94.9,Certified dry
2026-09-05,Viherkatto 1,0.0,0.259,1.0,1.0,True,40.0,14.819,20.0,20.0,94.8,Certified dry
2026-09-06,Viherkatto 1,0.0,0.258,1.0,1.0,True,40.0,14.833,20.0,20.0,94.8,Certified dry
2026-09-07,Viherkatto 1,0.0,0.258,1.0,1.0,True,40.0,14.833,20.0,20.0,94.8,Certified dry
2026-09-08,Viherkatto 1,0.002,0.286,1.0,1.0,True,39.969,14.278,20.0,20.0,94.2,Certified dry
2026-09-09,Viherkatto 1,0.006,0.314,1.0,1.0,True,39.911,13.722,20.0,20.0,93.6,Certified dry
2026-09-10,Viherkatto 1,0.0,0.319,1.0,1.0,True,40.0,13.611,20.0,20.0,93.6,Certified dry
2026-09-11,Viherkatto 1,0.0,0.319,1.0,1.0,True,40.0,13.611,20.0,20.0,93.6,Certified dry
2025-05-13,Viherkatto 2,0.0,0.0,0.0,0.0,True,40.0,20.0,0.0,5.0,65.0,Attention
2025-05-14,Viherkatto 2,0.0,0.0,0.0,0.0,True,40.0,20.0,0.0,5.0,65.0,Attention
2025-05-15,Viherkatto 2,0.0,0.067,0.0,0.0,True,40.0,18.667,0.0,5.0,63.7,Attention
2025-05-16,Viherkatto 2,0.0,0.095,0.0,0.0,True,40.0,18.095,0.0,5.0,63.1,Attention
2025-05-17,Viherkatto 2,0.0,0.148,0.0,0.0,True,40.0,17.037,0.0,5.0,62.0,Attention
2025-05-18,Viherkatto 2,0.0,0.167,0.0,0.0,True,40.0,16.667,0.0,5.0,61.7,Attention
2025-05-19,Viherkatto 2,0.0,0.141,0.0,0.0,False,40.0,17.179,0.0,0.0,57.2,Attention
2025-05-20,Viherkatto 2,0.0,0.122,0.0,0.0,False,40.0,17.556,0.0,0.0,57.6,Attention
2025-05-21,Viherkatto 2,0.0,0.108,0.0,0.0,False,40.0,17.843,0.0,0.0,57.8,Attention
2025-05-22,Viherkatto 2,0.0,0.096,0.0,0.0,False,40.0,18.07,0.0,0.0,58.1,Attention
2025-05-23,Viherkatto 2,0.0,0.135,0.0,0.0,False,40.0,17.302,0.0,0.0,57.3,Attention
2025-05-24,Viherkatto 2,0.0,0.123,0.0,0.0,False,40.0,17.536,0.0,0.0,57.5,Attention
2025-05-25,Viherkatto 2,0.0,0.113,0.0,0.0,False,40.0,17.733,0.0,0.0,57.7,Attention
2025-05-26,Viherkatto 2,0.0,0.117,0.0,0.0,False,39.997,17.654,0.0,0.0,57.7,Attention
2025-05-27,Viherkatto 2,0.0,0.121,0.0,0.0,False,40.0,17.586,0.0,0.0,57.6,Attention
2025-05-28,Viherkatto 2,0.0,0.113,0.0,0.0,False,40.0,17.742,0.0,0.0,57.7,Attention
2025-05-29,Viherkatto 2,0.0,0.116,0.0,0.0,False,39.996,17.677,0.0,0.0,57.7,Attention
2025-05-30,Viherkatto 2,0.001,0.133,0.0,0.0,False,39.979,17.333,0.0,0.0,57.3,Attention
2025-05-31,Viherkatto 2,0.0,0.144,0.0,0.0,False,40.0,17.117,0.0,0.0,57.1,Attention
2025-06-01,Viherkatto 2,0.0,0.137,0.0,0.0,False,40.0,17.265,0.0,0.0,57.3,Attention
2025-06-02,Viherkatto 2,0.004,0.159,0.0,0.0,False,39.931,16.829,0.0,0.0,56.8,Attention
2025-06-03,Viherkatto 2,0.0,0.171,0.0,0.0,False,39.997,16.589,0.0,0.0,56.6,Attention
2025-06-04,Viherkatto 2,0.0,0.17,0.0,0.0,False,40.0,16.593,0.0,0.0,56.6,Attention
2025-06-05,Viherkatto 2,0.0,0.177,0.0,0.0,False,40.0,16.454,0.0,0.0,56.5,Attention
2025-06-06,Viherkatto 2,0.0,0.184,0.0,0.0,False,39.998,16.327,0.0,0.0,56.3,Attention
2025-06-07,Viherkatto 2,0.0,0.19,0.0,0.0,False,40.0,16.209,0.0,0.0,56.2,Attention
2025-06-08,Viherkatto 2,0.0,0.192,0.0,0.0,False,40.0,16.164,0.0,0.0,56.2,Attention
2025-06-09,Viherkatto 2,0.001,0.2,0.0,0.0,False,39.979,16.0,0.0,0.0,56.0,Attention
2025-06-10,Viherkatto 2,0.0,0.211,0.0,0.0,False,39.994,15.789,0.0,0.0,55.8,Attention
2025-06-11,Viherkatto 2,0.008,0.237,0.0,0.0,False,39.872,15.254,0.0,0.0,55.1,Attention
2025-06-12,Viherkatto 2,0.011,0.261,0.0,0.0,False,39.827,14.778,0.0,0.0,54.6,Attention
2025-06-13,Viherkatto 2,0.003,0.267,0.0,0.0,False,39.946,14.667,0.0,0.0,54.6,Attention
2025-06-14,Viherkatto 2,0.0,0.261,0.0,0.0,False,40.0,14.778,0.0,0.0,54.8,Attention
2025-06-15,Viherkatto 2,0.0,0.256,0.0,0.0,False,40.0,14.889,0.0,0.0,54.9,Attention
2025-06-16,Viherkatto 2,0.0,0.244,0.0,0.0,False,40.0,15.111,0.0,0.0,55.1,Attention
2025-06-17,Viherkatto 2,0.0,0.252,0.0,0.0,False,40.0,14.958,0.0,0.0,55.0,Attention
2025-06-18,Viherkatto 2,0.0,0.272,0.0,0.0,False,40.0,14.556,0.0,0.0,54.6,Attention
2025-06-19,Viherkatto 2,0.001,0.3,0.0,0.0,False,39.979,14.0,0.0,0.0,54.0,Attention
2025-06-20,Viherkatto 2,0.0,0.308,0.0,0.0,False,40.0,13.833,0.0,0.0,53.8,Attention
2025-06-21,Viherkatto 2,0.001,0.325,0.0,0.0,False,39.988,13.5,0.0,0.0,53.5,Attention
2025-06-22,Viherkatto 2,0.0,0.317,0.0,0.0,False,40.0,13.667,0.0,0.0,53.7,Attention
2025-06-23,Viherkatto 2,0.001,0.325,0.0,0.0,False,39.976,13.5,0.0,0.0,53.5,Attention
2025-06-24,Viherkatto 2,0.01,0.358,0.0,0.0,False,39.834,12.833,0.0,0.0,52.7,Attention
2025-06-25,Viherkatto 2,0.013,0.383,0.0,0.0,False,39.796,12.333,0.0,0.0,52.1,Attention
2025-06-26,Viherkatto 2,0.002,0.386,0.0,0.0,False,39.96,12.278,0.0,0.0,52.2,Attention
2025-06-27,Viherkatto 2,0.0,0.403,0.0,0.0,False,39.994,11.944,0.0,0.0,51.9,Attention
2025-06-28,Viherkatto 2,0.001,0.419,0.0,0.0,False,39.992,11.611,0.0,0.0,51.6,Attention
2025-06-29,Viherkatto 2,0.0,0.419,0.0,0.0,False,40.0,11.611,0.0,0.0,51.6,Attention
2025-06-30,Viherkatto 2,0.0,0.409,0.0,0.0,False,40.0,11.811,0.0,0.0,51.8,Attention
2025-07-01,Viherkatto 2,0.0,0.411,0.0,0.0,False,40.0,11.778,0.0,0.0,51.8,Attention
2025-07-02,Viherkatto 2,0.0,0.394,0.0,0.0,False,40.0,12.111,0.0,0.0,52.1,Attention
2025-07-03,Viherkatto 2,0.0,0.381,0.0,0.0,False,40.0,12.389,0.0,0.0,52.4,Attention
2025-07-04,Viherkatto 2,0.0,0.378,0.0,0.0,False,40.0,12.444,0.0,0.0,52.4,Attention
2025-07-05,Viherkatto 2,0.002,0.375,0.0,0.0,False,39.97,12.5,0.0,0.0,52.5,Attention
2025-07-06,Viherkatto 2,0.017,0.4,0.0,0.0,False,39.721,12.0,0.0,0.0,51.7,Attention
2025-07-07,Viherkatto 2,0.024,0.417,0.0,0.0,False,39.619,11.667,0.0,0.0,51.3,Attention
2025-07-08,Viherkatto 2,0.031,0.439,0.0,0.0,True,39.508,11.222,0.0,5.0,55.7,Attention
2025-07-09,Viherkatto 2,0.024,0.436,0.0,0.0,True,39.612,11.278,0.0,5.0,55.9,Attention
2025-07-10,Viherkatto 2,0.014,0.422,0.0,0.0,True,39.781,11.556,0.0,5.0,56.3,Attention
2025-07-11,Viherkatto 2,0.0,0.403,0.0,0.0,True,39.996,11.944,0.0,5.0,56.9,Attention
2025-07-12,Viherkatto 2,0.0,0.389,0.0,0.0,True,39.996,12.222,0.0,5.0,57.2,Attention
2025-07-13,Viherkatto 2,0.0,0.392,0.0,0.0,True,39.998,12.167,0.0,5.0,57.2,Attention
2025-07-14,Viherkatto 2,0.0,0.403,0.0,0.0,True,39.996,11.944,0.0,5.0,56.9,Attention
2025-07-15,Viherkatto 2,0.001,0.414,0.0,0.0,True,39.986,11.722,0.0,5.0,56.7,Attention
2025-07-16,Viherkatto 2,0.0,0.422,0.0,0.0,True,40.0,11.556,0.0,5.0,56.6,Attention
2025-07-17,Viherkatto 2,0.0,0.406,0.0,0.0,True,40.0,11.889,0.0,5.0,56.9,Attention
2025-07-18,Viherkatto 2,0.0,0.386,0.0,0.0,True,40.0,12.278,0.0,5.0,57.3,Attention
2025-07-19,Viherkatto 2,0.0,0.361,0.0,0.0,True,40.0,12.778,0.0,5.0,57.8,Attention
2025-07-20,Viherkatto 2,0.0,0.35,0.0,0.0,True,40.0,13.0,0.0,5.0,58.0,Attention
2025-07-21,Viherkatto 2,0.0,0.344,0.0,0.0,True,39.996,13.111,0.0,5.0,58.1,Attention
2025-07-22,Viherkatto 2,0.0,0.342,0.0,0.0,True,40.0,13.167,0.0,5.0,58.2,Attention
2025-07-23,Viherkatto 2,0.0,0.342,0.0,0.0,True,40.0,13.167,0.0,5.0,58.2,Attention
2025-07-24,Viherkatto 2,0.0,0.314,0.0,0.0,True,40.0,13.722,0.0,5.0,58.7,Attention
2025-07-25,Viherkatto 2,0.0,0.286,0.0,0.0,True,40.0,14.278,0.0,5.0,59.3,Attention
2025-07-26,Viherkatto 2,0.0,0.281,0.0,0.0,True,39.998,14.373,0.0,5.0,59.4,Attention
2025-07-27,Viherkatto 2,0.0,0.273,0.0,0.0,True,39.998,14.54,0.0,5.0,59.5,Attention
2025-07-28,Viherkatto 2,0.0,0.26,0.0,0.0,True,40.0,14.804,0.0,5.0,59.8,Attention
2025-07-29,Viherkatto 2,0.0,0.265,0.0,0.0,True,39.996,14.693,0.0,5.0,59.7,Attention
2025-07-30,Viherkatto 2,0.0,0.273,0.0,0.0,True,40.0,14.54,0.0,5.0,59.5,Attention
2025-07-31,Viherkatto 2,0.0,0.276,0.0,0.0,True,39.998,14.485,0.0,5.0,59.5,Attention
2025-08-01,Viherkatto 2,0.001,0.292,0.0,0.0,True,39.988,14.15,0.0,5.0,59.1,Attention
2025-08-02,Viherkatto 2,0.0,0.306,0.0,0.0,True,39.998,13.872,0.0,5.0,58.9,Attention
2025-08-03,Viherkatto 2,0.0,0.312,0.0,0.0,True,39.998,13.76,0.0,5.0,58.8,Attention
2025-08-04,Viherkatto 2,0.001,0.323,0.0,0.0,True,39.978,13.538,0.0,5.0,58.5,Attention
2025-08-05,Viherkatto 2,0.002,0.309,0.0,0.0,True,39.96,13.816,0.0,5.0,58.8,Attention
2025-08-06,Viherkatto 2,0.0,0.29,0.0,0.0,True,39.995,14.206,0.0,5.0,59.2,Attention
2025-08-07,Viherkatto 2,0.0,0.27,0.0,0.0,True,39.998,14.596,0.0,5.0,59.6,Attention
2025-08-08,Viherkatto 2,0.002,0.287,0.0,0.0,True,39.972,14.262,0.0,5.0,59.2,Attention
2025-08-09,Viherkatto 2,0.0,0.298,0.0,0.0,True,39.997,14.039,0.0,5.0,59.0,Attention
2025-08-10,Viherkatto 2,0.0,0.301,0.0,0.0,True,39.996,13.983,0.0,5.0,59.0,Attention
2025-08-11,Viherkatto 2,0.0,0.295,0.0,0.0,True,40.0,14.095,0.0,5.0,59.1,Attention
2025-08-12,Viherkatto 2,0.006,0.312,0.0,0.0,True,39.907,13.76,0.0,5.0,58.7,Attention
2025-08-13,Viherkatto 2,0.0,0.312,0.0,0.0,True,39.998,13.76,0.0,5.0,58.8,Attention
2025-08-14,Viherkatto 2,0.0,0.318,0.0,0.0,True,39.997,13.649,0.0,5.0,58.6,Attention
2025-08-15,Viherkatto 2,0.002,0.323,0.0,0.0,True,39.973,13.538,0.0,5.0,58.5,Attention
2025-08-16,Viherkatto 2,0.0,0.337,0.0,0.0,True,39.994,13.259,0.0,5.0,58.3,Attention
2025-08-17,Viherkatto 2,0.0,0.354,0.0,0.0,True,39.997,12.925,0.0,5.0,57.9,Attention
2025-08-18,Viherkatto 2,0.0,0.365,0.0,0.0,True,40.0,12.702,0.0,5.0,57.7,Attention
2025-08-19,Viherkatto 2,0.0,0.373,0.0,0.0,True,40.0,12.535,0.0,5.0,57.5,Attention
2025-08-20,Viherkatto 2,0.0,0.368,0.0,0.0,True,40.0,12.646,0.0,5.0,57.6,Attention
2025-08-21,Viherkatto 2,0.0,0.362,0.0,0.0,True,39.997,12.758,0.0,5.0,57.8,Attention
2025-08-22,Viherkatto 2,0.0,0.37,0.0,0.0,True,39.998,12.591,0.0,5.0,57.6,Attention
2025-08-23,Viherkatto 2,0.0,0.37,0.0,0.0,True,40.0,12.591,0.0,5.0,57.6,Attention
2025-08-24,Viherkatto 2,0.001,0.376,0.0,0.0,True,39.99,12.479,0.0,5.0,57.5,Attention
2025-08-25,Viherkatto 2,0.0,0.391,0.0,0.0,True,39.997,12.179,0.0,5.0,57.2,Attention
2025-08-26,Viherkatto 2,0.0,0.391,0.0,0.0,True,40.0,12.179,0.0,5.0,57.2,Attention
2025-08-27,Viherkatto 2,0.0,0.393,0.0,0.0,True,40.0,12.145,0.0,5.0,57.1,Attention
2025-08-28,Viherkatto 2,0.001,0.392,0.0,0.0,True,39.99,12.167,0.0,5.0,57.2,Attention
2025-08-29,Viherkatto 2,0.012,0.414,0.0,0.0,True,39.805,11.722,0.0,5.0,56.5,Attention
2025-08-30,Viherkatto 2,0.03,0.444,0.0,0.0,True,39.524,11.111,0.0,5.0,55.6,Attention
2025-08-31,Viherkatto 2,0.047,0.461,0.0,0.0,True,39.251,10.778,0.0,5.0,55.0,Attention
2025-09-01,Viherkatto 2,0.059,0.481,0.0,0.0,True,39.053,10.389,0.0,5.0,54.4,Attention
2025-09-02,Viherkatto 2,0.068,0.503,0.0,0.0,True,38.905,9.944,0.0,5.0,53.8,Attention
2025-09-03,Viherkatto 2,0.074,0.514,0.0,0.0,True,38.821,9.722,0.0,5.0,53.5,Attention
2025-09-04,Viherkatto 2,0.078,0.525,0.0,0.0,True,38.751,9.5,0.0,5.0,53.3,Attention
2025-09-05,Viherkatto 2,0.083,0.544,0.0,0.0,True,38.672,9.111,0.0,5.0,52.8,Attention
2025-09-06,Viherkatto 2,0.093,0.567,0.0,0.0,True,38.509,8.667,0.0,5.0,52.2,Attention
2025-09-07,Viherkatto 2,0.107,0.575,0.0,0.0,True,38.294,8.5,0.0,5.0,51.8,Attention
2025-09-08,Viherkatto 2,0.114,0.592,0.0,0.0,True,38.179,8.167,0.0,5.0,51.3,Attention
2025-09-09,Viherkatto 2,0.109,0.592,0.0,0.0,True,38.249,8.167,0.0,5.0,51.4,Attention
2025-09-10,Viherkatto 2,0.101,0.597,0.0,0.0,True,38.392,8.056,0.0,5.0,51.4,Attention
2025-09-11,Viherkatto 2,0.091,0.583,0.0,0.0,True,38.548,8.333,0.0,5.0,51.9,Attention
2025-09-12,Viherkatto 2,0.099,0.592,0.0,0.0,True,38.41,8.167,0.0,5.0,51.6,Attention
2025-09-13,Viherkatto 2,0.109,0.607,0.0,0.0,True,38.257,7.855,0.0,5.0,51.1,Attention
2025-09-14,Viherkatto 2,0.124,0.627,0.0,0.0,True,38.016,7.465,0.0,5.0,50.5,Attention
2025-09-15,Viherkatto 2,0.137,0.646,0.0,0.0,True,37.806,7.075,0.0,5.0,49.9,At risk
2025-09-16,Viherkatto 2,0.149,0.663,0.0,0.0,True,37.616,6.741,0.0,5.0,49.4,At risk
2025-09-17,Viherkatto 2,0.161,0.682,0.0,0.0,True,37.43,6.351,0.0,5.0,48.8,At risk
2025-09-18,Viherkatto 2,0.17,0.708,0.0,0.0,True,37.284,5.85,0.0,5.0,48.1,At risk
2025-09-19,Viherkatto 2,0.179,0.74,0.0,0.0,True,37.136,5.196,0.0,5.0,47.3,At risk
2025-09-20,Viherkatto 2,0.194,0.771,0.0,0.0,True,36.903,4.581,0.0,5.0,46.5,At risk
2025-09-21,Viherkatto 2,0.197,0.785,0.0,0.0,True,36.843,4.302,0.0,5.0,46.1,At risk
2025-09-22,Viherkatto 2,0.189,0.794,0.0,0.0,True,36.983,4.123,0.0,5.0,46.1,At risk
2025-09-23,Viherkatto 2,0.179,0.805,0.0,0.0,True,37.138,3.9,0.0,5.0,46.0,At risk
2025-09-24,Viherkatto 2,0.168,0.788,0.0,0.0,True,37.305,4.234,0.0,5.0,46.5,At risk
2025-09-25,Viherkatto 2,0.158,0.788,0.0,0.0,True,37.467,4.234,0.0,5.0,46.7,At risk
2025-09-26,Viherkatto 2,0.152,0.797,0.0,0.0,True,37.568,4.067,0.0,5.0,46.6,At risk
2025-09-27,Viherkatto 2,0.143,0.802,0.0,0.0,True,37.706,3.955,0.0,5.0,46.7,At risk
2025-09-28,Viherkatto 2,0.137,0.782,0.0,0.0,True,37.816,4.358,0.0,5.0,47.2,At risk
2025-09-29,Viherkatto 2,0.127,0.76,0.0,0.0,True,37.976,4.804,0.0,5.0,47.8,At risk
2025-09-30,Viherkatto 2,0.116,0.728,0.0,0.0,True,38.143,5.434,0.0,5.0,48.6,At risk
2025-10-01,Viherkatto 2,0.107,0.695,0.0,0.0,True,38.293,6.106,0.0,5.0,49.4,At risk
2025-10-02,Viherkatto 2,0.093,0.669,0.0,0.0,True,38.519,6.611,0.0,5.0,50.1,Attention
2025-10-03,Viherkatto 2,0.085,0.639,0.0,0.0,True,38.647,7.227,0.0,5.0,50.9,Attention
2025-10-04,Viherkatto 2,0.078,0.634,0.0,0.0,True,38.75,7.318,0.0,5.0,51.1,Attention
2025-10-05,Viherkatto 2,0.083,0.637,0.0,0.0,True,38.667,7.263,0.0,5.0,50.9,Attention
2025-10-06,Viherkatto 2,0.096,0.637,0.0,0.0,True,38.458,7.263,0.0,5.0,50.7,Attention
2025-10-07,Viherkatto 2,0.107,0.635,0.0,0.0,True,38.282,7.303,0.0,5.0,50.6,Attention
2025-10-08,Viherkatto 2,0.119,0.638,0.0,0.0,True,38.095,7.247,0.0,5.0,50.3,Attention
2025-10-09,Viherkatto 2,0.131,0.654,0.0,0.0,True,37.908,6.91,0.0,5.0,49.8,At risk
2025-10-10,Viherkatto 2,0.134,0.669,0.0,0.0,True,37.848,6.629,0.0,5.0,49.5,At risk
2025-10-11,Viherkatto 2,0.128,0.666,0.0,0.0,True,37.949,6.685,0.0,5.0,49.6,At risk
2025-10-12,Viherkatto 2,0.121,0.66,0.0,0.0,True,38.068,6.798,0.0,5.0,49.9,At risk
2025-10-13,Viherkatto 2,0.116,0.636,0.0,0.0,True,38.146,7.283,0.0,5.0,50.4,Attention
2025-10-14,Viherkatto 2,0.113,0.63,0.0,0.0,True,38.194,7.395,0.0,5.0,50.6,Attention
2025-10-15,Viherkatto 2,0.117,0.629,0.0,0.0,True,38.13,7.416,0.0,5.0,50.5,Attention
2025-10-16,Viherkatto 2,0.113,0.615,0.0,0.0,True,38.191,7.697,0.0,5.0,50.9,Attention
2025-10-17,Viherkatto 2,0.106,0.581,0.0,0.0,True,38.298,8.371,0.0,5.0,51.7,Attention
2025-10-18,Viherkatto 2,0.09,0.548,0.0,0.0,True,38.555,9.045,0.0,5.0,52.6,Attention
2025-10-19,Viherkatto 2,0.072,0.522,0.0,0.0,True,38.846,9.551,0.0,5.0,53.4,Attention
2025-10-20,Viherkatto 2,0.069,0.508,0.0,0.0,True,38.902,9.831,0.0,5.0,53.7,Attention
2025-10-21,Viherkatto 2,0.059,0.497,0.0,0.0,True,39.06,10.056,0.0,5.0,54.1,Attention
2025-10-22,Viherkatto 2,0.059,0.51,0.0,0.0,True,39.061,9.803,0.0,5.0,53.9,Attention
2025-10-23,Viherkatto 2,0.067,0.523,0.0,0.0,True,38.928,9.548,0.0,5.0,53.5,Attention
2025-10-24,Viherkatto 2,0.078,0.552,0.0,0.0,True,38.754,8.958,0.0,5.0,52.7,Attention
2025-10-25,Viherkatto 2,0.091,0.577,0.0,0.0,True,38.549,8.451,0.0,5.0,52.0,Attention
2025-10-26,Viherkatto 2,0.102,0.592,0.0,0.0,True,38.364,8.169,0.0,5.0,51.5,Attention
2025-10-27,Viherkatto 2,0.112,0.606,0.0,0.0,True,38.213,7.887,0.0,5.0,51.1,Attention
2025-10-28,Viherkatto 2,0.12,0.625,0.0,0.0,True,38.083,7.493,0.0,5.0,50.6,Attention
2025-10-29,Viherkatto 2,0.128,0.648,0.0,0.0,True,37.948,7.042,0.0,5.0,50.0,Attention
2025-10-30,Viherkatto 2,0.136,0.677,0.0,0.0,True,37.821,6.461,0.0,5.0,49.3,At risk
2025-10-31,Viherkatto 2,0.145,0.713,0.0,0.0,True,37.675,5.746,0.0,5.0,48.4,At risk
2025-11-01,Viherkatto 2,0.153,0.738,0.0,0.0,True,37.546,5.239,0.0,5.0,47.8,At risk
2025-11-02,Viherkatto 2,0.164,0.772,0.0,0.0,True,37.38,4.563,0.0,5.0,46.9,At risk
2025-11-03,Viherkatto 2,0.175,0.78,0.0,0.0,True,37.204,4.394,0.0,5.0,46.6,At risk
2025-11-04,Viherkatto 2,0.185,0.78,0.0,0.0,True,37.039,4.394,0.0,5.0,46.4,At risk
2025-11-05,Viherkatto 2,0.198,0.78,0.0,0.0,True,36.825,4.407,0.0,5.0,46.2,At risk
2025-11-06,Viherkatto 2,0.211,0.782,0.0,0.0,True,36.619,4.37,0.0,5.0,46.0,At risk
2025-11-07,Viherkatto 2,0.224,0.782,0.0,0.0,True,36.415,4.37,0.0,5.0,45.8,At risk
2025-11-08,Viherkatto 2,0.235,0.782,0.0,0.0,True,36.24,4.37,0.0,5.0,45.6,At risk
2025-11-09,Viherkatto 2,0.245,0.784,0.0,0.0,True,36.088,4.314,0.0,5.0,45.4,At risk
2025-11-10,Viherkatto 2,0.25,0.804,0.0,0.0,True,35.998,3.922,0.0,5.0,44.9,At risk
2025-11-11,Viherkatto 2,0.258,0.826,0.0,0.0,True,35.88,3.473,0.0,5.0,44.4,At risk
2025-11-12,Viherkatto 2,0.268,0.854,0.0,0.0,True,35.71,2.913,0.0,5.0,43.6,At risk
2025-11-13,Viherkatto 2,0.278,0.86,0.0,0.0,True,35.548,2.801,0.0,5.0,43.3,At risk
2025-11-14,Viherkatto 2,0.264,0.843,0.0,0.0,True,35.779,3.137,0.0,5.0,43.9,At risk
2025-11-15,Viherkatto 2,0.261,0.824,0.0,0.0,True,35.82,3.529,0.0,5.0,44.3,At risk
2025-11-16,Viherkatto 2,0.255,0.846,0.0,0.0,True,35.921,3.081,0.0,5.0,44.0,At risk
2025-11-17,Viherkatto 2,0.248,0.863,0.0,0.0,True,36.036,2.745,0.0,5.0,43.8,At risk
2025-11-18,Viherkatto 2,0.24,0.854,0.0,0.0,True,36.165,2.913,0.0,5.0,44.1,At risk
2025-11-19,Viherkatto 2,0.224,0.838,0.0,0.0,True,36.421,3.249,0.0,5.0,44.7,At risk
2025-11-20,Viherkatto 2,0.221,0.843,0.0,0.0,True,36.47,3.137,0.0,5.0,44.6,At risk
2025-11-21,Viherkatto 2,0.205,0.827,0.0,0.0,True,36.714,3.464,0.0,5.0,45.2,At risk
2025-11-22,Viherkatto 2,0.207,0.811,0.0,0.0,True,36.681,3.788,0.0,5.0,45.5,At risk
2025-11-23,Viherkatto 2,0.215,0.811,0.0,0.0,True,36.566,3.788,0.0,5.0,45.4,At risk
2025-11-24,Viherkatto 2,0.21,0.802,0.0,0.0,True,36.638,3.955,0.0,5.0,45.6,At risk
2025-11-25,Viherkatto 2,0.206,0.769,0.0,0.0,True,36.702,4.624,0.0,5.0,46.3,At risk
2025-11-26,Viherkatto 2,0.19,0.735,0.0,0.0,True,36.958,5.307,0.0,5.0,47.3,At risk
2025-11-27,Viherkatto 2,0.181,0.712,0.0,0.0,True,37.106,5.754,0.0,5.0,47.9,At risk
2025-11-28,Viherkatto 2,0.19,0.712,0.0,0.0,True,36.957,5.754,0.0,5.0,47.7,At risk
2025-11-29,Viherkatto 2,0.199,0.712,0.0,0.0,True,36.812,5.754,0.0,5.0,47.6,At risk
2025-11-30,Viherkatto 2,0.207,0.712,0.0,0.0,True,36.691,5.754,0.0,5.0,47.4,At risk
2025-12-01,Viherkatto 2,0.213,0.712,0.0,0.0,True,36.592,5.754,0.0,5.0,47.3,At risk
2025-12-02,Viherkatto 2,0.219,0.712,0.0,0.0,True,36.495,5.754,0.0,5.0,47.2,At risk
2025-12-03,Viherkatto 2,0.225,0.712,0.0,0.0,True,36.403,5.754,0.0,5.0,47.2,At risk
2025-12-04,Viherkatto 2,0.228,0.712,0.0,0.0,True,36.344,5.754,0.0,5.0,47.1,At risk
2025-12-05,Viherkatto 2,0.235,0.713,0.0,0.0,True,36.242,5.738,0.0,5.0,47.0,At risk
2025-12-06,Viherkatto 2,0.242,0.713,0.0,0.0,True,36.127,5.738,0.0,5.0,46.9,At risk
2025-12-07,Viherkatto 2,0.247,0.712,0.0,0.0,True,36.045,5.754,0.0,5.0,46.8,At risk
2025-12-08,Viherkatto 2,0.252,0.712,0.0,0.0,True,35.963,5.754,0.0,5.0,46.7,At risk
2025-12-09,Viherkatto 2,0.259,0.709,0.0,0.0,True,35.857,5.81,0.0,5.0,46.7,At risk
2025-12-10,Viherkatto 2,0.252,0.693,0.0,0.0,True,35.968,6.145,0.0,5.0,47.1,At risk
2025-12-11,Viherkatto 2,0.256,0.69,0.0,0.0,True,35.899,6.201,0.0,5.0,47.1,At risk
2025-12-12,Viherkatto 2,0.248,0.656,0.0,0.0,True,36.026,6.872,0.0,5.0,47.9,At risk
2025-12-13,Viherkatto 2,0.232,0.624,0.0,0.0,True,36.282,7.521,0.0,5.0,48.8,At risk
2025-12-14,Viherkatto 2,0.22,0.613,0.0,0.0,True,36.487,7.744,0.0,5.0,49.2,At risk
2025-12-15,Viherkatto 2,0.226,0.643,0.0,0.0,True,36.38,7.131,0.0,5.0,48.5,At risk
2025-12-16,Viherkatto 2,0.235,0.655,0.0,0.0,True,36.241,6.908,0.0,5.0,48.1,At risk
2025-12-17,Viherkatto 2,0.243,0.671,0.0,0.0,True,36.109,6.574,0.0,5.0,47.7,At risk
2025-12-18,Viherkatto 2,0.25,0.705,0.0,0.0,True,36.007,5.905,0.0,5.0,46.9,At risk
2025-12-19,Viherkatto 2,0.258,0.738,0.0,0.0,True,35.87,5.237,0.0,5.0,46.1,At risk
2025-12-20,Viherkatto 2,0.267,0.749,0.0,0.0,True,35.73,5.014,0.0,5.0,45.7,At risk
2025-12-21,Viherkatto 2,0.269,0.766,0.0,0.0,True,35.698,4.68,0.0,5.0,45.4,At risk
2025-12-22,Viherkatto 2,0.262,0.766,0.0,0.0,True,35.813,4.68,0.0,5.0,45.5,At risk
2025-12-23,Viherkatto 2,0.254,0.733,0.0,0.0,True,35.941,5.348,0.0,5.0,46.3,At risk
2025-12-24,Viherkatto 2,0.238,0.708,0.0,0.0,True,36.196,5.85,0.0,5.0,47.0,At risk
2025-12-25,Viherkatto 2,0.242,0.74,0.0,0.0,True,36.121,5.196,0.0,5.0,46.3,At risk
2025-12-26,Viherkatto 2,0.246,0.774,0.0,0.0,True,36.066,4.525,0.0,5.0,45.6,At risk
2025-12-27,Viherkatto 2,0.237,0.785,0.0,0.0,True,36.211,4.302,0.0,5.0,45.5,At risk
2025-12-28,Viherkatto 2,0.231,0.751,0.0,0.0,True,36.296,4.972,0.0,5.0,46.3,At risk
2025-12-29,Viherkatto 2,0.215,0.718,0.0,0.0,True,36.552,5.642,0.0,5.0,47.2,At risk
2025-12-30,Viherkatto 2,0.2,0.685,0.0,0.0,True,36.808,6.295,0.0,5.0,48.1,At risk
2025-12-31,Viherkatto 2,0.184,0.652,0.0,0.0,True,37.063,6.964,0.0,5.0,49.0,At risk
2026-01-01,Viherkatto 2,0.167,0.62,0.0,0.0,True,37.32,7.598,0.0,5.0,49.9,At risk
2026-01-02,Viherkatto 2,0.151,0.587,0.0,0.0,True,37.577,8.268,0.0,5.0,50.8,Attention
2026-01-03,Viherkatto 2,0.135,0.553,0.0,0.0,True,37.832,8.939,0.0,5.0,51.8,Attention
2026-01-04,Viherkatto 2,0.12,0.52,0.0,0.0,True,38.088,9.609,0.0,5.0,52.7,Attention
2026-01-05,Viherkatto 2,0.104,0.486,0.0,0.0,True,38.344,10.279,0.0,5.0,53.6,Attention
2026-01-06,Viherkatto 2,0.088,0.454,0.0,0.0,True,38.6,10.919,0.0,5.0,54.5,Attention
2026-01-07,Viherkatto 2,0.072,0.421,0.0,0.0,True,38.856,11.588,0.0,5.0,55.4,Attention
2026-01-08,Viherkatto 2,0.055,0.39,0.0,0.0,True,39.112,12.201,0.0,5.0,56.3,Attention
2026-01-09,Viherkatto 2,0.039,0.373,0.0,0.0,True,39.369,12.535,0.0,5.0,56.9,Attention
2026-01-10,Viherkatto 2,0.023,0.342,0.0,0.0,True,39.625,13.165,0.0,5.0,57.8,Attention
2026-01-11,Viherkatto 2,0.007,0.342,0.0,0.0,True,39.882,13.165,0.0,5.0,58.0,Attention
2026-01-12,Viherkatto 2,0.0,0.342,0.0,0.0,True,40.0,13.165,0.0,5.0,58.2,Attention
2026-01-13,Viherkatto 2,0.0,0.336,0.0,0.0,True,40.0,13.277,0.0,5.0,58.3,Attention
2026-01-14,Viherkatto 2,0.0,0.303,0.0,0.0,True,40.0,13.95,0.0,5.0,58.9,Attention
2026-01-15,Viherkatto 2,0.0,0.269,0.0,0.0,True,40.0,14.622,0.0,5.0,59.6,Attention
2026-01-16,Viherkatto 2,0.0,0.235,0.0,0.0,True,40.0,15.294,0.0,5.0,60.3,Attention
2026-01-17,Viherkatto 2,0.0,0.202,0.0,0.0,True,40.0,15.955,0.0,5.0,61.0,Attention
2026-01-18,Viherkatto 2,0.0,0.169,0.0,0.0,True,40.0,16.629,0.0,5.0,61.6,Attention
2026-01-19,Viherkatto 2,0.0,0.135,0.0,0.0,True,40.0,17.303,0.0,5.0,62.3,Attention
2026-01-20,Viherkatto 2,0.0,0.104,0.0,0.0,True,40.0,17.921,0.0,5.0,62.9,Attention
2026-01-21,Viherkatto 2,0.0,0.087,0.0,0.0,True,40.0,18.258,0.0,5.0,63.3,Attention
2026-01-22,Viherkatto 2,0.0,0.087,0.0,0.0,True,40.0,18.258,0.0,5.0,63.3,Attention
2026-01-23,Viherkatto 2,0.0,0.087,0.0,0.0,True,40.0,18.258,0.0,5.0,63.3,Attention
2026-01-24,Viherkatto 2,0.0,0.056,0.0,0.0,True,40.0,18.88,0.0,5.0,63.9,Attention
2026-01-25,Viherkatto 2,0.0,0.025,0.0,0.0,True,40.0,19.497,0.0,5.0,64.5,Attention
2026-01-26,Viherkatto 2,0.0,0.0,0.0,0.0,True,40.0,20.0,0.0,5.0,65.0,Attention
2026-01-27,Viherkatto 2,0.0,0.0,0.0,0.0,True,40.0,20.0,0.0,5.0,65.0,Attention
2026-01-28,Viherkatto 2,0.0,0.0,0.0,0.0,True,40.0,20.0,0.0,5.0,65.0,Attention
2026-01-29,Viherkatto 2,0.0,0.0,0.0,0.0,True,40.0,20.0,0.0,5.0,65.0,Attention
2026-01-30,Viherkatto 2,0.0,0.0,0.0,0.0,True,40.0,20.0,0.0,5.0,65.0,Attention
2026-01-31,Viherkatto 2,0.0,0.0,0.0,0.0,True,40.0,20.0,0.0,5.0,65.0,Attention
2026-02-01,Viherkatto 2,0.0,0.0,0.0,0.0,True,40.0,20.0,0.0,5.0,65.0,Attention
2026-02-02,Viherkatto 2,0.0,0.0,0.0,0.0,True,40.0,20.0,0.0,5.0,65.0,Attention
2026-02-03,Viherkatto 2,0.0,0.0,0.0,0.0,True,40.0,20.0,0.0,5.0,65.0,Attention
2026-02-04,Viherkatto 2,0.0,0.0,0.0,0.0,True,40.0,20.0,0.0,5.0,65.0,Attention
2026-02-05,Viherkatto 2,0.0,0.0,0.0,0.0,True,40.0,20.0,0.0,5.0,65.0,Attention
2026-02-06,Viherkatto 2,0.0,0.0,0.0,0.0,True,40.0,20.0,0.0,5.0,65.0,Attention
2026-02-07,Viherkatto 2,0.0,0.0,0.0,0.0,True,40.0,20.0,0.0,5.0,65.0,Attention
2026-02-08,Viherkatto 2,0.0,0.0,0.0,0.0,True,40.0,20.0,0.0,5.0,65.0,Attention
2026-02-09,Viherkatto 2,0.0,0.0,0.0,0.0,True,40.0,20.0,0.0,5.0,65.0,Attention
2026-02-10,Viherkatto 2,0.0,0.0,0.0,0.0,True,40.0,20.0,0.0,5.0,65.0,Attention
2026-02-11,Viherkatto 2,0.0,0.0,0.0,0.0,True,40.0,20.0,0.0,5.0,65.0,Attention
2026-02-12,Viherkatto 2,0.0,0.0,0.0,0.0,True,40.0,20.0,0.0,5.0,65.0,Attention
2026-02-13,Viherkatto 2,0.0,0.0,0.0,0.0,True,40.0,20.0,0.0,5.0,65.0,Attention
2026-02-14,Viherkatto 2,0.0,0.0,0.0,0.0,True,40.0,20.0,0.0,5.0,65.0,Attention
2026-02-15,Viherkatto 2,0.0,0.0,0.0,0.0,True,40.0,20.0,0.0,5.0,65.0,Attention
2026-02-16,Viherkatto 2,0.0,0.0,0.0,0.0,True,40.0,20.0,0.0,5.0,65.0,Attention
2026-02-17,Viherkatto 2,0.0,0.0,0.0,0.0,True,40.0,20.0,0.0,5.0,65.0,Attention
2026-02-18,Viherkatto 2,0.0,0.0,0.0,0.0,True,40.0,20.0,0.0,5.0,65.0,Attention
2026-02-19,Viherkatto 2,0.0,0.0,0.0,0.0,True,40.0,20.0,0.0,5.0,65.0,Attention
2026-02-20,Viherkatto 2,0.0,0.0,0.0,0.0,True,40.0,20.0,0.0,5.0,65.0,Attention
2026-02-21,Viherkatto 2,0.0,0.0,0.0,0.0,True,40.0,20.0,0.0,5.0,65.0,Attention
2026-02-22,Viherkatto 2,0.0,0.0,0.0,0.0,True,40.0,20.0,0.0,5.0,65.0,Attention
2026-02-23,Viherkatto 2,0.0,0.0,0.0,0.0,True,40.0,20.0,0.0,5.0,65.0,Attention
2026-02-24,Viherkatto 2,0.0,0.0,0.0,0.0,True,40.0,20.0,0.0,5.0,65.0,Attention
2026-02-25,Viherkatto 2,0.0,0.0,0.0,0.0,True,40.0,20.0,0.0,5.0,65.0,Attention
2026-02-26,Viherkatto 2,0.0,0.003,0.0,0.0,True,39.999,19.944,0.0,5.0,64.9,Attention
2026-02-27,Viherkatto 2,0.003,0.036,0.0,0.0,True,39.956,19.276,0.0,5.0,64.2,Attention
2026-02-28,Viherkatto 2,0.006,0.07,0.0,0.0,True,39.91,18.607,0.0,5.0,63.5,Attention
2026-03-01,Viherkatto 2,0.001,0.089,0.0,0.0,True,39.978,18.222,0.0,5.0,63.2,Attention
2026-03-02,Viherkatto 2,0.0,0.106,0.0,0.0,True,40.0,17.889,0.0,5.0,62.9,Attention
2026-03-03,Viherkatto 2,0.001,0.117,0.0,0.0,True,39.985,17.667,0.0,5.0,62.7,Attention
2026-03-04,Viherkatto 2,0.002,0.144,0.0,0.0,True,39.973,17.111,0.0,5.0,62.1,Attention
2026-03-05,Viherkatto 2,0.0,0.155,0.0,0.0,True,40.0,16.898,0.0,5.0,61.9,Attention
2026-03-06,Viherkatto 2,0.0,0.155,0.0,0.0,True,40.0,16.898,0.0,5.0,61.9,Attention
2026-03-07,Viherkatto 2,0.0,0.156,0.0,0.0,True,40.0,16.889,0.0,5.0,61.9,Attention
2026-03-08,Viherkatto 2,0.0,0.156,0.0,0.0,True,40.0,16.88,0.0,5.0,61.9,Attention
2026-03-09,Viherkatto 2,0.0,0.175,0.0,0.0,True,40.0,16.49,0.0,5.0,61.5,Attention
2026-03-10,Viherkatto 2,0.0,0.187,0.0,0.0,True,40.0,16.267,0.0,5.0,61.3,Attention
2026-03-11,Viherkatto 2,0.002,0.203,0.0,0.0,True,39.975,15.933,0.0,5.0,60.9,Attention
2026-03-12,Viherkatto 2,0.007,0.237,0.0,0.0,True,39.888,15.265,0.0,5.0,60.2,Attention
2026-03-13,Viherkatto 2,0.0,0.256,0.0,0.0,True,39.996,14.875,0.0,5.0,59.9,Attention
2026-03-14,Viherkatto 2,0.0,0.27,0.0,0.0,True,40.0,14.596,0.0,5.0,59.6,Attention
2026-03-15,Viherkatto 2,0.0,0.276,0.0,0.0,True,40.0,14.485,0.0,5.0,59.5,Attention
2026-03-16,Viherkatto 2,0.0,0.281,0.0,0.0,True,40.0,14.373,0.0,5.0,59.4,Attention
2026-03-17,Viherkatto 2,0.0,0.304,0.0,0.0,True,40.0,13.928,0.0,5.0,58.9,Attention
2026-03-18,Viherkatto 2,0.001,0.323,0.0,0.0,True,39.982,13.538,0.0,5.0,58.5,Attention
2026-03-19,Viherkatto 2,0.002,0.352,0.0,0.0,True,39.964,12.961,0.0,5.0,57.9,Attention
2026-03-20,Viherkatto 2,0.0,0.352,0.0,0.0,True,40.0,12.961,0.0,5.0,58.0,Attention
2026-03-21,Viherkatto 2,0.0,0.352,0.0,0.0,True,40.0,12.961,0.0,5.0,58.0,Attention
2026-03-22,Viherkatto 2,0.0,0.352,0.0,0.0,True,40.0,12.961,0.0,5.0,58.0,Attention
2026-03-23,Viherkatto 2,0.0,0.352,0.0,0.0,True,40.0,12.961,0.0,5.0,58.0,Attention
2026-03-24,Viherkatto 2,0.0,0.353,0.0,0.0,True,40.0,12.941,0.0,5.0,57.9,Attention
2026-03-25,Viherkatto 2,0.0,0.373,0.0,0.0,True,40.0,12.549,0.0,5.0,57.5,Attention
2026-03-26,Viherkatto 2,0.0,0.378,0.0,0.0,True,40.0,12.437,0.0,5.0,57.4,Attention
2026-03-27,Viherkatto 2,0.0,0.387,0.0,0.0,True,40.0,12.269,0.0,5.0,57.3,Attention
2026-03-28,Viherkatto 2,0.0,0.389,0.0,0.0,True,40.0,12.213,0.0,5.0,57.2,Attention
2026-03-29,Viherkatto 2,0.0,0.361,0.0,0.0,True,40.0,12.773,0.0,5.0,57.8,Attention
2026-03-30,Viherkatto 2,0.0,0.333,0.0,0.0,True,40.0,13.333,0.0,5.0,58.3,Attention
2026-03-31,Viherkatto 2,0.0,0.314,0.0,0.0,True,40.0,13.725,0.0,5.0,58.7,Attention
2026-04-01,Viherkatto 2,0.0,0.294,0.0,0.0,True,40.0,14.118,0.0,5.0,59.1,Attention
2026-04-02,Viherkatto 2,0.003,0.311,0.0,0.0,True,39.96,13.782,0.0,5.0,58.7,Attention
2026-04-03,Viherkatto 2,0.006,0.317,0.0,0.0,True,39.897,13.669,0.0,5.0,58.6,Attention
2026-04-04,Viherkatto 2,0.012,0.334,0.0,0.0,True,39.814,13.315,0.0,5.0,58.1,Attention
2026-04-05,Viherkatto 2,0.01,0.362,0.0,0.0,True,39.839,12.753,0.0,5.0,57.6,Attention
2026-04-06,Viherkatto 2,0.012,0.392,0.0,0.0,True,39.811,12.157,0.0,5.0,57.0,Attention
2026-04-07,Viherkatto 2,0.004,0.413,0.0,0.0,True,39.944,11.732,0.0,5.0,56.7,Attention
2026-04-08,Viherkatto 2,0.0,0.394,0.0,0.0,True,40.0,12.123,0.0,5.0,57.1,Attention
2026-04-09,Viherkatto 2,0.0,0.383,0.0,0.0,True,40.0,12.346,0.0,5.0,57.3,Attention
2026-04-10,Viherkatto 2,0.0,0.369,0.0,0.0,True,40.0,12.626,0.0,5.0,57.6,Attention
2026-04-11,Viherkatto 2,0.0,0.335,0.0,0.0,True,40.0,13.296,0.0,5.0,58.3,Attention
2026-04-12,Viherkatto 2,0.0,0.316,0.0,0.0,True,40.0,13.687,0.0,5.0,58.7,Attention
2026-04-13,Viherkatto 2,0.0,0.299,0.0,0.0,True,40.0,14.022,0.0,5.0,59.0,Attention
2026-04-14,Viherkatto 2,0.0,0.293,0.0,0.0,True,40.0,14.134,0.0,5.0,59.1,Attention
2026-04-15,Viherkatto 2,0.0,0.288,0.0,0.0,True,40.0,14.246,0.0,5.0,59.2,Attention
2026-04-16,Viherkatto 2,0.0,0.265,0.0,0.0,True,40.0,14.693,0.0,5.0,59.7,Attention
2026-04-17,Viherkatto 2,0.0,0.249,0.0,0.0,True,40.0,15.028,0.0,5.0,60.0,Attention
2026-04-18,Viherkatto 2,0.0,0.217,0.0,0.0,True,40.0,15.655,0.0,5.0,60.7,Attention
2026-04-19,Viherkatto 2,0.0,0.217,0.0,0.0,True,40.0,15.655,0.0,5.0,60.7,Attention
2026-04-20,Viherkatto 2,0.0,0.217,0.0,0.0,True,40.0,15.655,0.0,5.0,60.7,Attention
2026-04-21,Viherkatto 2,0.0,0.217,0.0,0.0,True,40.0,15.655,0.0,5.0,60.7,Attention
2026-04-22,Viherkatto 2,0.0,0.217,0.0,0.0,True,40.0,15.655,0.0,5.0,60.7,Attention
2026-04-23,Viherkatto 2,0.0,0.217,0.0,0.0,True,40.0,15.667,0.0,5.0,60.7,Attention
2026-04-24,Viherkatto 2,0.0,0.197,0.0,0.0,True,40.0,16.056,0.0,5.0,61.1,Attention
2026-04-25,Viherkatto 2,0.0,0.192,0.0,0.0,True,40.0,16.167,0.0,5.0,61.2,Attention
2026-04-26,Viherkatto 2,0.0,0.183,0.0,0.0,True,40.0,16.333,0.0,5.0,61.3,Attention
2026-04-27,Viherkatto 2,0.0,0.181,0.0,0.0,False,40.0,16.389,0.0,0.0,56.4,Attention
2026-04-28,Viherkatto 2,0.0,0.175,0.0,0.0,False,40.0,16.5,0.0,0.0,56.5,Attention
2026-04-29,Viherkatto 2,0.0,0.169,0.0,0.0,False,40.0,16.611,0.0,0.0,56.6,Attention
2026-04-30,Viherkatto 2,0.0,0.169,0.0,0.0,False,40.0,16.611,0.0,0.0,56.6,Attention
2026-05-01,Viherkatto 2,0.0,0.169,0.0,0.0,False,40.0,16.611,0.0,0.0,56.6,Attention
2026-05-02,Viherkatto 2,0.0,0.144,0.0,0.0,False,40.0,17.111,0.0,0.0,57.1,Attention
2026-05-03,Viherkatto 2,0.0,0.111,0.0,0.0,False,40.0,17.778,0.0,0.0,57.8,Attention
2026-05-04,Viherkatto 2,0.0,0.086,0.0,0.0,False,39.996,18.283,0.0,0.0,58.3,Attention
2026-05-05,Viherkatto 2,0.0,0.064,0.0,0.0,False,40.0,18.726,0.0,0.0,58.7,Attention
2026-05-06,Viherkatto 2,0.0,0.033,0.0,0.0,False,40.0,19.335,0.0,0.0,59.3,Attention
2026-05-07,Viherkatto 2,0.0,0.011,0.0,0.0,False,40.0,19.778,0.0,0.0,59.8,Attention
2026-05-08,Viherkatto 2,0.0,0.011,0.0,0.0,False,40.0,19.778,0.0,0.0,59.8,Attention
2026-05-09,Viherkatto 2,0.0,0.011,0.0,0.0,False,40.0,19.778,0.0,0.0,59.8,Attention
2026-05-10,Viherkatto 2,0.0,0.011,0.0,0.0,False,40.0,19.778,0.0,0.0,59.8,Attention
2026-05-11,Viherkatto 2,0.0,0.011,0.0,0.0,False,40.0,19.778,0.0,0.0,59.8,Attention
2026-05-12,Viherkatto 2,0.0,0.011,0.0,0.0,False,40.0,19.778,0.0,0.0,59.8,Attention
2026-05-13,Viherkatto 2,0.002,0.022,0.0,0.0,False,39.968,19.556,0.0,0.0,59.5,Attention
2026-05-14,Viherkatto 2,0.0,0.033,0.0,0.0,False,40.0,19.333,0.0,0.0,59.3,Attention
2026-05-15,Viherkatto 2,0.0,0.033,0.0,0.0,False,40.0,19.333,0.0,0.0,59.3,Attention
2026-05-16,Viherkatto 2,0.0,0.033,0.0,0.0,False,40.0,19.333,0.0,0.0,59.3,Attention
2026-05-17,Viherkatto 2,0.0,0.033,0.0,0.0,False,40.0,19.333,0.0,0.0,59.3,Attention
2026-05-18,Viherkatto 2,0.0,0.033,0.0,0.0,False,40.0,19.333,0.0,0.0,59.3,Attention
2026-05-19,Viherkatto 2,0.0,0.042,0.0,0.0,False,39.997,19.167,0.0,0.0,59.2,Attention
2026-05-20,Viherkatto 2,0.0,0.058,0.0,0.0,False,39.995,18.833,0.0,0.0,58.8,Attention
2026-05-21,Viherkatto 2,0.0,0.072,0.0,0.0,False,39.994,18.556,0.0,0.0,58.5,Attention
2026-05-22,Viherkatto 2,0.001,0.094,0.0,0.0,False,39.978,18.111,0.0,0.0,58.1,Attention
2026-05-23,Viherkatto 2,0.0,0.106,0.0,0.0,False,39.997,17.889,0.0,0.0,57.9,Attention
2026-05-24,Viherkatto 2,0.0,0.111,0.0,0.0,False,40.0,17.778,0.0,0.0,57.8,Attention
2026-05-25,Viherkatto 2,0.0,0.111,0.0,0.0,False,40.0,17.778,0.0,0.0,57.8,Attention
2026-05-26,Viherkatto 2,0.0,0.111,0.0,0.0,False,40.0,17.778,0.0,0.0,57.8,Attention
2026-05-27,Viherkatto 2,0.0,0.111,0.004,0.006,False,40.0,17.778,0.081,0.083,57.9,Attention
2026-05-28,Viherkatto 2,0.0,0.111,0.008,0.036,False,40.0,17.772,0.162,0.543,58.5,Attention
2026-05-29,Viherkatto 2,0.0,0.111,0.016,0.07,False,40.0,17.772,0.323,1.045,59.1,Attention
2026-05-30,Viherkatto 2,0.0,0.111,0.029,0.103,False,40.0,17.772,0.574,1.546,59.9,Attention
2026-05-31,Viherkatto 2,0.0,0.115,0.045,0.134,False,40.0,17.709,0.898,2.011,60.6,Attention
2026-06-01,Viherkatto 2,0.0,0.115,0.061,0.168,False,40.0,17.709,1.23,2.514,61.5,Attention
2026-06-02,Viherkatto 2,0.0,0.115,0.07,0.201,False,40.0,17.709,1.399,3.017,62.1,Attention
2026-06-03,Viherkatto 2,0.0,0.112,0.079,0.235,False,40.0,17.765,1.59,3.52,62.9,Attention
2026-06-04,Viherkatto 2,0.0,0.104,0.1,0.269,False,40.0,17.927,2.008,4.034,64.0,Attention
2026-06-05,Viherkatto 2,0.0,0.112,0.111,0.28,False,39.992,17.759,2.222,4.202,64.2,Attention
2026-06-06,Viherkatto 2,0.01,0.146,0.109,0.28,False,39.846,17.087,2.177,4.202,63.3,Attention
2026-06-07,Viherkatto 2,0.003,0.162,0.113,0.297,False,39.96,16.751,2.258,4.454,63.4,Attention
2026-06-08,Viherkatto 2,0.0,0.165,0.128,0.331,False,40.0,16.695,2.56,4.958,64.2,Attention
2026-06-09,Viherkatto 2,0.002,0.182,0.146,0.363,False,39.971,16.369,2.913,5.447,64.7,Attention
2026-06-10,Viherkatto 2,0.0,0.195,0.146,0.379,False,39.997,16.1,2.913,5.682,64.7,Attention
2026-06-11,Viherkatto 2,0.003,0.209,0.147,0.38,False,39.96,15.81,2.948,5.698,64.4,Attention
2026-06-12,Viherkatto 2,0.001,0.226,0.146,0.38,False,39.99,15.475,2.925,5.698,64.1,Attention
2026-06-13,Viherkatto 2,0.003,0.241,0.145,0.381,False,39.948,15.182,2.891,5.714,63.7,Attention
2026-06-14,Viherkatto 2,0.002,0.269,0.143,0.381,False,39.96,14.622,2.857,5.714,63.2,Attention
2026-06-15,Viherkatto 2,0.008,0.303,0.143,0.381,False,39.872,13.95,2.868,5.714,62.4,Attention
2026-06-16,Viherkatto 2,0.0,0.311,0.147,0.384,False,39.998,13.782,2.946,5.756,62.5,Attention
2026-06-17,Viherkatto 2,0.001,0.342,0.146,0.384,False,39.991,13.165,2.912,5.756,61.8,Attention
2026-06-18,Viherkatto 2,0.0,0.337,0.147,0.385,False,40.0,13.258,2.946,5.772,62.0,Attention
2026-06-19,Viherkatto 2,0.0,0.32,0.148,0.385,False,40.0,13.596,2.957,5.772,62.3,Attention
2026-06-20,Viherkatto 2,0.0,0.312,0.148,0.385,False,39.997,13.764,2.969,5.772,62.5,Attention
2026-06-21,Viherkatto 2,0.0,0.297,0.151,0.384,False,40.0,14.062,3.016,5.756,62.8,Attention
2026-06-22,Viherkatto 2,0.0,0.286,0.152,0.384,False,40.0,14.286,3.04,5.756,63.1,Attention
2026-06-23,Viherkatto 2,0.0,0.277,0.151,0.398,False,40.0,14.454,3.028,5.966,63.4,Attention
2026-06-24,Viherkatto 2,0.0,0.287,0.151,0.431,False,39.999,14.254,3.016,6.465,63.7,Attention
2026-06-25,Viherkatto 2,0.0,0.293,0.165,0.465,False,39.995,14.141,3.307,6.972,64.4,Attention
2026-06-26,Viherkatto 2,0.0,0.301,0.181,0.496,False,39.998,13.972,3.622,7.437,65.0,Attention
2026-06-27,Viherkatto 2,0.0,0.306,0.184,0.497,False,40.0,13.876,3.686,7.458,65.0,Attention
2026-06-28,Viherkatto 2,0.001,0.317,0.19,0.497,False,39.98,13.652,3.798,7.458,64.9,Attention
2026-06-29,Viherkatto 2,0.0,0.324,0.197,0.496,False,40.0,13.521,3.938,7.437,64.9,Attention
2026-06-30,Viherkatto 2,0.0,0.326,0.194,0.497,False,40.0,13.483,3.876,7.458,64.8,Attention
2026-07-01,Viherkatto 2,0.0,0.326,0.206,0.497,False,40.0,13.483,4.125,7.458,65.1,Attention
2026-07-02,Viherkatto 2,0.002,0.348,0.228,0.497,False,39.971,13.034,4.556,7.458,65.0,Attention
2026-07-03,Viherkatto 2,0.007,0.382,0.255,0.497,False,39.887,12.36,5.095,7.458,64.8,Attention
2026-07-04,Viherkatto 2,0.009,0.413,0.251,0.497,False,39.863,11.742,5.019,7.458,64.1,Attention
2026-07-05,Viherkatto 2,0.017,0.441,0.255,0.517,False,39.728,11.18,5.097,7.753,63.8,Attention
2026-07-06,Viherkatto 2,0.013,0.43,0.278,0.551,False,39.79,11.404,5.569,8.258,65.0,Attention
2026-07-07,Viherkatto 2,0.021,0.445,0.293,0.569,True,39.668,11.099,5.859,13.535,70.2,Good
2026-07-08,Viherkatto 2,0.016,0.463,0.287,0.542,True,39.746,10.73,5.736,13.132,69.3,Attention
2026-07-09,Viherkatto 2,0.02,0.483,0.267,0.508,True,39.676,10.337,5.333,12.626,68.0,Attention
2026-07-10,Viherkatto 2,0.009,0.482,0.269,0.49,True,39.854,10.366,5.375,12.352,67.9,Attention
2026-07-11,Viherkatto 2,0.006,0.475,0.269,0.489,True,39.905,10.506,5.375,12.331,68.1,Attention
2026-07-12,Viherkatto 2,0.004,0.475,0.27,0.489,True,39.931,10.506,5.397,12.331,68.2,Attention
2026-07-13,Viherkatto 2,0.0,0.468,0.27,0.487,True,39.994,10.644,5.397,12.311,68.3,Attention
2026-07-14,Viherkatto 2,0.0,0.449,0.275,0.489,True,39.996,11.011,5.506,12.331,68.8,Attention
2026-07-15,Viherkatto 2,0.0,0.419,0.276,0.489,True,40.0,11.629,5.528,12.331,69.5,Attention
2026-07-16,Viherkatto 2,0.0,0.413,0.273,0.486,True,39.998,11.742,5.469,12.289,69.5,Attention
2026-07-17,Viherkatto 2,0.0,0.388,0.279,0.486,True,39.998,12.247,5.583,12.289,70.1,Good
2026-07-18,Viherkatto 2,0.002,0.401,0.278,0.485,True,39.962,11.989,5.56,12.269,69.8,Attention
2026-07-19,Viherkatto 2,0.0,0.412,0.276,0.485,True,40.0,11.765,5.514,12.269,69.5,Attention
2026-07-20,Viherkatto 2,0.0,0.409,0.276,0.485,True,40.0,11.821,5.514,12.269,69.6,Attention
2026-07-21,Viherkatto 2,0.001,0.415,0.272,0.485,True,39.986,11.709,5.447,12.269,69.4,Attention
2026-07-22,Viherkatto 2,0.0,0.426,0.27,0.485,True,40.0,11.485,5.403,12.269,69.2,Attention
2026-07-23,Viherkatto 2,0.001,0.448,0.271,0.471,True,39.979,11.036,5.425,12.059,68.5,Attention
2026-07-24,Viherkatto 2,0.0,0.447,0.271,0.439,True,40.0,11.061,5.425,11.578,68.1,Attention
2026-07-25,Viherkatto 2,0.001,0.466,0.253,0.405,True,39.976,10.67,5.06,11.075,66.8,Attention
2026-07-26,Viherkatto 2,0.005,0.492,0.231,0.372,True,39.924,10.168,4.622,10.573,65.3,Attention
2026-07-27,Viherkatto 2,0.008,0.514,0.222,0.338,True,39.87,9.721,4.444,10.07,64.1,Attention
2026-07-28,Viherkatto 2,0.003,0.521,0.209,0.306,True,39.956,9.582,4.173,9.596,63.3,Attention
2026-07-29,Viherkatto 2,0.0,0.524,0.189,0.273,True,39.998,9.526,3.78,9.095,62.4,Attention
2026-07-30,Viherkatto 2,0.001,0.532,0.173,0.24,True,39.985,9.359,3.451,8.593,61.4,Attention
2026-07-31,Viherkatto 2,0.004,0.554,0.147,0.206,True,39.94,8.914,2.934,8.092,59.9,Attention
2026-08-01,Viherkatto 2,0.0,0.543,0.113,0.173,True,39.998,9.136,2.257,7.591,59.0,Attention
2026-08-02,Viherkatto 2,0.0,0.521,0.075,0.139,True,39.996,9.582,1.49,7.089,58.2,Attention
2026-08-03,Viherkatto 2,0.0,0.5,0.063,0.106,True,39.998,10.0,1.255,6.592,57.8,Attention
2026-08-04,Viherkatto 2,0.0,0.48,0.047,0.073,True,39.994,10.391,0.941,6.089,57.4,Attention
2026-08-05,Viherkatto 2,0.0,0.472,0.027,0.039,True,39.997,10.559,0.549,5.587,56.7,Attention
2026-08-06,Viherkatto 2,0.001,0.457,0.012,0.008,True,39.983,10.864,0.235,5.125,56.2,Attention
2026-08-07,Viherkatto 2,0.0,0.44,0.0,0.0,True,40.0,11.198,0.0,5.0,56.2,Attention
2026-08-08,Viherkatto 2,0.0,0.415,0.0,0.0,True,39.998,11.699,0.0,5.0,56.7,Attention
2026-08-09,Viherkatto 2,0.001,0.414,0.0,0.014,True,39.991,11.722,0.0,5.208,56.9,Attention
2026-08-10,Viherkatto 2,0.005,0.426,0.004,0.033,True,39.92,11.476,0.079,5.501,57.0,Attention
2026-08-11,Viherkatto 2,0.0,0.423,0.004,0.033,True,39.993,11.532,0.08,5.501,57.1,Attention
2026-08-12,Viherkatto 2,0.0,0.409,0.004,0.033,True,39.999,11.811,0.081,5.501,57.4,Attention
2026-08-13,Viherkatto 2,0.0,0.409,0.004,0.033,True,39.997,11.811,0.081,5.501,57.4,Attention
2026-08-14,Viherkatto 2,0.001,0.421,0.004,0.033,True,39.989,11.588,0.08,5.501,57.2,Attention
2026-08-15,Viherkatto 2,0.0,0.432,0.016,0.042,True,39.996,11.365,0.317,5.627,57.3,Attention
2026-08-16,Viherkatto 2,0.002,0.448,0.024,0.067,True,39.973,11.031,0.472,6.003,57.5,Attention
2026-08-17,Viherkatto 2,0.0,0.446,0.024,0.067,True,39.995,11.086,0.472,6.003,57.6,Attention
2026-08-18,Viherkatto 2,0.0,0.451,0.024,0.067,True,39.994,10.975,0.478,6.003,57.4,Attention
2026-08-19,Viherkatto 2,0.0,0.461,0.028,0.069,True,39.998,10.778,0.553,6.042,57.4,Attention
2026-08-20,Viherkatto 2,0.006,0.476,0.028,0.07,True,39.903,10.474,0.551,6.045,57.0,Attention
2026-08-21,Viherkatto 2,0.001,0.485,0.027,0.07,True,39.981,10.306,0.547,6.045,56.9,Attention
2026-08-22,Viherkatto 2,0.004,0.487,0.031,0.1,True,39.929,10.251,0.618,6.504,57.3,Attention
2026-08-23,Viherkatto 2,0.017,0.511,0.03,0.133,True,39.724,9.778,0.606,7.0,57.1,Attention
2026-08-24,Viherkatto 2,0.021,0.519,0.042,0.167,True,39.67,9.611,0.846,7.5,57.6,Attention
2026-08-25,Viherkatto 2,0.012,0.503,0.047,0.169,True,39.801,9.944,0.938,7.542,58.2,Attention
2026-08-26,Viherkatto 2,0.003,0.49,0.047,0.17,True,39.944,10.195,0.938,7.549,58.6,Attention
2026-08-27,Viherkatto 2,0.0,0.485,0.047,0.17,True,39.995,10.306,0.945,7.549,58.8,Attention
2026-08-28,Viherkatto 2,0.001,0.49,0.047,0.17,True,39.989,10.195,0.941,7.549,58.7,Attention
2026-08-29,Viherkatto 2,0.0,0.487,0.047,0.17,True,39.996,10.251,0.941,7.549,58.7,Attention
2026-08-30,Viherkatto 2,0.008,0.499,0.047,0.17,True,39.871,10.028,0.945,7.549,58.4,Attention
2026-08-31,Viherkatto 2,0.025,0.521,0.047,0.17,True,39.604,9.582,0.934,7.549,57.7,Attention
2026-09-01,Viherkatto 2,0.033,0.543,0.047,0.17,True,39.471,9.136,0.938,7.549,57.1,Attention
2026-09-02,Viherkatto 2,0.03,0.553,0.047,0.169,True,39.514,8.944,0.93,7.542,56.9,Attention
2026-09-03,Viherkatto 2,0.025,0.553,0.047,0.169,True,39.599,8.944,0.93,7.542,57.0,Attention
2026-09-04,Viherkatto 2,0.019,0.558,0.046,0.169,True,39.693,8.833,0.927,7.542,57.0,Attention
2026-09-05,Viherkatto 2,0.01,0.558,0.046,0.169,True,39.834,8.833,0.923,7.542,57.1,Attention
2026-09-06,Viherkatto 2,0.001,0.558,0.046,0.169,True,39.986,8.833,0.923,7.542,57.3,Attention
2026-09-07,Viherkatto 2,0.002,0.564,0.046,0.169,True,39.971,8.722,0.913,7.542,57.1,Attention
2026-09-08,Viherkatto 2,0.014,0.583,0.045,0.158,True,39.781,8.333,0.899,7.375,56.4,Attention
2026-09-09,Viherkatto 2,0.028,0.597,0.041,0.136,True,39.559,8.056,0.827,7.042,55.5,Attention
2026-09-10,Viherkatto 2,0.03,0.603,0.041,0.15,True,39.528,7.944,0.824,7.25,55.5,Attention
2026-09-11,Viherkatto 2,0.032,0.603,0.041,0.158,True,39.494,7.944,0.824,7.375,55.6,Attention
2025-05-14,Hallin alapohja,0.0,0.0,1.0,1.0,False,40.0,20.0,20.0,15.0,95.0,Certified dry
2025-05-15,Hallin alapohja,0.0,0.182,1.0,1.0,False,39.999,16.364,20.0,15.0,91.4,Certified dry
2025-05-16,Hallin alapohja,0.0,0.206,1.0,1.0,False,39.997,15.882,20.0,15.0,90.9,Certified dry
2025-05-17,Hallin alapohja,0.0,0.244,1.0,1.0,False,39.995,15.111,20.0,15.0,90.1,Certified dry
2025-05-18,Hallin alapohja,0.0,0.246,1.0,1.0,False,40.0,15.088,20.0,15.0,90.1,Certified dry
2025-05-19,Hallin alapohja,0.0,0.203,1.0,1.0,False,40.0,15.942,20.0,15.0,90.9,Certified dry
2025-05-20,Hallin alapohja,0.0,0.173,1.0,1.0,False,40.0,16.543,20.0,15.0,91.5,Certified dry
2025-05-21,Hallin alapohja,0.0,0.151,1.0,1.0,False,40.0,16.989,20.0,15.0,92.0,Certified dry
2025-05-22,Hallin alapohja,0.0,0.144,1.0,1.0,False,39.999,17.115,20.0,15.0,92.1,Certified dry
2025-05-23,Hallin alapohja,0.0,0.19,1.0,1.0,False,39.997,16.207,20.0,15.0,91.2,Certified dry
2025-05-24,Hallin alapohja,0.0,0.195,1.0,1.0,False,39.998,16.094,20.0,15.0,91.1,Certified dry
2025-05-25,Hallin alapohja,0.0,0.2,1.0,1.0,False,40.0,16.0,20.0,15.0,91.0,Certified dry
2025-05-26,Hallin alapohja,0.001,0.212,1.0,1.0,False,39.985,15.762,20.0,15.0,90.7,Certified dry
2025-05-27,Hallin alapohja,0.0,0.209,1.0,1.0,False,40.0,15.828,20.0,15.0,90.8,Certified dry
2025-05-28,Hallin alapohja,0.0,0.194,1.0,1.0,False,40.0,16.114,20.0,15.0,91.1,Certified dry
2025-05-29,Hallin alapohja,0.001,0.204,1.0,1.0,False,39.987,15.914,20.0,15.0,90.9,Certified dry
2025-05-30,Hallin alapohja,0.002,0.217,1.0,1.0,False,39.964,15.657,20.0,15.0,90.6,Certified dry
2025-05-31,Hallin alapohja,0.0,0.224,1.0,1.0,False,40.0,15.524,20.0,15.0,90.5,Certified dry
2025-06-01,Hallin alapohja,0.0,0.212,1.0,1.0,False,40.0,15.766,20.0,15.0,90.8,Certified dry
2025-06-02,Hallin alapohja,0.006,0.235,1.0,1.0,False,39.899,15.299,20.0,15.0,90.2,Certified dry
2025-06-03,Hallin alapohja,0.002,0.244,1.0,1.0,False,39.976,15.122,20.0,15.0,90.1,Certified dry
2025-06-04,Hallin alapohja,0.0,0.24,1.0,1.0,False,40.0,15.194,20.0,15.0,90.2,Certified dry
2025-06-05,Hallin alapohja,0.0,0.248,1.0,1.0,False,39.998,15.037,20.0,15.0,90.0,Certified dry
2025-06-06,Hallin alapohja,0.001,0.255,1.0,1.0,False,39.988,14.894,20.0,15.0,89.9,Certified dry
2025-06-07,Hallin alapohja,0.0,0.256,1.0,1.0,False,39.998,14.881,20.0,15.0,89.9,Certified dry
2025-06-08,Hallin alapohja,0.0,0.252,1.0,1.0,False,40.0,14.951,20.0,15.0,90.0,Certified dry
2025-06-09,Hallin alapohja,0.003,0.265,1.0,1.0,False,39.946,14.7,20.0,15.0,89.6,Certified dry
2025-06-10,Hallin alapohja,0.0,0.271,1.0,1.0,False,39.994,14.573,20.0,15.0,89.6,Certified dry
2025-06-11,Hallin alapohja,0.012,0.297,1.0,1.0,False,39.812,14.059,20.0,15.0,88.9,Certified dry
2025-06-12,Hallin alapohja,0.016,0.315,1.0,1.0,False,39.746,13.693,20.0,15.0,88.4,Certified dry
2025-06-13,Hallin alapohja,0.003,0.317,1.0,1.0,False,39.954,13.654,20.0,15.0,88.6,Certified dry
2025-06-14,Hallin alapohja,0.0,0.306,1.0,1.0,False,40.0,13.881,20.0,15.0,88.9,Certified dry
2025-06-15,Hallin alapohja,0.0,0.297,1.0,1.0,False,40.0,14.051,20.0,15.0,89.1,Certified dry
2025-06-16,Hallin alapohja,0.0,0.288,1.0,1.0,False,39.998,14.237,20.0,15.0,89.2,Certified dry
2025-06-17,Hallin alapohja,0.0,0.297,1.0,1.0,False,40.0,14.068,20.0,15.0,89.1,Certified dry
2025-06-18,Hallin alapohja,0.001,0.325,1.0,1.0,False,39.983,13.503,20.0,15.0,88.5,Certified dry
2025-06-19,Hallin alapohja,0.002,0.356,1.0,1.0,False,39.962,12.881,20.0,15.0,87.8,Certified dry
2025-06-20,Hallin alapohja,0.0,0.364,1.0,1.0,False,40.0,12.712,20.0,15.0,87.7,Certified dry
2025-06-21,Hallin alapohja,0.003,0.386,1.0,1.0,False,39.959,12.282,20.0,15.0,87.2,Certified dry
2025-06-22,Hallin alapohja,0.0,0.372,1.0,1.0,False,40.0,12.563,20.0,15.0,87.6,Certified dry
2025-06-23,Hallin alapohja,0.003,0.375,1.0,1.0,False,39.948,12.507,20.0,15.0,87.5,Certified dry
2025-06-24,Hallin alapohja,0.017,0.4,1.0,1.0,False,39.734,12.0,20.0,15.0,86.7,Certified dry
2025-06-25,Hallin alapohja,0.023,0.42,1.0,1.0,False,39.627,11.606,20.0,15.0,86.2,Certified dry
2025-06-26,Hallin alapohja,0.016,0.425,1.0,1.0,False,39.74,11.493,20.0,15.0,86.2,Certified dry
2025-06-27,Hallin alapohja,0.009,0.442,1.0,1.0,False,39.848,11.155,20.0,15.0,86.0,Certified dry
2025-06-28,Hallin alapohja,0.005,0.454,1.0,1.0,False,39.912,10.924,20.0,15.0,85.8,Certified dry
2025-06-29,Hallin alapohja,0.001,0.454,1.0,1.0,False,39.98,10.924,20.0,15.0,85.9,Certified dry
2025-06-30,Hallin alapohja,0.0,0.445,1.0,1.0,False,39.999,11.092,20.0,15.0,86.1,Certified dry
2025-07-01,Hallin alapohja,0.0,0.448,1.0,1.0,False,40.0,11.036,20.0,15.0,86.0,Certified dry
2025-07-02,Hallin alapohja,0.0,0.429,1.0,1.0,False,40.0,11.429,20.0,15.0,86.4,Certified dry
2025-07-03,Hallin alapohja,0.0,0.426,1.0,1.0,False,39.996,11.485,20.0,15.0,86.5,Certified dry
2025-07-04,Hallin alapohja,0.0,0.423,1.0,1.0,False,40.0,11.541,20.0,15.0,86.5,Certified dry
2025-07-05,Hallin alapohja,0.004,0.429,1.0,1.0,False,39.941,11.429,20.0,15.0,86.4,Certified dry
2025-07-06,Hallin alapohja,0.02,0.448,1.0,1.0,False,39.679,11.036,20.0,15.0,85.7,Certified dry
2025-07-07,Hallin alapohja,0.027,0.466,1.0,1.0,False,39.566,10.67,20.0,15.0,85.2,Certified dry
2025-07-08,Hallin alapohja,0.035,0.489,1.0,1.0,False,39.443,10.223,20.0,15.0,84.7,Good
2025-07-09,Hallin alapohja,0.029,0.48,1.0,1.0,False,39.542,10.391,20.0,15.0,84.9,Good
2025-07-10,Hallin alapohja,0.022,0.479,1.0,1.0,False,39.652,10.42,20.0,15.0,85.1,Certified dry
2025-07-11,Hallin alapohja,0.015,0.472,1.0,1.0,False,39.752,10.559,20.0,15.0,85.3,Certified dry
2025-07-12,Hallin alapohja,0.01,0.461,1.0,1.0,False,39.835,10.782,20.0,15.0,85.6,Certified dry
2025-07-13,Hallin alapohja,0.002,0.468,1.0,1.0,False,39.966,10.641,20.0,15.0,85.6,Certified dry
2025-07-14,Hallin alapohja,0.001,0.479,1.0,1.0,False,39.99,10.418,20.0,15.0,85.4,Certified dry
2025-07-15,Hallin alapohja,0.002,0.493,1.0,1.0,False,39.969,10.139,20.0,15.0,85.1,Certified dry
2025-07-16,Hallin alapohja,0.0,0.503,1.0,1.0,False,40.0,9.944,20.0,15.0,84.9,Good
2025-07-17,Hallin alapohja,0.0,0.486,1.0,1.0,False,40.0,10.279,20.0,15.0,85.3,Certified dry
2025-07-18,Hallin alapohja,0.0,0.461,1.0,1.0,False,40.0,10.782,20.0,15.0,85.8,Certified dry
2025-07-19,Hallin alapohja,0.0,0.43,1.0,1.0,False,40.0,11.397,20.0,15.0,86.4,Certified dry
2025-07-20,Hallin alapohja,0.0,0.425,1.0,1.0,False,40.0,11.508,20.0,15.0,86.5,Certified dry
2025-07-21,Hallin alapohja,0.001,0.416,1.0,1.0,False,39.986,11.676,20.0,15.0,86.7,Certified dry
2025-07-22,Hallin alapohja,0.0,0.425,1.0,1.0,False,39.994,11.508,20.0,15.0,86.5,Certified dry
2025-07-23,Hallin alapohja,0.0,0.425,1.0,1.0,False,39.998,11.508,20.0,15.0,86.5,Certified dry
2025-07-24,Hallin alapohja,0.0,0.399,1.0,1.0,False,39.999,12.011,20.0,15.0,87.0,Certified dry
2025-07-25,Hallin alapohja,0.0,0.373,1.0,1.0,False,40.0,12.535,20.0,15.0,87.5,Certified dry
2025-07-26,Hallin alapohja,0.0,0.37,1.0,1.0,False,39.997,12.591,20.0,15.0,87.6,Certified dry
2025-07-27,Hallin alapohja,0.0,0.365,1.0,1.0,False,39.994,12.702,20.0,15.0,87.7,Certified dry
2025-07-28,Hallin alapohja,0.0,0.357,1.0,1.0,False,39.997,12.869,20.0,15.0,87.9,Certified dry
2025-07-29,Hallin alapohja,0.001,0.362,1.0,1.0,False,39.987,12.758,20.0,15.0,87.7,Certified dry
2025-07-30,Hallin alapohja,0.0,0.368,1.0,1.0,False,40.0,12.646,20.0,15.0,87.6,Certified dry
2025-07-31,Hallin alapohja,0.001,0.373,1.0,1.0,False,39.992,12.535,20.0,15.0,87.5,Certified dry
2025-08-01,Hallin alapohja,0.002,0.393,1.0,1.0,False,39.971,12.145,20.0,15.0,87.1,Certified dry
2025-08-02,Hallin alapohja,0.0,0.401,1.0,1.0,False,39.992,11.978,20.0,15.0,87.0,Certified dry
2025-08-03,Hallin alapohja,0.001,0.407,1.0,1.0,False,39.992,11.866,20.0,15.0,86.9,Certified dry
2025-08-04,Hallin alapohja,0.004,0.412,1.0,1.0,False,39.939,11.755,20.0,15.0,86.7,Certified dry
2025-08-05,Hallin alapohja,0.005,0.401,1.0,1.0,False,39.917,11.978,20.0,15.0,86.9,Certified dry
2025-08-06,Hallin alapohja,0.001,0.384,1.0,1.0,False,39.982,12.312,20.0,15.0,87.3,Certified dry
2025-08-07,Hallin alapohja,0.0,0.368,1.0,1.0,False,39.993,12.646,20.0,15.0,87.6,Certified dry
2025-08-08,Hallin alapohja,0.003,0.387,1.0,1.0,False,39.945,12.256,20.0,15.0,87.2,Certified dry
2025-08-09,Hallin alapohja,0.001,0.389,1.0,1.0,False,39.989,12.222,20.0,15.0,87.2,Certified dry
2025-08-10,Hallin alapohja,0.001,0.383,1.0,1.0,False,39.989,12.333,20.0,15.0,87.3,Certified dry
2025-08-11,Hallin alapohja,0.0,0.375,1.0,1.0,False,40.0,12.5,20.0,15.0,87.5,Certified dry
2025-08-12,Hallin alapohja,0.006,0.389,1.0,1.0,False,39.902,12.222,20.0,15.0,87.1,Certified dry
2025-08-13,Hallin alapohja,0.0,0.389,1.0,1.0,False,39.997,12.222,20.0,15.0,87.2,Certified dry
2025-08-14,Hallin alapohja,0.0,0.392,1.0,1.0,False,39.994,12.167,20.0,15.0,87.2,Certified dry
2025-08-15,Hallin alapohja,0.003,0.396,1.0,1.0,False,39.947,12.078,20.0,15.0,87.0,Certified dry
2025-08-16,Hallin alapohja,0.001,0.413,1.0,1.0,False,39.977,11.745,20.0,15.0,86.7,Certified dry
2025-08-17,Hallin alapohja,0.001,0.432,1.0,1.0,False,39.99,11.357,20.0,15.0,86.3,Certified dry
2025-08-18,Hallin alapohja,0.0,0.446,1.0,1.0,False,39.998,11.08,20.0,15.0,86.1,Certified dry
2025-08-19,Hallin alapohja,0.0,0.449,1.0,1.0,False,40.0,11.025,20.0,15.0,86.0,Certified dry
2025-08-20,Hallin alapohja,0.0,0.447,1.0,1.0,False,40.0,11.056,20.0,15.0,86.1,Certified dry
2025-08-21,Hallin alapohja,0.001,0.447,1.0,1.0,False,39.992,11.056,20.0,15.0,86.0,Certified dry
2025-08-22,Hallin alapohja,0.0,0.456,1.0,1.0,False,39.995,10.889,20.0,15.0,85.9,Certified dry
2025-08-23,Hallin alapohja,0.0,0.458,1.0,1.0,False,39.998,10.833,20.0,15.0,85.8,Certified dry
2025-08-24,Hallin alapohja,0.003,0.469,1.0,1.0,False,39.959,10.611,20.0,15.0,85.6,Certified dry
2025-08-25,Hallin alapohja,0.001,0.483,1.0,1.0,False,39.989,10.333,20.0,15.0,85.3,Certified dry
2025-08-26,Hallin alapohja,0.0,0.486,1.0,1.0,False,39.996,10.278,20.0,15.0,85.3,Certified dry
2025-08-27,Hallin alapohja,0.0,0.486,1.0,1.0,False,39.998,10.278,20.0,15.0,85.3,Certified dry
2025-08-28,Hallin alapohja,0.002,0.483,1.0,1.0,False,39.969,10.333,20.0,15.0,85.3,Certified dry
2025-08-29,Hallin alapohja,0.018,0.506,1.0,1.0,False,39.717,9.889,20.0,15.0,84.6,Good
2025-08-30,Hallin alapohja,0.035,0.531,1.0,1.0,False,39.438,9.389,20.0,15.0,83.8,Good
2025-08-31,Hallin alapohja,0.052,0.544,1.0,1.0,False,39.162,9.111,20.0,15.0,83.3,Good
2025-09-01,Hallin alapohja,0.066,0.561,1.0,1.0,False,38.941,8.778,20.0,15.0,82.7,Good
2025-09-02,Hallin alapohja,0.078,0.581,1.0,1.0,False,38.755,8.389,20.0,15.0,82.1,Good
2025-09-03,Hallin alapohja,0.086,0.592,1.0,1.0,False,38.621,8.167,20.0,15.0,81.8,Good
2025-09-04,Hallin alapohja,0.093,0.6,1.0,1.0,False,38.508,8.0,20.0,15.0,81.5,Good
2025-09-05,Hallin alapohja,0.099,0.617,1.0,1.0,False,38.413,7.667,20.0,15.0,81.1,Good
2025-09-06,Hallin alapohja,0.114,0.636,1.0,1.0,False,38.183,7.278,20.0,15.0,80.5,Good
2025-09-07,Hallin alapohja,0.131,0.642,1.0,1.0,False,37.902,7.167,20.0,15.0,80.1,Good
2025-09-08,Hallin alapohja,0.14,0.656,1.0,1.0,False,37.754,6.889,20.0,15.0,79.6,Good
2025-09-09,Hallin alapohja,0.135,0.656,1.0,1.0,False,37.837,6.889,20.0,15.0,79.7,Good
2025-09-10,Hallin alapohja,0.13,0.664,1.0,1.0,False,37.922,6.722,20.0,15.0,79.6,Good
2025-09-11,Hallin alapohja,0.121,0.647,1.0,1.0,False,38.067,7.056,20.0,15.0,80.1,Good
2025-09-12,Hallin alapohja,0.129,0.656,1.0,1.0,False,37.939,6.889,20.0,15.0,79.8,Good
2025-09-13,Hallin alapohja,0.14,0.671,1.0,1.0,False,37.766,6.574,20.0,15.0,79.3,Good
2025-09-14,Hallin alapohja,0.156,0.688,1.0,1.0,False,37.507,6.24,20.0,15.0,78.7,Good
2025-09-15,Hallin alapohja,0.17,0.703,1.0,1.0,False,37.283,5.944,20.0,15.0,78.2,Good
2025-09-16,Hallin alapohja,0.183,0.717,1.0,1.0,False,37.073,5.667,20.0,15.0,77.7,Good
2025-09-17,Hallin alapohja,0.196,0.736,1.0,1.0,False,36.867,5.278,20.0,15.0,77.1,Good
2025-09-18,Hallin alapohja,0.206,0.758,1.0,1.0,False,36.698,4.833,20.0,15.0,76.5,Good
2025-09-19,Hallin alapohja,0.217,0.781,1.0,1.0,False,36.531,4.377,20.0,15.0,75.9,Good
2025-09-20,Hallin alapohja,0.232,0.801,1.0,1.0,False,36.28,3.989,20.0,15.0,75.3,Good
2025-09-21,Hallin alapohja,0.241,0.814,1.0,1.0,False,36.146,3.712,20.0,15.0,74.9,Good
2025-09-22,Hallin alapohja,0.236,0.823,1.0,1.0,False,36.223,3.546,20.0,15.0,74.8,Good
2025-09-23,Hallin alapohja,0.228,0.823,1.0,1.0,False,36.359,3.546,20.0,15.0,74.9,Good
2025-09-24,Hallin alapohja,0.218,0.814,1.0,1.0,False,36.513,3.712,20.0,15.0,75.2,Good
2025-09-25,Hallin alapohja,0.206,0.817,1.0,1.0,False,36.703,3.657,20.0,15.0,75.4,Good
2025-09-26,Hallin alapohja,0.201,0.825,1.0,1.0,False,36.78,3.49,20.0,15.0,75.3,Good
2025-09-27,Hallin alapohja,0.197,0.825,1.0,1.0,False,36.85,3.5,20.0,15.0,75.4,Good
2025-09-28,Hallin alapohja,0.19,0.811,1.0,1.0,False,36.968,3.778,20.0,15.0,75.7,Good
2025-09-29,Hallin alapohja,0.181,0.797,1.0,1.0,False,37.107,4.067,20.0,15.0,76.2,Good
2025-09-30,Hallin alapohja,0.171,0.774,1.0,1.0,False,37.256,4.513,20.0,15.0,76.8,Good
2025-10-01,Hallin alapohja,0.164,0.755,1.0,1.0,False,37.372,4.903,20.0,15.0,77.3,Good
2025-10-02,Hallin alapohja,0.157,0.744,1.0,1.0,False,37.493,5.125,20.0,15.0,77.6,Good
2025-10-03,Hallin alapohja,0.15,0.727,1.0,1.0,False,37.606,5.46,20.0,15.0,78.1,Good
2025-10-04,Hallin alapohja,0.148,0.724,1.0,1.0,False,37.636,5.515,20.0,15.0,78.2,Good
2025-10-05,Hallin alapohja,0.156,0.73,1.0,1.0,False,37.509,5.404,20.0,15.0,77.9,Good
2025-10-06,Hallin alapohja,0.169,0.729,1.0,1.0,False,37.296,5.419,20.0,15.0,77.7,Good
2025-10-07,Hallin alapohja,0.182,0.729,1.0,1.0,False,37.085,5.419,20.0,15.0,77.5,Good
2025-10-08,Hallin alapohja,0.196,0.731,1.0,1.0,False,36.863,5.378,20.0,15.0,77.2,Good
2025-10-09,Hallin alapohja,0.208,0.745,1.0,1.0,False,36.671,5.098,20.0,15.0,76.8,Good
2025-10-10,Hallin alapohja,0.21,0.753,1.0,1.0,False,36.647,4.944,20.0,15.0,76.6,Good
2025-10-11,Hallin alapohja,0.205,0.758,1.0,1.0,False,36.727,4.831,20.0,15.0,76.6,Good
2025-10-12,Hallin alapohja,0.195,0.758,1.0,1.0,False,36.873,4.831,20.0,15.0,76.7,Good
2025-10-13,Hallin alapohja,0.194,0.735,1.0,1.0,False,36.891,5.296,20.0,15.0,77.2,Good
2025-10-14,Hallin alapohja,0.196,0.732,1.0,1.0,False,36.858,5.352,20.0,15.0,77.2,Good
2025-10-15,Hallin alapohja,0.202,0.732,1.0,1.0,False,36.761,5.352,20.0,15.0,77.1,Good
2025-10-16,Hallin alapohja,0.197,0.715,1.0,1.0,False,36.852,5.706,20.0,15.0,77.6,Good
2025-10-17,Hallin alapohja,0.186,0.685,1.0,1.0,False,37.016,6.31,20.0,15.0,78.3,Good
2025-10-18,Hallin alapohja,0.177,0.651,1.0,1.0,False,37.166,6.986,20.0,15.0,79.2,Good
2025-10-19,Hallin alapohja,0.162,0.627,1.0,1.0,False,37.41,7.458,20.0,15.0,79.9,Good
2025-10-20,Hallin alapohja,0.16,0.614,1.0,1.0,False,37.444,7.718,20.0,15.0,80.2,Good
2025-10-21,Hallin alapohja,0.153,0.602,1.0,1.0,False,37.546,7.966,20.0,15.0,80.5,Good
2025-10-22,Hallin alapohja,0.155,0.613,1.0,1.0,False,37.524,7.74,20.0,15.0,80.3,Good
2025-10-23,Hallin alapohja,0.163,0.627,1.0,1.0,False,37.388,7.458,20.0,15.0,79.8,Good
2025-10-24,Hallin alapohja,0.174,0.65,1.0,1.0,False,37.216,7.006,20.0,15.0,79.2,Good
2025-10-25,Hallin alapohja,0.187,0.667,1.0,1.0,False,37.013,6.667,20.0,15.0,78.7,Good
2025-10-26,Hallin alapohja,0.198,0.677,1.0,1.0,False,36.829,6.459,20.0,15.0,78.3,Good
2025-10-27,Hallin alapohja,0.207,0.692,1.0,1.0,False,36.68,6.158,20.0,15.0,77.8,Good
2025-10-28,Hallin alapohja,0.216,0.706,1.0,1.0,False,36.551,5.876,20.0,15.0,77.4,Good
2025-10-29,Hallin alapohja,0.224,0.721,1.0,1.0,False,36.417,5.577,20.0,15.0,77.0,Good
2025-10-30,Hallin alapohja,0.232,0.744,1.0,1.0,False,36.29,5.127,20.0,15.0,76.4,Good
2025-10-31,Hallin alapohja,0.241,0.763,1.0,1.0,False,36.147,4.732,20.0,15.0,75.9,Good
2025-11-01,Hallin alapohja,0.249,0.775,1.0,1.0,False,36.019,4.507,20.0,15.0,75.5,Good
2025-11-02,Hallin alapohja,0.259,0.794,1.0,1.0,False,35.855,4.113,20.0,15.0,75.0,Good
2025-11-03,Hallin alapohja,0.27,0.8,1.0,1.0,False,35.68,4.0,20.0,15.0,74.7,Good
2025-11-04,Hallin alapohja,0.28,0.8,1.0,1.0,False,35.515,4.0,20.0,15.0,74.5,Good
2025-11-05,Hallin alapohja,0.294,0.801,1.0,1.0,False,35.302,3.989,20.0,15.0,74.3,Good
2025-11-06,Hallin alapohja,0.306,0.8,1.0,1.0,False,35.097,4.0,20.0,15.0,74.1,Good
2025-11-07,Hallin alapohja,0.319,0.801,1.0,1.0,False,34.895,3.989,20.0,15.0,73.9,Good
2025-11-08,Hallin alapohja,0.33,0.801,1.0,1.0,False,34.722,3.989,20.0,15.0,73.7,Good
2025-11-09,Hallin alapohja,0.339,0.807,1.0,1.0,False,34.573,3.866,20.0,15.0,73.4,Good
2025-11-10,Hallin alapohja,0.345,0.826,1.0,1.0,False,34.488,3.473,20.0,15.0,73.0,Good
2025-11-11,Hallin alapohja,0.352,0.841,1.0,1.0,False,34.37,3.184,20.0,15.0,72.6,Good
2025-11-12,Hallin alapohja,0.362,0.864,1.0,1.0,False,34.202,2.73,20.0,15.0,71.9,Good
2025-11-13,Hallin alapohja,0.373,0.866,1.0,1.0,False,34.038,2.674,20.0,15.0,71.7,Good
2025-11-14,Hallin alapohja,0.36,0.85,1.0,1.0,False,34.233,3.008,20.0,15.0,72.2,Good
2025-11-15,Hallin alapohja,0.353,0.833,1.0,1.0,False,34.36,3.343,20.0,15.0,72.7,Good
2025-11-16,Hallin alapohja,0.349,0.85,1.0,1.0,False,34.419,3.008,20.0,15.0,72.4,Good
2025-11-17,Hallin alapohja,0.342,0.866,1.0,1.0,False,34.535,2.674,20.0,15.0,72.2,Good
2025-11-18,Hallin alapohja,0.334,0.855,1.0,1.0,False,34.663,2.897,20.0,15.0,72.6,Good
2025-11-19,Hallin alapohja,0.318,0.838,1.0,1.0,False,34.919,3.231,20.0,15.0,73.2,Good
2025-11-20,Hallin alapohja,0.314,0.841,1.0,1.0,False,34.969,3.175,20.0,15.0,73.1,Good
2025-11-21,Hallin alapohja,0.302,0.825,1.0,1.0,False,35.173,3.51,20.0,15.0,73.7,Good
2025-11-22,Hallin alapohja,0.304,0.808,1.0,1.0,False,35.141,3.844,20.0,15.0,74.0,Good
2025-11-23,Hallin alapohja,0.311,0.807,1.0,1.0,False,35.026,3.855,20.0,15.0,73.9,Good
2025-11-24,Hallin alapohja,0.306,0.799,1.0,1.0,False,35.101,4.022,20.0,15.0,74.1,Good
2025-11-25,Hallin alapohja,0.3,0.765,1.0,1.0,False,35.207,4.693,20.0,15.0,74.9,Good
2025-11-26,Hallin alapohja,0.284,0.732,1.0,1.0,False,35.463,5.363,20.0,15.0,75.8,Good
2025-11-27,Hallin alapohja,0.274,0.709,1.0,1.0,False,35.611,5.81,20.0,15.0,76.4,Good
2025-11-28,Hallin alapohja,0.283,0.709,1.0,1.0,False,35.464,5.81,20.0,15.0,76.3,Good
2025-11-29,Hallin alapohja,0.292,0.709,1.0,1.0,False,35.321,5.81,20.0,15.0,76.1,Good
2025-11-30,Hallin alapohja,0.3,0.709,1.0,1.0,False,35.203,5.81,20.0,15.0,76.0,Good
2025-12-01,Hallin alapohja,0.306,0.709,1.0,1.0,False,35.107,5.81,20.0,15.0,75.9,Good
2025-12-02,Hallin alapohja,0.312,0.709,1.0,1.0,False,35.006,5.81,20.0,15.0,75.8,Good
2025-12-03,Hallin alapohja,0.319,0.709,1.0,1.0,False,34.903,5.81,20.0,15.0,75.7,Good
2025-12-04,Hallin alapohja,0.322,0.709,1.0,1.0,False,34.846,5.81,20.0,15.0,75.7,Good
2025-12-05,Hallin alapohja,0.328,0.709,1.0,1.0,False,34.745,5.81,20.0,15.0,75.6,Good
2025-12-06,Hallin alapohja,0.335,0.71,1.0,1.0,False,34.633,5.794,20.0,15.0,75.4,Good
2025-12-07,Hallin alapohja,0.34,0.71,1.0,1.0,False,34.554,5.794,20.0,15.0,75.3,Good
2025-12-08,Hallin alapohja,0.345,0.71,1.0,1.0,False,34.482,5.794,20.0,15.0,75.3,Good
2025-12-09,Hallin alapohja,0.352,0.709,1.0,1.0,False,34.363,5.826,20.0,15.0,75.2,Good
2025-12-10,Hallin alapohja,0.348,0.692,1.0,1.0,False,34.432,6.162,20.0,15.0,75.6,Good
2025-12-11,Hallin alapohja,0.352,0.689,1.0,1.0,False,34.367,6.218,20.0,15.0,75.6,Good
2025-12-12,Hallin alapohja,0.344,0.655,1.0,1.0,False,34.494,6.891,20.0,15.0,76.4,Good
2025-12-13,Hallin alapohja,0.328,0.622,1.0,1.0,False,34.75,7.563,20.0,15.0,77.3,Good
2025-12-14,Hallin alapohja,0.315,0.611,1.0,1.0,False,34.955,7.787,20.0,15.0,77.7,Good
2025-12-15,Hallin alapohja,0.322,0.641,1.0,1.0,False,34.849,7.171,20.0,15.0,77.0,Good
2025-12-16,Hallin alapohja,0.33,0.654,1.0,1.0,False,34.713,6.91,20.0,15.0,76.6,Good
2025-12-17,Hallin alapohja,0.339,0.671,1.0,1.0,False,34.583,6.573,20.0,15.0,76.2,Good
2025-12-18,Hallin alapohja,0.345,0.705,1.0,1.0,False,34.483,5.899,20.0,15.0,75.4,Good
2025-12-19,Hallin alapohja,0.353,0.739,1.0,1.0,False,34.347,5.225,20.0,15.0,74.6,Good
2025-12-20,Hallin alapohja,0.362,0.749,1.0,1.0,False,34.21,5.014,20.0,15.0,74.2,Good
2025-12-21,Hallin alapohja,0.364,0.766,1.0,1.0,False,34.181,4.676,20.0,15.0,73.9,Good
2025-12-22,Hallin alapohja,0.356,0.766,1.0,1.0,False,34.298,4.676,20.0,15.0,74.0,Good
2025-12-23,Hallin alapohja,0.35,0.734,1.0,1.0,False,34.405,5.322,20.0,15.0,74.7,Good
2025-12-24,Hallin alapohja,0.334,0.709,1.0,1.0,False,34.66,5.826,20.0,15.0,75.5,Good
2025-12-25,Hallin alapohja,0.339,0.742,1.0,1.0,False,34.577,5.154,20.0,15.0,74.7,Good
2025-12-26,Hallin alapohja,0.342,0.776,1.0,1.0,False,34.523,4.482,20.0,15.0,74.0,Good
2025-12-27,Hallin alapohja,0.336,0.79,1.0,1.0,False,34.624,4.202,20.0,15.0,73.8,Good
2025-12-28,Hallin alapohja,0.331,0.756,1.0,1.0,False,34.709,4.874,20.0,15.0,74.6,Good
2025-12-29,Hallin alapohja,0.315,0.723,1.0,1.0,False,34.965,5.546,20.0,15.0,75.5,Good
2025-12-30,Hallin alapohja,0.299,0.689,1.0,1.0,False,35.221,6.218,20.0,15.0,76.4,Good
2025-12-31,Hallin alapohja,0.283,0.655,1.0,1.0,False,35.478,6.891,20.0,15.0,77.4,Good
2026-01-01,Hallin alapohja,0.267,0.622,1.0,1.0,False,35.734,7.563,20.0,15.0,78.3,Good
2026-01-02,Hallin alapohja,0.251,0.588,1.0,1.0,False,35.99,8.235,20.0,15.0,79.2,Good
2026-01-03,Hallin alapohja,0.235,0.555,1.0,1.0,False,36.246,8.908,20.0,15.0,80.2,Good
2026-01-04,Hallin alapohja,0.219,0.521,1.0,1.0,False,36.502,9.58,20.0,15.0,81.1,Good
2026-01-05,Hallin alapohja,0.203,0.487,1.0,1.0,False,36.758,10.252,20.0,15.0,82.0,Good
2026-01-06,Hallin alapohja,0.187,0.454,1.0,1.0,False,37.014,10.924,20.0,15.0,82.9,Good
2026-01-07,Hallin alapohja,0.171,0.422,1.0,1.0,False,37.27,11.564,20.0,15.0,83.8,Good
2026-01-08,Hallin alapohja,0.155,0.39,1.0,1.0,False,37.526,12.201,20.0,15.0,84.7,Good
2026-01-09,Hallin alapohja,0.139,0.373,1.0,1.0,False,37.783,12.535,20.0,15.0,85.3,Certified dry
2026-01-10,Hallin alapohja,0.123,0.34,1.0,1.0,False,38.038,13.203,20.0,15.0,86.2,Certified dry
2026-01-11,Hallin alapohja,0.107,0.34,1.0,1.0,False,38.295,13.203,20.0,15.0,86.5,Certified dry
2026-01-12,Hallin alapohja,0.091,0.341,1.0,1.0,False,38.551,13.184,20.0,15.0,86.7,Certified dry
2026-01-13,Hallin alapohja,0.075,0.335,1.0,1.0,False,38.807,13.296,20.0,15.0,87.1,Certified dry
2026-01-14,Hallin alapohja,0.059,0.303,1.0,1.0,False,39.063,13.95,20.0,15.0,88.0,Certified dry
2026-01-15,Hallin alapohja,0.043,0.271,1.0,1.0,False,39.32,14.581,20.0,15.0,88.9,Certified dry
2026-01-16,Hallin alapohja,0.026,0.237,1.0,1.0,False,39.576,15.251,20.0,15.0,89.8,Certified dry
2026-01-17,Hallin alapohja,0.01,0.206,1.0,1.0,False,39.832,15.877,20.0,15.0,90.7,Certified dry
2026-01-18,Hallin alapohja,0.0,0.171,1.0,1.0,False,40.0,16.583,20.0,15.0,91.6,Certified dry
2026-01-19,Hallin alapohja,0.0,0.142,1.0,1.0,False,40.0,17.151,20.0,15.0,92.2,Certified dry
2026-01-20,Hallin alapohja,0.0,0.112,1.0,1.0,False,40.0,17.765,20.0,15.0,92.8,Certified dry
2026-01-21,Hallin alapohja,0.0,0.092,1.0,1.0,False,40.0,18.156,20.0,15.0,93.2,Certified dry
2026-01-22,Hallin alapohja,0.0,0.092,1.0,1.0,False,40.0,18.156,20.0,15.0,93.2,Certified dry
2026-01-23,Hallin alapohja,0.0,0.092,1.0,1.0,False,40.0,18.151,20.0,15.0,93.2,Certified dry
2026-01-24,Hallin alapohja,0.0,0.061,1.0,1.0,False,40.0,18.771,20.0,15.0,93.8,Certified dry
2026-01-25,Hallin alapohja,0.0,0.028,1.0,1.0,False,40.0,19.441,20.0,15.0,94.4,Certified dry
2026-01-26,Hallin alapohja,0.0,0.0,1.0,1.0,False,40.0,20.0,20.0,15.0,95.0,Certified dry
2026-01-27,Hallin alapohja,0.0,0.0,1.0,1.0,False,40.0,20.0,20.0,15.0,95.0,Certified dry
2026-01-28,Hallin alapohja,0.0,0.0,1.0,1.0,False,40.0,20.0,20.0,15.0,95.0,Certified dry
2026-01-29,Hallin alapohja,0.0,0.0,1.0,1.0,False,40.0,20.0,20.0,15.0,95.0,Certified dry
2026-01-30,Hallin alapohja,0.0,0.0,1.0,1.0,False,40.0,20.0,20.0,15.0,95.0,Certified dry
2026-01-31,Hallin alapohja,0.0,0.0,1.0,1.0,False,40.0,20.0,20.0,15.0,95.0,Certified dry
2026-02-01,Hallin alapohja,0.0,0.0,1.0,1.0,False,40.0,20.0,20.0,15.0,95.0,Certified dry
2026-02-02,Hallin alapohja,0.0,0.0,1.0,1.0,False,40.0,20.0,20.0,15.0,95.0,Certified dry
2026-02-03,Hallin alapohja,0.0,0.0,1.0,1.0,False,40.0,20.0,20.0,15.0,95.0,Certified dry
2026-02-04,Hallin alapohja,0.0,0.0,1.0,1.0,False,40.0,20.0,20.0,15.0,95.0,Certified dry
2026-02-05,Hallin alapohja,0.0,0.0,1.0,1.0,False,40.0,20.0,20.0,15.0,95.0,Certified dry
2026-02-06,Hallin alapohja,0.0,0.0,1.0,1.0,False,40.0,20.0,20.0,15.0,95.0,Certified dry
2026-02-07,Hallin alapohja,0.0,0.0,1.0,1.0,False,40.0,20.0,20.0,15.0,95.0,Certified dry
2026-02-08,Hallin alapohja,0.0,0.0,1.0,1.0,False,40.0,20.0,20.0,15.0,95.0,Certified dry
2026-02-09,Hallin alapohja,0.0,0.0,1.0,1.0,False,40.0,20.0,20.0,15.0,95.0,Certified dry
2026-02-10,Hallin alapohja,0.0,0.0,1.0,1.0,False,40.0,20.0,20.0,15.0,95.0,Certified dry
2026-02-11,Hallin alapohja,0.0,0.0,1.0,1.0,False,40.0,20.0,20.0,15.0,95.0,Certified dry
2026-02-12,Hallin alapohja,0.0,0.0,1.0,1.0,False,40.0,20.0,20.0,15.0,95.0,Certified dry
2026-02-13,Hallin alapohja,0.0,0.0,1.0,1.0,False,40.0,20.0,20.0,15.0,95.0,Certified dry
2026-02-14,Hallin alapohja,0.0,0.0,1.0,1.0,False,40.0,20.0,20.0,15.0,95.0,Certified dry
2026-02-15,Hallin alapohja,0.0,0.0,1.0,1.0,False,40.0,20.0,20.0,15.0,95.0,Certified dry
2026-02-16,Hallin alapohja,0.0,0.0,1.0,1.0,False,40.0,20.0,20.0,15.0,95.0,Certified dry
2026-02-17,Hallin alapohja,0.0,0.0,1.0,1.0,False,40.0,20.0,20.0,15.0,95.0,Certified dry
2026-02-18,Hallin alapohja,0.0,0.0,1.0,1.0,False,40.0,20.0,20.0,15.0,95.0,Certified dry
2026-02-19,Hallin alapohja,0.0,0.0,1.0,1.0,False,40.0,20.0,20.0,15.0,95.0,Certified dry
2026-02-20,Hallin alapohja,0.0,0.0,1.0,1.0,False,40.0,20.0,20.0,15.0,95.0,Certified dry
2026-02-21,Hallin alapohja,0.0,0.0,1.0,1.0,False,40.0,20.0,20.0,15.0,95.0,Certified dry
2026-02-22,Hallin alapohja,0.0,0.0,1.0,1.0,False,40.0,20.0,20.0,15.0,95.0,Certified dry
2026-02-23,Hallin alapohja,0.0,0.0,1.0,1.0,False,40.0,20.0,20.0,15.0,95.0,Certified dry
2026-02-24,Hallin alapohja,0.0,0.0,1.0,1.0,False,40.0,20.0,20.0,15.0,95.0,Certified dry
2026-02-25,Hallin alapohja,0.0,0.0,1.0,1.0,False,40.0,20.0,20.0,15.0,95.0,Certified dry
2026-02-26,Hallin alapohja,0.0,0.003,1.0,1.0,False,39.999,19.944,20.0,15.0,94.9,Certified dry
2026-02-27,Hallin alapohja,0.003,0.036,1.0,1.0,False,39.957,19.272,20.0,15.0,94.2,Certified dry
2026-02-28,Hallin alapohja,0.006,0.07,1.0,1.0,False,39.909,18.596,20.0,15.0,93.5,Certified dry
2026-03-01,Hallin alapohja,0.001,0.092,1.0,1.0,False,39.976,18.156,20.0,15.0,93.1,Certified dry
2026-03-02,Hallin alapohja,0.0,0.109,1.0,1.0,False,40.0,17.821,20.0,15.0,92.8,Certified dry
2026-03-03,Hallin alapohja,0.001,0.12,1.0,1.0,False,39.984,17.591,20.0,15.0,92.6,Certified dry
2026-03-04,Hallin alapohja,0.0,0.131,1.0,1.0,False,39.997,17.374,20.0,15.0,92.4,Certified dry
2026-03-05,Hallin alapohja,0.0,0.139,1.0,1.0,False,40.0,17.214,20.0,15.0,92.2,Certified dry
2026-03-06,Hallin alapohja,0.0,0.142,1.0,1.0,False,39.998,17.159,20.0,15.0,92.2,Certified dry
2026-03-07,Hallin alapohja,0.0,0.148,1.0,1.0,False,40.0,17.047,20.0,15.0,92.0,Certified dry
2026-03-08,Hallin alapohja,0.0,0.148,1.0,1.0,False,40.0,17.047,20.0,15.0,92.0,Certified dry
2026-03-09,Hallin alapohja,0.0,0.17,1.0,1.0,False,40.0,16.602,20.0,15.0,91.6,Certified dry
2026-03-10,Hallin alapohja,0.001,0.187,1.0,1.0,False,39.99,16.267,20.0,15.0,91.3,Certified dry
2026-03-11,Hallin alapohja,0.002,0.212,1.0,1.0,False,39.963,15.766,20.0,15.0,90.7,Certified dry
2026-03-12,Hallin alapohja,0.008,0.244,1.0,1.0,False,39.879,15.111,20.0,15.0,90.0,Certified dry
2026-03-13,Hallin alapohja,0.001,0.264,1.0,1.0,False,39.976,14.722,20.0,15.0,89.7,Certified dry
2026-03-14,Hallin alapohja,0.0,0.275,1.0,1.0,False,40.0,14.5,20.0,15.0,89.5,Certified dry
2026-03-15,Hallin alapohja,0.001,0.283,1.0,1.0,False,39.979,14.333,20.0,15.0,89.3,Certified dry
2026-03-16,Hallin alapohja,0.001,0.314,1.0,1.0,False,39.987,13.722,20.0,15.0,88.7,Certified dry
2026-03-17,Hallin alapohja,0.0,0.342,1.0,1.0,False,40.0,13.167,20.0,15.0,88.2,Certified dry
2026-03-18,Hallin alapohja,0.0,0.361,1.0,1.0,False,40.0,12.778,20.0,15.0,87.8,Certified dry
2026-03-19,Hallin alapohja,0.002,0.392,1.0,1.0,False,39.975,12.167,20.0,15.0,87.1,Certified dry
2026-03-20,Hallin alapohja,0.0,0.392,1.0,1.0,False,40.0,12.167,20.0,15.0,87.2,Certified dry
2026-03-21,Hallin alapohja,0.0,0.392,1.0,1.0,False,40.0,12.167,20.0,15.0,87.2,Certified dry
2026-03-22,Hallin alapohja,0.0,0.394,1.0,1.0,False,40.0,12.111,20.0,15.0,87.1,Certified dry
2026-03-23,Hallin alapohja,0.0,0.408,1.0,1.0,False,40.0,11.833,20.0,15.0,86.8,Certified dry
2026-03-24,Hallin alapohja,0.0,0.408,1.0,1.0,False,40.0,11.833,20.0,15.0,86.8,Certified dry
2026-03-25,Hallin alapohja,0.0,0.433,1.0,1.0,False,39.998,11.333,20.0,15.0,86.3,Certified dry
2026-03-26,Hallin alapohja,0.0,0.447,1.0,1.0,False,39.993,11.056,20.0,15.0,86.0,Certified dry
2026-03-27,Hallin alapohja,0.0,0.458,1.0,1.0,False,40.0,10.833,20.0,15.0,85.8,Certified dry
2026-03-28,Hallin alapohja,0.0,0.458,1.0,1.0,False,40.0,10.833,20.0,15.0,85.8,Certified dry
2026-03-29,Hallin alapohja,0.002,0.442,1.0,1.0,False,39.97,11.167,20.0,15.0,86.1,Certified dry
2026-03-30,Hallin alapohja,0.0,0.417,1.0,1.0,False,40.0,11.667,20.0,15.0,86.7,Certified dry
2026-03-31,Hallin alapohja,0.0,0.4,1.0,1.0,False,40.0,12.0,20.0,15.0,87.0,Certified dry
2026-04-01,Hallin alapohja,0.0,0.389,1.0,1.0,False,40.0,12.222,20.0,15.0,87.2,Certified dry
2026-04-02,Hallin alapohja,0.004,0.404,1.0,1.0,False,39.932,11.922,20.0,15.0,86.9,Certified dry
2026-04-03,Hallin alapohja,0.01,0.426,1.0,1.0,False,39.845,11.476,20.0,15.0,86.3,Certified dry
2026-04-04,Hallin alapohja,0.015,0.451,1.0,1.0,False,39.759,10.975,20.0,15.0,85.7,Certified dry
2026-04-05,Hallin alapohja,0.02,0.482,1.0,1.0,False,39.686,10.362,20.0,15.0,85.0,Certified dry
2026-04-06,Hallin alapohja,0.025,0.51,1.0,1.0,False,39.606,9.805,20.0,15.0,84.4,Good
2026-04-07,Hallin alapohja,0.019,0.529,1.0,1.0,False,39.698,9.415,20.0,15.0,84.1,Good
2026-04-08,Hallin alapohja,0.012,0.507,1.0,1.0,False,39.805,9.861,20.0,15.0,84.7,Good
2026-04-09,Hallin alapohja,0.0,0.493,1.0,1.0,False,40.0,10.139,20.0,15.0,85.1,Certified dry
2026-04-10,Hallin alapohja,0.0,0.466,1.0,1.0,False,40.0,10.67,20.0,15.0,85.7,Certified dry
2026-04-11,Hallin alapohja,0.0,0.435,1.0,1.0,False,40.0,11.309,20.0,15.0,86.3,Certified dry
2026-04-12,Hallin alapohja,0.0,0.415,1.0,1.0,False,40.0,11.699,20.0,15.0,86.7,Certified dry
2026-04-13,Hallin alapohja,0.0,0.401,1.0,1.0,False,40.0,11.978,20.0,15.0,87.0,Certified dry
2026-04-14,Hallin alapohja,0.0,0.396,1.0,1.0,False,40.0,12.089,20.0,15.0,87.1,Certified dry
2026-04-15,Hallin alapohja,0.0,0.365,1.0,1.0,False,40.0,12.702,20.0,15.0,87.7,Certified dry
2026-04-16,Hallin alapohja,0.0,0.338,1.0,1.0,False,40.0,13.24,20.0,15.0,88.2,Certified dry
2026-04-17,Hallin alapohja,0.0,0.324,1.0,1.0,False,40.0,13.52,20.0,15.0,88.5,Certified dry
2026-04-18,Hallin alapohja,0.0,0.293,1.0,1.0,False,40.0,14.134,20.0,15.0,89.1,Certified dry
2026-04-19,Hallin alapohja,0.0,0.294,1.0,1.0,False,40.0,14.118,20.0,15.0,89.1,Certified dry
2026-04-20,Hallin alapohja,0.0,0.294,1.0,1.0,False,40.0,14.118,20.0,15.0,89.1,Certified dry
2026-04-21,Hallin alapohja,0.0,0.291,1.0,1.0,False,40.0,14.174,20.0,15.0,89.2,Certified dry
2026-04-22,Hallin alapohja,0.0,0.277,1.0,1.0,False,40.0,14.454,20.0,15.0,89.5,Certified dry
2026-04-23,Hallin alapohja,0.0,0.277,1.0,1.0,False,40.0,14.454,20.0,15.0,89.5,Certified dry
2026-04-24,Hallin alapohja,0.0,0.252,1.0,1.0,False,40.0,14.958,20.0,15.0,90.0,Certified dry
2026-04-25,Hallin alapohja,0.0,0.244,1.0,1.0,False,40.0,15.126,20.0,15.0,90.1,Certified dry
2026-04-26,Hallin alapohja,0.0,0.232,1.0,1.0,False,40.0,15.35,20.0,15.0,90.4,Certified dry
2026-04-27,Hallin alapohja,0.0,0.23,1.0,1.0,False,40.0,15.406,20.0,15.0,90.4,Certified dry
2026-04-28,Hallin alapohja,0.0,0.213,1.0,1.0,False,40.0,15.742,20.0,15.0,90.7,Certified dry
2026-04-29,Hallin alapohja,0.0,0.204,1.0,1.0,False,40.0,15.91,20.0,15.0,90.9,Certified dry
2026-04-30,Hallin alapohja,0.0,0.199,1.0,1.0,False,40.0,16.022,20.0,15.0,91.0,Certified dry
2026-05-01,Hallin alapohja,0.0,0.193,1.0,1.0,False,40.0,16.134,20.0,15.0,91.1,Certified dry
2026-05-02,Hallin alapohja,0.0,0.168,1.0,1.0,False,40.0,16.648,20.0,15.0,91.6,Certified dry
2026-05-03,Hallin alapohja,0.0,0.134,1.0,1.0,False,40.0,17.318,20.0,15.0,92.3,Certified dry
2026-05-04,Hallin alapohja,0.001,0.115,1.0,1.0,False,39.979,17.709,20.0,15.0,92.7,Certified dry
2026-05-05,Hallin alapohja,0.0,0.089,1.0,1.0,False,40.0,18.212,20.0,15.0,93.2,Certified dry
2026-05-06,Hallin alapohja,0.0,0.056,1.0,1.0,False,40.0,18.88,20.0,15.0,93.9,Certified dry
2026-05-07,Hallin alapohja,0.0,0.036,1.0,1.0,False,40.0,19.272,20.0,15.0,94.3,Certified dry
2026-05-08,Hallin alapohja,0.0,0.036,1.0,1.0,False,40.0,19.272,20.0,15.0,94.3,Certified dry
2026-05-09,Hallin alapohja,0.0,0.036,1.0,1.0,False,40.0,19.274,20.0,15.0,94.3,Certified dry
2026-05-10,Hallin alapohja,0.0,0.036,1.0,1.0,False,40.0,19.274,20.0,15.0,94.3,Certified dry
2026-05-11,Hallin alapohja,0.0,0.036,1.0,1.0,False,40.0,19.272,20.0,15.0,94.3,Certified dry
2026-05-12,Hallin alapohja,0.0,0.039,1.0,1.0,False,40.0,19.216,20.0,15.0,94.2,Certified dry
2026-05-13,Hallin alapohja,0.003,0.059,1.0,1.0,False,39.954,18.824,20.0,15.0,93.8,Certified dry
2026-05-14,Hallin alapohja,0.0,0.07,1.0,1.0,False,40.0,18.599,20.0,15.0,93.6,Certified dry
2026-05-15,Hallin alapohja,0.0,0.076,1.0,1.0,False,40.0,18.487,20.0,15.0,93.5,Certified dry
2026-05-16,Hallin alapohja,0.0,0.073,1.0,1.0,False,40.0,18.547,20.0,15.0,93.5,Certified dry
2026-05-17,Hallin alapohja,0.0,0.073,1.0,1.0,False,40.0,18.547,20.0,15.0,93.5,Certified dry
2026-05-18,Hallin alapohja,0.0,0.073,1.0,1.0,False,40.0,18.543,20.0,15.0,93.5,Certified dry
2026-05-19,Hallin alapohja,0.0,0.087,1.0,1.0,False,39.995,18.263,20.0,15.0,93.3,Certified dry
2026-05-20,Hallin alapohja,0.0,0.104,1.0,1.0,False,39.993,17.927,20.0,15.0,92.9,Certified dry
2026-05-21,Hallin alapohja,0.001,0.123,1.0,1.0,False,39.992,17.542,20.0,15.0,92.5,Certified dry
2026-05-22,Hallin alapohja,0.003,0.148,1.0,1.0,False,39.954,17.039,20.0,15.0,92.0,Certified dry
2026-05-23,Hallin alapohja,0.0,0.159,1.0,1.0,False,39.993,16.816,20.0,15.0,91.8,Certified dry
2026-05-24,Hallin alapohja,0.0,0.165,1.0,1.0,False,40.0,16.704,20.0,15.0,91.7,Certified dry
2026-05-25,Hallin alapohja,0.0,0.159,1.0,1.0,False,40.0,16.816,20.0,15.0,91.8,Certified dry
2026-05-26,Hallin alapohja,0.0,0.159,1.0,1.0,False,40.0,16.816,20.0,15.0,91.8,Certified dry
2026-05-27,Hallin alapohja,0.0,0.159,1.0,1.0,False,40.0,16.816,20.0,15.0,91.8,Certified dry
2026-05-28,Hallin alapohja,0.0,0.159,1.0,1.0,False,40.0,16.816,20.0,15.0,91.8,Certified dry
2026-05-29,Hallin alapohja,0.0,0.159,1.0,1.0,False,40.0,16.816,20.0,15.0,91.8,Certified dry
2026-05-30,Hallin alapohja,0.0,0.159,1.0,1.0,False,40.0,16.816,20.0,15.0,91.8,Certified dry
2026-05-31,Hallin alapohja,0.0,0.17,1.0,1.0,False,40.0,16.592,20.0,15.0,91.6,Certified dry
2026-06-01,Hallin alapohja,0.0,0.176,1.0,1.0,False,40.0,16.48,20.0,15.0,91.5,Certified dry
2026-06-02,Hallin alapohja,0.0,0.179,1.0,1.0,False,40.0,16.425,20.0,15.0,91.4,Certified dry
2026-06-03,Hallin alapohja,0.0,0.17,1.0,1.0,False,40.0,16.592,20.0,15.0,91.6,Certified dry
2026-06-04,Hallin alapohja,0.0,0.165,1.0,1.0,False,40.0,16.704,20.0,15.0,91.7,Certified dry
2026-06-05,Hallin alapohja,0.001,0.189,1.0,1.0,False,39.979,16.212,20.0,15.0,91.2,Certified dry
2026-06-06,Hallin alapohja,0.017,0.221,1.0,1.0,False,39.726,15.587,20.0,15.0,90.3,Certified dry
2026-06-07,Hallin alapohja,0.014,0.235,1.0,1.0,False,39.777,15.307,20.0,15.0,90.1,Certified dry
2026-06-08,Hallin alapohja,0.007,0.24,1.0,1.0,False,39.894,15.196,20.0,15.0,90.1,Certified dry
2026-06-09,Hallin alapohja,0.004,0.263,1.0,1.0,False,39.934,14.749,20.0,15.0,89.7,Certified dry
2026-06-10,Hallin alapohja,0.002,0.276,1.0,1.0,False,39.975,14.485,20.0,15.0,89.5,Certified dry
2026-06-11,Hallin alapohja,0.003,0.287,1.0,1.0,False,39.958,14.262,20.0,15.0,89.2,Certified dry
2026-06-12,Hallin alapohja,0.0,0.29,1.0,1.0,False,39.994,14.206,20.0,15.0,89.2,Certified dry
2026-06-13,Hallin alapohja,0.006,0.302,1.0,1.0,False,39.911,13.966,20.0,15.0,88.9,Certified dry
2026-06-14,Hallin alapohja,0.006,0.321,1.0,1.0,False,39.908,13.575,20.0,15.0,88.5,Certified dry
2026-06-15,Hallin alapohja,0.016,0.355,1.0,1.0,False,39.749,12.905,20.0,15.0,87.7,Certified dry
2026-06-16,Hallin alapohja,0.01,0.359,1.0,1.0,False,39.845,12.829,20.0,15.0,87.7,Certified dry
2026-06-17,Hallin alapohja,0.018,0.391,1.0,1.0,False,39.716,12.179,20.0,15.0,86.9,Certified dry
2026-06-18,Hallin alapohja,0.008,0.385,1.0,1.0,False,39.88,12.291,20.0,15.0,87.2,Certified dry
2026-06-19,Hallin alapohja,0.0,0.374,1.0,1.0,False,40.0,12.514,20.0,15.0,87.5,Certified dry
2026-06-20,Hallin alapohja,0.0,0.36,1.0,1.0,False,39.997,12.793,20.0,15.0,87.8,Certified dry
2026-06-21,Hallin alapohja,0.0,0.344,1.0,1.0,False,40.0,13.128,20.0,15.0,88.1,Certified dry
2026-06-22,Hallin alapohja,0.0,0.331,1.0,1.0,False,40.0,13.389,20.0,15.0,88.4,Certified dry
2026-06-23,Hallin alapohja,0.0,0.322,1.0,1.0,False,40.0,13.557,20.0,15.0,88.6,Certified dry
2026-06-24,Hallin alapohja,0.0,0.336,1.0,1.0,False,39.998,13.277,20.0,15.0,88.3,Certified dry
2026-06-25,Hallin alapohja,0.001,0.347,1.0,1.0,False,39.99,13.053,20.0,15.0,88.0,Certified dry
2026-06-26,Hallin alapohja,0.001,0.361,1.0,1.0,False,39.991,12.773,20.0,15.0,87.8,Certified dry
2026-06-27,Hallin alapohja,0.0,0.371,1.0,1.0,False,40.0,12.584,20.0,15.0,87.6,Certified dry
2026-06-28,Hallin alapohja,0.003,0.388,1.0,1.0,False,39.949,12.247,20.0,15.0,87.2,Certified dry
2026-06-29,Hallin alapohja,0.0,0.396,1.0,1.0,False,40.0,12.079,20.0,15.0,87.1,Certified dry
2026-06-30,Hallin alapohja,0.0,0.39,1.0,1.0,False,40.0,12.191,20.0,15.0,87.2,Certified dry
2026-07-01,Hallin alapohja,0.0,0.385,1.0,1.0,False,40.0,12.303,20.0,15.0,87.3,Certified dry
2026-07-02,Hallin alapohja,0.003,0.404,1.0,1.0,False,39.956,11.91,20.0,15.0,86.9,Certified dry
2026-07-03,Hallin alapohja,0.014,0.435,1.0,1.0,False,39.78,11.292,20.0,15.0,86.1,Certified dry
2026-07-04,Hallin alapohja,0.019,0.461,1.0,1.0,False,39.693,10.787,20.0,15.0,85.5,Certified dry
2026-07-05,Hallin alapohja,0.034,0.472,1.0,1.0,False,39.455,10.562,20.0,15.0,85.0,Certified dry
2026-07-06,Hallin alapohja,0.033,0.465,1.0,1.0,False,39.477,10.7,20.0,15.0,85.2,Certified dry
2026-07-07,Hallin alapohja,0.044,0.485,1.0,1.0,False,39.3,10.308,20.0,15.0,84.6,Good
2026-07-08,Hallin alapohja,0.038,0.5,1.0,1.0,False,39.386,10.0,20.0,15.0,84.4,Good
2026-07-09,Hallin alapohja,0.046,0.514,1.0,1.0,False,39.264,9.719,20.0,15.0,84.0,Good
2026-07-10,Hallin alapohja,0.04,0.511,1.0,1.0,False,39.364,9.775,20.0,15.0,84.1,Good
2026-07-11,Hallin alapohja,0.034,0.511,1.0,1.0,False,39.457,9.775,20.0,15.0,84.2,Good
2026-07-12,Hallin alapohja,0.035,0.517,1.0,1.0,False,39.439,9.663,20.0,15.0,84.1,Good
2026-07-13,Hallin alapohja,0.036,0.521,1.0,1.0,False,39.419,9.58,20.0,15.0,84.0,Good
2026-07-14,Hallin alapohja,0.027,0.504,1.0,1.0,False,39.576,9.916,20.0,15.0,84.5,Good
2026-07-15,Hallin alapohja,0.019,0.476,1.0,1.0,False,39.692,10.476,20.0,15.0,85.2,Certified dry
2026-07-16,Hallin alapohja,0.007,0.469,1.0,1.0,False,39.883,10.615,20.0,15.0,85.5,Certified dry
2026-07-17,Hallin alapohja,0.0,0.444,1.0,1.0,False,39.999,11.117,20.0,15.0,86.1,Certified dry
2026-07-18,Hallin alapohja,0.002,0.45,1.0,1.0,False,39.962,11.006,20.0,15.0,86.0,Certified dry
2026-07-19,Hallin alapohja,0.001,0.466,1.0,1.0,False,39.988,10.67,20.0,15.0,85.7,Certified dry
2026-07-20,Hallin alapohja,0.0,0.472,1.0,1.0,False,40.0,10.559,20.0,15.0,85.6,Certified dry
2026-07-21,Hallin alapohja,0.002,0.482,1.0,1.0,False,39.973,10.364,20.0,15.0,85.3,Certified dry
2026-07-22,Hallin alapohja,0.0,0.494,1.0,1.0,False,39.999,10.112,20.0,15.0,85.1,Certified dry
2026-07-23,Hallin alapohja,0.002,0.52,1.0,1.0,False,39.969,9.609,20.0,15.0,84.6,Good
2026-07-24,Hallin alapohja,0.0,0.518,1.0,1.0,False,39.999,9.636,20.0,15.0,84.6,Good
2026-07-25,Hallin alapohja,0.004,0.535,1.0,1.0,False,39.931,9.296,20.0,15.0,84.2,Good
2026-07-26,Hallin alapohja,0.01,0.555,1.0,1.0,False,39.838,8.901,20.0,15.0,83.7,Good
2026-07-27,Hallin alapohja,0.019,0.573,1.0,1.0,False,39.696,8.539,20.0,15.0,83.2,Good
2026-07-28,Hallin alapohja,0.015,0.579,1.0,1.0,False,39.765,8.427,20.0,15.0,83.2,Good
2026-07-29,Hallin alapohja,0.007,0.579,1.0,1.0,False,39.895,8.427,20.0,15.0,83.3,Good
2026-07-30,Hallin alapohja,0.002,0.59,1.0,1.0,False,39.961,8.202,20.0,15.0,83.2,Good
2026-07-31,Hallin alapohja,0.006,0.612,1.0,1.0,False,39.898,7.753,20.0,15.0,82.7,Good
2026-08-01,Hallin alapohja,0.0,0.604,1.0,1.0,False,39.996,7.921,20.0,15.0,82.9,Good
2026-08-02,Hallin alapohja,0.0,0.583,1.0,1.0,False,39.993,8.338,20.0,15.0,83.3,Good
2026-08-03,Hallin alapohja,0.0,0.565,1.0,1.0,False,39.998,8.701,20.0,15.0,83.7,Good
2026-08-04,Hallin alapohja,0.0,0.547,1.0,1.0,False,39.993,9.065,20.0,15.0,84.1,Good
2026-08-05,Hallin alapohja,0.0,0.541,1.0,1.0,False,39.994,9.178,20.0,15.0,84.2,Good
2026-08-06,Hallin alapohja,0.002,0.527,1.0,1.0,False,39.971,9.462,20.0,15.0,84.4,Good
2026-08-07,Hallin alapohja,0.0,0.511,1.0,1.0,False,40.0,9.774,20.0,15.0,84.8,Good
2026-08-08,Hallin alapohja,0.0,0.489,1.0,1.0,False,39.999,10.226,20.0,15.0,85.2,Certified dry
2026-08-09,Hallin alapohja,0.001,0.494,1.0,1.0,False,39.984,10.113,20.0,15.0,85.1,Certified dry
2026-08-10,Hallin alapohja,0.007,0.503,1.0,1.0,False,39.893,9.944,20.0,15.0,84.8,Good
2026-08-11,Hallin alapohja,0.007,0.503,1.0,1.0,False,39.895,9.944,20.0,15.0,84.8,Good
2026-08-12,Hallin alapohja,0.0,0.484,1.0,1.0,False,39.998,10.312,20.0,15.0,85.3,Certified dry
2026-08-13,Hallin alapohja,0.0,0.487,1.0,1.0,False,39.997,10.255,20.0,15.0,85.3,Certified dry
2026-08-14,Hallin alapohja,0.001,0.497,1.0,1.0,False,39.98,10.057,20.0,15.0,85.0,Certified dry
2026-08-15,Hallin alapohja,0.0,0.511,1.0,1.0,False,39.994,9.773,20.0,15.0,84.8,Good
2026-08-16,Hallin alapohja,0.003,0.531,1.0,1.0,False,39.946,9.375,20.0,15.0,84.3,Good
2026-08-17,Hallin alapohja,0.0,0.534,1.0,1.0,False,39.992,9.318,20.0,15.0,84.3,Good
2026-08-18,Hallin alapohja,0.0,0.526,1.0,1.0,False,39.992,9.489,20.0,15.0,84.5,Good
2026-08-19,Hallin alapohja,0.0,0.528,1.0,1.0,False,39.999,9.432,20.0,15.0,84.4,Good
2026-08-20,Hallin alapohja,0.009,0.538,1.0,1.0,False,39.862,9.235,20.0,15.0,84.1,Good
2026-08-21,Hallin alapohja,0.007,0.544,1.0,1.0,False,39.894,9.122,20.0,15.0,84.0,Good
2026-08-22,Hallin alapohja,0.013,0.55,1.0,1.0,False,39.785,9.008,20.0,15.0,83.8,Good
2026-08-23,Hallin alapohja,0.028,0.571,1.0,1.0,False,39.558,8.588,20.0,15.0,83.1,Good
2026-08-24,Hallin alapohja,0.03,0.572,1.0,1.0,False,39.512,8.563,20.0,15.0,83.1,Good
2026-08-25,Hallin alapohja,0.026,0.555,1.0,1.0,False,39.579,8.901,20.0,15.0,83.5,Good
2026-08-26,Hallin alapohja,0.022,0.541,1.0,1.0,False,39.646,9.183,20.0,15.0,83.8,Good
2026-08-27,Hallin alapohja,0.014,0.535,1.0,1.0,False,39.774,9.296,20.0,15.0,84.1,Good
2026-08-28,Hallin alapohja,0.01,0.544,1.0,1.0,False,39.838,9.127,20.0,15.0,84.0,Good
2026-08-29,Hallin alapohja,0.004,0.544,1.0,1.0,False,39.937,9.127,20.0,15.0,84.1,Good
2026-08-30,Hallin alapohja,0.017,0.555,1.0,1.0,False,39.729,8.901,20.0,15.0,83.6,Good
2026-08-31,Hallin alapohja,0.035,0.577,1.0,1.0,False,39.436,8.451,20.0,15.0,82.9,Good
2026-09-01,Hallin alapohja,0.042,0.594,1.0,1.0,False,39.322,8.113,20.0,15.0,82.4,Good
2026-09-02,Hallin alapohja,0.041,0.601,1.0,1.0,False,39.336,7.978,20.0,15.0,82.3,Good
2026-09-03,Hallin alapohja,0.035,0.602,1.0,1.0,False,39.433,7.955,20.0,15.0,82.4,Good
2026-09-04,Hallin alapohja,0.032,0.605,1.0,1.0,False,39.484,7.899,20.0,15.0,82.4,Good
2026-09-05,Hallin alapohja,0.028,0.605,1.0,1.0,False,39.55,7.899,20.0,15.0,82.4,Good
2026-09-06,Hallin alapohja,0.02,0.605,1.0,1.0,False,39.675,7.899,20.0,15.0,82.6,Good
2026-09-07,Hallin alapohja,0.014,0.613,1.0,1.0,False,39.778,7.731,20.0,15.0,82.5,Good
2026-09-08,Hallin alapohja,0.028,0.63,1.0,1.0,False,39.547,7.395,20.0,15.0,81.9,Good
2026-09-09,Hallin alapohja,0.044,0.641,1.0,1.0,False,39.303,7.171,20.0,15.0,81.5,Good
2026-09-10,Hallin alapohja,0.051,0.647,1.0,1.0,False,39.189,7.059,20.0,15.0,81.2,Good
2026-09-11,Hallin alapohja,0.054,0.647,1.0,1.0,False,39.14,7.059,20.0,15.0,81.2,Good
